model,src,tgt,top1,mrr
sentence-transformers/LaBSE,albanian,asante,0.106,0.16256505829171813
sentence-transformers/LaBSE,albanian,assamese,0.875,0.9086927709401623
sentence-transformers/LaBSE,albanian,azeri,0.936,0.9557200792381823
sentence-transformers/LaBSE,albanian,bosnian-mihanovich,0.957,0.9696231193781
sentence-transformers/LaBSE,albanian,bosnian-rwwad,0.958,0.9709171099974403
sentence-transformers/LaBSE,albanian,chinese,0.911,0.9376710934982132
sentence-transformers/LaBSE,albanian,croatian,0.958,0.970451626895843
sentence-transformers/LaBSE,albanian,dutch,0.949,0.9669513328687241
sentence-transformers/LaBSE,albanian,english,0.96,0.9754726817042606
sentence-transformers/LaBSE,albanian,french,0.907,0.9316727124516572
sentence-transformers/LaBSE,albanian,german,0.94,0.9581473275535113
sentence-transformers/LaBSE,albanian,gujarati,0.906,0.9298649640191078
sentence-transformers/LaBSE,albanian,hausa,0.783,0.8291268196003613
sentence-transformers/LaBSE,albanian,indonesian,0.948,0.9654577809756382
sentence-transformers/LaBSE,albanian,japanese,0.917,0.9420265358398058
sentence-transformers/LaBSE,albanian,kannada,0.926,0.949279236473852
sentence-transformers/LaBSE,albanian,khmer,0.922,0.9435800456073328
sentence-transformers/LaBSE,albanian,kurdish,0.066,0.12487541452133752
sentence-transformers/LaBSE,albanian,kyrgyz,0.903,0.9317077614653606
sentence-transformers/LaBSE,albanian,lingala,0.128,0.19528584461913642
sentence-transformers/LaBSE,albanian,lithuanian,0.93,0.9503247710915508
sentence-transformers/LaBSE,albanian,macedonian,0.951,0.9662243381573581
sentence-transformers/LaBSE,albanian,malayalam,0.925,0.94862586755587
sentence-transformers/LaBSE,albanian,moore,0.06,0.10242726428474916
sentence-transformers/LaBSE,albanian,oromo,0.082,0.14364950575053542
sentence-transformers/LaBSE,albanian,pashto,0.804,0.8448963952583077
sentence-transformers/LaBSE,albanian,persian,0.936,0.9555692283936117
sentence-transformers/LaBSE,albanian,portuguese,0.945,0.9635416454928498
sentence-transformers/LaBSE,albanian,romanian,0.955,0.9690023366455599
sentence-transformers/LaBSE,albanian,serbian,0.956,0.9680686497785046
sentence-transformers/LaBSE,albanian,spanish,0.947,0.9630524547657363
sentence-transformers/LaBSE,albanian,tagalog,0.91,0.9340190708552168
sentence-transformers/LaBSE,albanian,tajik,0.872,0.908606714825022
sentence-transformers/LaBSE,albanian,tamil,0.922,0.9448458038611334
sentence-transformers/LaBSE,albanian,turkish,0.918,0.9429979208577091
sentence-transformers/LaBSE,albanian,urdu,0.928,0.9474232777187287
sentence-transformers/LaBSE,albanian,uyghur,0.872,0.9043548004017025
sentence-transformers/LaBSE,albanian,uzbek,0.849,0.887837738501421
sentence-transformers/LaBSE,albanian,vietnamese,0.926,0.9481430740759381
sentence-transformers/LaBSE,albanian,yoruba,0.545,0.6345318827607422
sentence-transformers/LaBSE,asante,albanian,0.101,0.1628892793255203
sentence-transformers/LaBSE,asante,assamese,0.05,0.10679019879175672
sentence-transformers/LaBSE,asante,azeri,0.113,0.17190371841490587
sentence-transformers/LaBSE,asante,bosnian-mihanovich,0.102,0.1618682718557701
sentence-transformers/LaBSE,asante,bosnian-rwwad,0.099,0.15760568238742986
sentence-transformers/LaBSE,asante,chinese,0.075,0.1356518110667185
sentence-transformers/LaBSE,asante,croatian,0.1,0.1608577346061393
sentence-transformers/LaBSE,asante,dutch,0.096,0.15534621960355122
sentence-transformers/LaBSE,asante,english,0.101,0.17692573819799504
sentence-transformers/LaBSE,asante,french,0.083,0.13410296493697468
sentence-transformers/LaBSE,asante,german,0.085,0.14190694414885535
sentence-transformers/LaBSE,asante,gujarati,0.058,0.11511369102550956
sentence-transformers/LaBSE,asante,hausa,0.066,0.12541738120645138
sentence-transformers/LaBSE,asante,indonesian,0.09,0.15256009701496362
sentence-transformers/LaBSE,asante,japanese,0.084,0.14559980460449812
sentence-transformers/LaBSE,asante,kannada,0.085,0.14493609762905835
sentence-transformers/LaBSE,asante,khmer,0.067,0.1218113910614038
sentence-transformers/LaBSE,asante,kurdish,0.037,0.06939233423892834
sentence-transformers/LaBSE,asante,kyrgyz,0.098,0.16208320775199878
sentence-transformers/LaBSE,asante,lingala,0.05,0.09976931866708628
sentence-transformers/LaBSE,asante,lithuanian,0.081,0.14672159655862305
sentence-transformers/LaBSE,asante,macedonian,0.079,0.13690222116508863
sentence-transformers/LaBSE,asante,malayalam,0.087,0.14010938990319766
sentence-transformers/LaBSE,asante,moore,0.076,0.1317238570066539
sentence-transformers/LaBSE,asante,oromo,0.084,0.1434662765335349
sentence-transformers/LaBSE,asante,pashto,0.068,0.12093694837183998
sentence-transformers/LaBSE,asante,persian,0.098,0.1653311226924449
sentence-transformers/LaBSE,asante,portuguese,0.103,0.1626234130093744
sentence-transformers/LaBSE,asante,romanian,0.108,0.17238842203076912
sentence-transformers/LaBSE,asante,serbian,0.099,0.1663433873354329
sentence-transformers/LaBSE,asante,spanish,0.082,0.14504072168392407
sentence-transformers/LaBSE,asante,tagalog,0.111,0.1739449974402849
sentence-transformers/LaBSE,asante,tajik,0.104,0.16689421751680697
sentence-transformers/LaBSE,asante,tamil,0.081,0.13653894845246528
sentence-transformers/LaBSE,asante,turkish,0.083,0.13956432185497547
sentence-transformers/LaBSE,asante,urdu,0.076,0.12802371230733803
sentence-transformers/LaBSE,asante,uyghur,0.077,0.13470522779604932
sentence-transformers/LaBSE,asante,uzbek,0.092,0.146288327845008
sentence-transformers/LaBSE,asante,vietnamese,0.098,0.160765045736358
sentence-transformers/LaBSE,asante,yoruba,0.071,0.1351842252304041
sentence-transformers/LaBSE,assamese,albanian,0.919,0.9442975487653257
sentence-transformers/LaBSE,assamese,asante,0.085,0.14667806004886916
sentence-transformers/LaBSE,assamese,azeri,0.914,0.9385594096517648
sentence-transformers/LaBSE,assamese,bosnian-mihanovich,0.926,0.9498465169689915
sentence-transformers/LaBSE,assamese,bosnian-rwwad,0.919,0.9440280420423209
sentence-transformers/LaBSE,assamese,chinese,0.901,0.9311310605080275
sentence-transformers/LaBSE,assamese,croatian,0.923,0.9463185281572871
sentence-transformers/LaBSE,assamese,dutch,0.924,0.9499112205564267
sentence-transformers/LaBSE,assamese,english,0.925,0.9518793419779611
sentence-transformers/LaBSE,assamese,french,0.848,0.8904102362128611
sentence-transformers/LaBSE,assamese,german,0.924,0.9477665147748242
sentence-transformers/LaBSE,assamese,gujarati,0.93,0.9532213666394046
sentence-transformers/LaBSE,assamese,hausa,0.8,0.8520448612024968
sentence-transformers/LaBSE,assamese,indonesian,0.934,0.9572365578403078
sentence-transformers/LaBSE,assamese,japanese,0.898,0.9293011272274855
sentence-transformers/LaBSE,assamese,kannada,0.939,0.960475359022978
sentence-transformers/LaBSE,assamese,khmer,0.909,0.9347056219312706
sentence-transformers/LaBSE,assamese,kurdish,0.078,0.1383796922428093
sentence-transformers/LaBSE,assamese,kyrgyz,0.854,0.8956545510122159
sentence-transformers/LaBSE,assamese,lingala,0.154,0.23075349149586252
sentence-transformers/LaBSE,assamese,lithuanian,0.908,0.9348315984668626
sentence-transformers/LaBSE,assamese,macedonian,0.899,0.9326319152309747
sentence-transformers/LaBSE,assamese,malayalam,0.93,0.9551303260100874
sentence-transformers/LaBSE,assamese,moore,0.061,0.11759137168310205
sentence-transformers/LaBSE,assamese,oromo,0.12,0.1885683920127733
sentence-transformers/LaBSE,assamese,pashto,0.859,0.8980252125063797
sentence-transformers/LaBSE,assamese,persian,0.93,0.9522256648303873
sentence-transformers/LaBSE,assamese,portuguese,0.921,0.9489182453596606
sentence-transformers/LaBSE,assamese,romanian,0.923,0.9444429724575267
sentence-transformers/LaBSE,assamese,serbian,0.919,0.9442379210653035
sentence-transformers/LaBSE,assamese,spanish,0.888,0.9253603173785887
sentence-transformers/LaBSE,assamese,tagalog,0.893,0.9213542702999102
sentence-transformers/LaBSE,assamese,tajik,0.871,0.9037515417699126
sentence-transformers/LaBSE,assamese,tamil,0.926,0.9497478751718358
sentence-transformers/LaBSE,assamese,turkish,0.919,0.945656581003207
sentence-transformers/LaBSE,assamese,urdu,0.923,0.9497286043449866
sentence-transformers/LaBSE,assamese,uyghur,0.839,0.8821741550396307
sentence-transformers/LaBSE,assamese,uzbek,0.858,0.8944437509961929
sentence-transformers/LaBSE,assamese,vietnamese,0.881,0.9188310091394558
sentence-transformers/LaBSE,assamese,yoruba,0.549,0.6482439259163727
sentence-transformers/LaBSE,azeri,albanian,0.935,0.9570254984256448
sentence-transformers/LaBSE,azeri,asante,0.108,0.16651248300111918
sentence-transformers/LaBSE,azeri,assamese,0.886,0.9144208498877411
sentence-transformers/LaBSE,azeri,bosnian-mihanovich,0.937,0.9561658460721913
sentence-transformers/LaBSE,azeri,bosnian-rwwad,0.934,0.953700667905737
sentence-transformers/LaBSE,azeri,chinese,0.901,0.9298329548037104
sentence-transformers/LaBSE,azeri,croatian,0.936,0.9541578224439268
sentence-transformers/LaBSE,azeri,dutch,0.951,0.9686714622425818
sentence-transformers/LaBSE,azeri,english,0.941,0.9632376724858123
sentence-transformers/LaBSE,azeri,french,0.874,0.9069475770380643
sentence-transformers/LaBSE,azeri,german,0.936,0.9552939706536345
sentence-transformers/LaBSE,azeri,gujarati,0.913,0.939277677451032
sentence-transformers/LaBSE,azeri,hausa,0.778,0.8311849103230077
sentence-transformers/LaBSE,azeri,indonesian,0.952,0.9680534147264357
sentence-transformers/LaBSE,azeri,japanese,0.92,0.9449521844854032
sentence-transformers/LaBSE,azeri,kannada,0.942,0.9615304999165782
sentence-transformers/LaBSE,azeri,khmer,0.919,0.9417343604173584
sentence-transformers/LaBSE,azeri,kurdish,0.071,0.12877299811400242
sentence-transformers/LaBSE,azeri,kyrgyz,0.92,0.9459903144613283
sentence-transformers/LaBSE,azeri,lingala,0.143,0.20352668836173826
sentence-transformers/LaBSE,azeri,lithuanian,0.919,0.9421230309766843
sentence-transformers/LaBSE,azeri,macedonian,0.924,0.9453106876257761
sentence-transformers/LaBSE,azeri,malayalam,0.941,0.9599249737635198
sentence-transformers/LaBSE,azeri,moore,0.051,0.10350557586044293
sentence-transformers/LaBSE,azeri,oromo,0.105,0.17277540848309722
sentence-transformers/LaBSE,azeri,pashto,0.824,0.8604034390766421
sentence-transformers/LaBSE,azeri,persian,0.949,0.967452524639371
sentence-transformers/LaBSE,azeri,portuguese,0.926,0.9514562148763399
sentence-transformers/LaBSE,azeri,romanian,0.928,0.9520381800538597
sentence-transformers/LaBSE,azeri,serbian,0.935,0.955266369267172
sentence-transformers/LaBSE,azeri,spanish,0.915,0.9427844287857101
sentence-transformers/LaBSE,azeri,tagalog,0.902,0.9329519347106441
sentence-transformers/LaBSE,azeri,tajik,0.884,0.9156488522337448
sentence-transformers/LaBSE,azeri,tamil,0.939,0.9590157629077867
sentence-transformers/LaBSE,azeri,turkish,0.956,0.9720636656950888
sentence-transformers/LaBSE,azeri,urdu,0.922,0.9465398779639743
sentence-transformers/LaBSE,azeri,uyghur,0.9,0.9257578099593867
sentence-transformers/LaBSE,azeri,uzbek,0.887,0.9164618353864135
sentence-transformers/LaBSE,azeri,vietnamese,0.915,0.9404352039081925
sentence-transformers/LaBSE,azeri,yoruba,0.557,0.6479423417189389
sentence-transformers/LaBSE,bosnian-mihanovich,albanian,0.956,0.971888808444812
sentence-transformers/LaBSE,bosnian-mihanovich,asante,0.092,0.14806175941523517
sentence-transformers/LaBSE,bosnian-mihanovich,assamese,0.914,0.9438214512633852
sentence-transformers/LaBSE,bosnian-mihanovich,azeri,0.948,0.9637897538734695
sentence-transformers/LaBSE,bosnian-mihanovich,bosnian-rwwad,0.989,0.9925166666666666
sentence-transformers/LaBSE,bosnian-mihanovich,chinese,0.92,0.9442087453132504
sentence-transformers/LaBSE,bosnian-mihanovich,croatian,0.99,0.9932277777777778
sentence-transformers/LaBSE,bosnian-mihanovich,dutch,0.953,0.9699662943687137
sentence-transformers/LaBSE,bosnian-mihanovich,english,0.958,0.972896858871859
sentence-transformers/LaBSE,bosnian-mihanovich,french,0.9,0.9294672059125405
sentence-transformers/LaBSE,bosnian-mihanovich,german,0.957,0.9717070843471848
sentence-transformers/LaBSE,bosnian-mihanovich,gujarati,0.921,0.9423426936526371
sentence-transformers/LaBSE,bosnian-mihanovich,hausa,0.813,0.8586919407314267
sentence-transformers/LaBSE,bosnian-mihanovich,indonesian,0.958,0.9715635243841128
sentence-transformers/LaBSE,bosnian-mihanovich,japanese,0.925,0.9466912063300856
sentence-transformers/LaBSE,bosnian-mihanovich,kannada,0.935,0.9564273453613482
sentence-transformers/LaBSE,bosnian-mihanovich,khmer,0.918,0.940940229776369
sentence-transformers/LaBSE,bosnian-mihanovich,kurdish,0.073,0.12852523110390707
sentence-transformers/LaBSE,bosnian-mihanovich,kyrgyz,0.902,0.9320700481032925
sentence-transformers/LaBSE,bosnian-mihanovich,lingala,0.124,0.19685809038759192
sentence-transformers/LaBSE,bosnian-mihanovich,lithuanian,0.935,0.9529991416361281
sentence-transformers/LaBSE,bosnian-mihanovich,macedonian,0.979,0.9860387692307693
sentence-transformers/LaBSE,bosnian-mihanovich,malayalam,0.933,0.954462454091092
sentence-transformers/LaBSE,bosnian-mihanovich,moore,0.067,0.11677547621629424
sentence-transformers/LaBSE,bosnian-mihanovich,oromo,0.079,0.14355503418029594
sentence-transformers/LaBSE,bosnian-mihanovich,pashto,0.841,0.8779167447876524
sentence-transformers/LaBSE,bosnian-mihanovich,persian,0.934,0.9545730823087731
sentence-transformers/LaBSE,bosnian-mihanovich,portuguese,0.949,0.9633941404879319
sentence-transformers/LaBSE,bosnian-mihanovich,romanian,0.951,0.96542489201303
sentence-transformers/LaBSE,bosnian-mihanovich,serbian,0.988,0.9922
sentence-transformers/LaBSE,bosnian-mihanovich,spanish,0.923,0.9492733793588033
sentence-transformers/LaBSE,bosnian-mihanovich,tagalog,0.922,0.9462202959582601
sentence-transformers/LaBSE,bosnian-mihanovich,tajik,0.873,0.9079113344770033
sentence-transformers/LaBSE,bosnian-mihanovich,tamil,0.934,0.9550654174242776
sentence-transformers/LaBSE,bosnian-mihanovich,turkish,0.934,0.9553544915950608
sentence-transformers/LaBSE,bosnian-mihanovich,urdu,0.936,0.9571217932718868
sentence-transformers/LaBSE,bosnian-mihanovich,uyghur,0.866,0.9022838659637157
sentence-transformers/LaBSE,bosnian-mihanovich,uzbek,0.885,0.9167431252333665
sentence-transformers/LaBSE,bosnian-mihanovich,vietnamese,0.927,0.9509402408761582
sentence-transformers/LaBSE,bosnian-mihanovich,yoruba,0.565,0.6616715588235429
sentence-transformers/LaBSE,bosnian-rwwad,albanian,0.957,0.9719515067993009
sentence-transformers/LaBSE,bosnian-rwwad,asante,0.089,0.14470609610928348
sentence-transformers/LaBSE,bosnian-rwwad,assamese,0.906,0.9374654483986082
sentence-transformers/LaBSE,bosnian-rwwad,azeri,0.945,0.9617200482914354
sentence-transformers/LaBSE,bosnian-rwwad,bosnian-mihanovich,0.99,0.9935333333333333
sentence-transformers/LaBSE,bosnian-rwwad,chinese,0.912,0.9389315840662038
sentence-transformers/LaBSE,bosnian-rwwad,croatian,0.994,0.99595
sentence-transformers/LaBSE,bosnian-rwwad,dutch,0.946,0.9649945518649853
sentence-transformers/LaBSE,bosnian-rwwad,english,0.963,0.9763242183742183
sentence-transformers/LaBSE,bosnian-rwwad,french,0.91,0.937544913602414
sentence-transformers/LaBSE,bosnian-rwwad,german,0.952,0.966882710832243
sentence-transformers/LaBSE,bosnian-rwwad,gujarati,0.913,0.9370516447736148
sentence-transformers/LaBSE,bosnian-rwwad,hausa,0.8,0.8475494824553802
sentence-transformers/LaBSE,bosnian-rwwad,indonesian,0.951,0.9683251444270338
sentence-transformers/LaBSE,bosnian-rwwad,japanese,0.914,0.9395928526101727
sentence-transformers/LaBSE,bosnian-rwwad,kannada,0.932,0.9533478837422917
sentence-transformers/LaBSE,bosnian-rwwad,khmer,0.915,0.9379471462329222
sentence-transformers/LaBSE,bosnian-rwwad,kurdish,0.074,0.12627924253109357
sentence-transformers/LaBSE,bosnian-rwwad,kyrgyz,0.899,0.9314756653828478
sentence-transformers/LaBSE,bosnian-rwwad,lingala,0.122,0.19542253795391384
sentence-transformers/LaBSE,bosnian-rwwad,lithuanian,0.929,0.9500485549397595
sentence-transformers/LaBSE,bosnian-rwwad,macedonian,0.981,0.9876838556505222
sentence-transformers/LaBSE,bosnian-rwwad,malayalam,0.927,0.9480891646057744
sentence-transformers/LaBSE,bosnian-rwwad,moore,0.067,0.1148256564213083
sentence-transformers/LaBSE,bosnian-rwwad,oromo,0.074,0.13841971866253083
sentence-transformers/LaBSE,bosnian-rwwad,pashto,0.825,0.8663571666265432
sentence-transformers/LaBSE,bosnian-rwwad,persian,0.932,0.9540820672031632
sentence-transformers/LaBSE,bosnian-rwwad,portuguese,0.943,0.9590883003041446
sentence-transformers/LaBSE,bosnian-rwwad,romanian,0.95,0.9659808652135323
sentence-transformers/LaBSE,bosnian-rwwad,serbian,0.989,0.9937833333333334
sentence-transformers/LaBSE,bosnian-rwwad,spanish,0.93,0.952748815336417
sentence-transformers/LaBSE,bosnian-rwwad,tagalog,0.911,0.9375447254238931
sentence-transformers/LaBSE,bosnian-rwwad,tajik,0.873,0.9066351440274557
sentence-transformers/LaBSE,bosnian-rwwad,tamil,0.928,0.9516841856307527
sentence-transformers/LaBSE,bosnian-rwwad,turkish,0.927,0.9506181658529151
sentence-transformers/LaBSE,bosnian-rwwad,urdu,0.924,0.948978230547533
sentence-transformers/LaBSE,bosnian-rwwad,uyghur,0.854,0.8920774201590363
sentence-transformers/LaBSE,bosnian-rwwad,uzbek,0.881,0.9126472233213
sentence-transformers/LaBSE,bosnian-rwwad,vietnamese,0.926,0.9490373680498133
sentence-transformers/LaBSE,bosnian-rwwad,yoruba,0.543,0.6414142789169116
sentence-transformers/LaBSE,chinese,albanian,0.939,0.9605153056741015
sentence-transformers/LaBSE,chinese,asante,0.087,0.14954310715843672
sentence-transformers/LaBSE,chinese,assamese,0.902,0.935341823579012
sentence-transformers/LaBSE,chinese,azeri,0.926,0.9498172688500254
sentence-transformers/LaBSE,chinese,bosnian-mihanovich,0.936,0.9570871990334178
sentence-transformers/LaBSE,chinese,bosnian-rwwad,0.93,0.9534871714119495
sentence-transformers/LaBSE,chinese,croatian,0.932,0.9542528645648571
sentence-transformers/LaBSE,chinese,dutch,0.928,0.9526188694037888
sentence-transformers/LaBSE,chinese,english,0.939,0.9622264934160908
sentence-transformers/LaBSE,chinese,french,0.89,0.9227670402223784
sentence-transformers/LaBSE,chinese,german,0.936,0.9545356224891948
sentence-transformers/LaBSE,chinese,gujarati,0.889,0.923774166631362
sentence-transformers/LaBSE,chinese,hausa,0.809,0.8571373269466116
sentence-transformers/LaBSE,chinese,indonesian,0.945,0.965724519894519
sentence-transformers/LaBSE,chinese,japanese,0.933,0.955931766468276
sentence-transformers/LaBSE,chinese,kannada,0.932,0.9563507837200805
sentence-transformers/LaBSE,chinese,khmer,0.924,0.9469796887269476
sentence-transformers/LaBSE,chinese,kurdish,0.078,0.13415143054175716
sentence-transformers/LaBSE,chinese,kyrgyz,0.885,0.9218480006243018
sentence-transformers/LaBSE,chinese,lingala,0.139,0.20289416990822276
sentence-transformers/LaBSE,chinese,lithuanian,0.895,0.9290419597426701
sentence-transformers/LaBSE,chinese,macedonian,0.921,0.9498815652150933
sentence-transformers/LaBSE,chinese,malayalam,0.93,0.9512682151343963
sentence-transformers/LaBSE,chinese,moore,0.069,0.12394045604024644
sentence-transformers/LaBSE,chinese,oromo,0.085,0.1545582933826325
sentence-transformers/LaBSE,chinese,pashto,0.826,0.8716280708443361
sentence-transformers/LaBSE,chinese,persian,0.922,0.9503233203109941
sentence-transformers/LaBSE,chinese,portuguese,0.935,0.9576431489098429
sentence-transformers/LaBSE,chinese,romanian,0.927,0.9511965121026651
sentence-transformers/LaBSE,chinese,serbian,0.929,0.9527324870865534
sentence-transformers/LaBSE,chinese,spanish,0.913,0.9394787990653255
sentence-transformers/LaBSE,chinese,tagalog,0.902,0.9349559213044235
sentence-transformers/LaBSE,chinese,tajik,0.843,0.886609100569482
sentence-transformers/LaBSE,chinese,tamil,0.928,0.9528343275742873
sentence-transformers/LaBSE,chinese,turkish,0.929,0.9536788018868028
sentence-transformers/LaBSE,chinese,urdu,0.919,0.9469713763593004
sentence-transformers/LaBSE,chinese,uyghur,0.885,0.9158865108216532
sentence-transformers/LaBSE,chinese,uzbek,0.887,0.9189228664268834
sentence-transformers/LaBSE,chinese,vietnamese,0.926,0.9525606646869382
sentence-transformers/LaBSE,chinese,yoruba,0.559,0.6498682714336781
sentence-transformers/LaBSE,croatian,albanian,0.958,0.9723723371617489
sentence-transformers/LaBSE,croatian,asante,0.098,0.15110928812755473
sentence-transformers/LaBSE,croatian,assamese,0.902,0.9334033864989977
sentence-transformers/LaBSE,croatian,azeri,0.945,0.9612323265994532
sentence-transformers/LaBSE,croatian,bosnian-mihanovich,0.99,0.99345
sentence-transformers/LaBSE,croatian,bosnian-rwwad,0.994,0.99595
sentence-transformers/LaBSE,croatian,chinese,0.91,0.9390252159941416
sentence-transformers/LaBSE,croatian,dutch,0.947,0.9650611659582248
sentence-transformers/LaBSE,croatian,english,0.961,0.9761928081178081
sentence-transformers/LaBSE,croatian,french,0.906,0.9349142635223096
sentence-transformers/LaBSE,croatian,german,0.951,0.9656426914409034
sentence-transformers/LaBSE,croatian,gujarati,0.91,0.9340590120806552
sentence-transformers/LaBSE,croatian,hausa,0.794,0.842754295949473
sentence-transformers/LaBSE,croatian,indonesian,0.949,0.9675719730532555
sentence-transformers/LaBSE,croatian,japanese,0.911,0.9379666936339691
sentence-transformers/LaBSE,croatian,kannada,0.931,0.9526776154191503
sentence-transformers/LaBSE,croatian,khmer,0.912,0.9355942433822327
sentence-transformers/LaBSE,croatian,kurdish,0.074,0.12775820770376864
sentence-transformers/LaBSE,croatian,kyrgyz,0.897,0.929908222776311
sentence-transformers/LaBSE,croatian,lingala,0.122,0.1916231831443926
sentence-transformers/LaBSE,croatian,lithuanian,0.927,0.9488043848445226
sentence-transformers/LaBSE,croatian,macedonian,0.978,0.9857463556505223
sentence-transformers/LaBSE,croatian,malayalam,0.928,0.9492728089608943
sentence-transformers/LaBSE,croatian,moore,0.058,0.10649659124945185
sentence-transformers/LaBSE,croatian,oromo,0.074,0.13652600722413308
sentence-transformers/LaBSE,croatian,pashto,0.824,0.8643279261247069
sentence-transformers/LaBSE,croatian,persian,0.93,0.9523477633092409
sentence-transformers/LaBSE,croatian,portuguese,0.942,0.9593001674424135
sentence-transformers/LaBSE,croatian,romanian,0.95,0.9653426530351111
sentence-transformers/LaBSE,croatian,serbian,0.989,0.99345
sentence-transformers/LaBSE,croatian,spanish,0.93,0.9530988798917447
sentence-transformers/LaBSE,croatian,tagalog,0.913,0.9384662392146192
sentence-transformers/LaBSE,croatian,tajik,0.873,0.9047563821601219
sentence-transformers/LaBSE,croatian,tamil,0.928,0.9509806627014719
sentence-transformers/LaBSE,croatian,turkish,0.922,0.9470323892079037
sentence-transformers/LaBSE,croatian,urdu,0.925,0.9488838285191897
sentence-transformers/LaBSE,croatian,uyghur,0.851,0.8894921724421758
sentence-transformers/LaBSE,croatian,uzbek,0.875,0.9080920208774305
sentence-transformers/LaBSE,croatian,vietnamese,0.925,0.9472533816744879
sentence-transformers/LaBSE,croatian,yoruba,0.532,0.6321349427754326
sentence-transformers/LaBSE,dutch,albanian,0.94,0.9601867203933336
sentence-transformers/LaBSE,dutch,asante,0.102,0.15470163508178533
sentence-transformers/LaBSE,dutch,assamese,0.879,0.9165121890480665
sentence-transformers/LaBSE,dutch,azeri,0.929,0.9493672768750112
sentence-transformers/LaBSE,dutch,bosnian-mihanovich,0.933,0.9524779910266024
sentence-transformers/LaBSE,dutch,bosnian-rwwad,0.93,0.9508591009833655
sentence-transformers/LaBSE,dutch,chinese,0.892,0.9233595619325832
sentence-transformers/LaBSE,dutch,croatian,0.931,0.9517705759161165
sentence-transformers/LaBSE,dutch,english,0.95,0.9677678325335302
sentence-transformers/LaBSE,dutch,french,0.896,0.9252002388186418
sentence-transformers/LaBSE,dutch,german,0.938,0.9543259734382711
sentence-transformers/LaBSE,dutch,gujarati,0.898,0.9257660595990167
sentence-transformers/LaBSE,dutch,hausa,0.799,0.8431955043152243
sentence-transformers/LaBSE,dutch,indonesian,0.947,0.9625490290601008
sentence-transformers/LaBSE,dutch,japanese,0.924,0.9440062086719878
sentence-transformers/LaBSE,dutch,kannada,0.93,0.9492232216082707
sentence-transformers/LaBSE,dutch,khmer,0.929,0.9490151676950285
sentence-transformers/LaBSE,dutch,kurdish,0.065,0.12085088183603028
sentence-transformers/LaBSE,dutch,kyrgyz,0.886,0.920008552118293
sentence-transformers/LaBSE,dutch,lingala,0.139,0.19916236285700137
sentence-transformers/LaBSE,dutch,lithuanian,0.956,0.9693782926376286
sentence-transformers/LaBSE,dutch,macedonian,0.924,0.9455860948477941
sentence-transformers/LaBSE,dutch,malayalam,0.931,0.9504136660968574
sentence-transformers/LaBSE,dutch,moore,0.055,0.09926905968730827
sentence-transformers/LaBSE,dutch,oromo,0.082,0.1377926114533631
sentence-transformers/LaBSE,dutch,pashto,0.813,0.8551123247291298
sentence-transformers/LaBSE,dutch,persian,0.94,0.955805105369589
sentence-transformers/LaBSE,dutch,portuguese,0.946,0.9633099086139972
sentence-transformers/LaBSE,dutch,romanian,0.948,0.9645030474045859
sentence-transformers/LaBSE,dutch,serbian,0.933,0.9510604297239529
sentence-transformers/LaBSE,dutch,spanish,0.938,0.9596478011714467
sentence-transformers/LaBSE,dutch,tagalog,0.911,0.9363543874733836
sentence-transformers/LaBSE,dutch,tajik,0.858,0.8953658047697475
sentence-transformers/LaBSE,dutch,tamil,0.939,0.9591456237168313
sentence-transformers/LaBSE,dutch,turkish,0.927,0.949943748191559
sentence-transformers/LaBSE,dutch,urdu,0.92,0.9423076477525223
sentence-transformers/LaBSE,dutch,uyghur,0.852,0.8882069707645288
sentence-transformers/LaBSE,dutch,uzbek,0.846,0.883078184206155
sentence-transformers/LaBSE,dutch,vietnamese,0.936,0.9549560642761726
sentence-transformers/LaBSE,dutch,yoruba,0.554,0.6385341666236308
sentence-transformers/LaBSE,english,albanian,0.965,0.9781702697667487
sentence-transformers/LaBSE,english,asante,0.128,0.20219440995495389
sentence-transformers/LaBSE,english,assamese,0.944,0.961469754475046
sentence-transformers/LaBSE,english,azeri,0.949,0.9685893614429328
sentence-transformers/LaBSE,english,bosnian-mihanovich,0.964,0.9769033940676182
sentence-transformers/LaBSE,english,bosnian-rwwad,0.96,0.9740666972162663
sentence-transformers/LaBSE,english,chinese,0.937,0.955493078434549
sentence-transformers/LaBSE,english,croatian,0.959,0.9735733232816567
sentence-transformers/LaBSE,english,dutch,0.962,0.9746010618743942
sentence-transformers/LaBSE,english,french,0.934,0.9541239859428042
sentence-transformers/LaBSE,english,german,0.964,0.9754791729680738
sentence-transformers/LaBSE,english,gujarati,0.929,0.9499398317890207
sentence-transformers/LaBSE,english,hausa,0.86,0.8926734169194033
sentence-transformers/LaBSE,english,indonesian,0.969,0.981180196886447
sentence-transformers/LaBSE,english,japanese,0.962,0.9744974775511644
sentence-transformers/LaBSE,english,kannada,0.957,0.971471875129288
sentence-transformers/LaBSE,english,khmer,0.946,0.961851944590842
sentence-transformers/LaBSE,english,kurdish,0.097,0.16068599008433013
sentence-transformers/LaBSE,english,kyrgyz,0.904,0.9365439585691584
sentence-transformers/LaBSE,english,lingala,0.167,0.24004880570024073
sentence-transformers/LaBSE,english,lithuanian,0.956,0.9723394756304076
sentence-transformers/LaBSE,english,macedonian,0.944,0.9632483405483406
sentence-transformers/LaBSE,english,malayalam,0.958,0.9719663852389562
sentence-transformers/LaBSE,english,moore,0.084,0.1397231773273341
sentence-transformers/LaBSE,english,oromo,0.115,0.18523180559365057
sentence-transformers/LaBSE,english,pashto,0.885,0.9152992688484581
sentence-transformers/LaBSE,english,persian,0.956,0.9716942377352548
sentence-transformers/LaBSE,english,portuguese,0.965,0.9774196631284092
sentence-transformers/LaBSE,english,romanian,0.965,0.9774902307145087
sentence-transformers/LaBSE,english,serbian,0.956,0.97115825
sentence-transformers/LaBSE,english,spanish,0.946,0.9659429767929661
sentence-transformers/LaBSE,english,tagalog,0.939,0.9603442338779391
sentence-transformers/LaBSE,english,tajik,0.914,0.9381955171562262
sentence-transformers/LaBSE,english,tamil,0.95,0.9681816584938819
sentence-transformers/LaBSE,english,turkish,0.956,0.9708548001260803
sentence-transformers/LaBSE,english,urdu,0.944,0.9616590137442165
sentence-transformers/LaBSE,english,uyghur,0.894,0.9234066502257131
sentence-transformers/LaBSE,english,uzbek,0.906,0.933398861460333
sentence-transformers/LaBSE,english,vietnamese,0.953,0.9683377164038756
sentence-transformers/LaBSE,english,yoruba,0.676,0.7472047647432444
sentence-transformers/LaBSE,french,albanian,0.918,0.9425259066311522
sentence-transformers/LaBSE,french,asante,0.068,0.11762416190031988
sentence-transformers/LaBSE,french,assamese,0.818,0.863971335135468
sentence-transformers/LaBSE,french,azeri,0.895,0.9237452071085054
sentence-transformers/LaBSE,french,bosnian-mihanovich,0.9,0.9263939521659895
sentence-transformers/LaBSE,french,bosnian-rwwad,0.903,0.9302506627102779
sentence-transformers/LaBSE,french,chinese,0.862,0.8987960053087718
sentence-transformers/LaBSE,french,croatian,0.902,0.9296034530124369
sentence-transformers/LaBSE,french,dutch,0.921,0.9462260156484228
sentence-transformers/LaBSE,french,english,0.935,0.952900572361306
sentence-transformers/LaBSE,french,german,0.9,0.9271862628735426
sentence-transformers/LaBSE,french,gujarati,0.909,0.9345912277206735
sentence-transformers/LaBSE,french,hausa,0.718,0.7781509262948828
sentence-transformers/LaBSE,french,indonesian,0.921,0.9440476930338616
sentence-transformers/LaBSE,french,japanese,0.881,0.9156996024621082
sentence-transformers/LaBSE,french,kannada,0.892,0.9203956057349231
sentence-transformers/LaBSE,french,khmer,0.874,0.9055314459867718
sentence-transformers/LaBSE,french,kurdish,0.054,0.10215582106223374
sentence-transformers/LaBSE,french,kyrgyz,0.851,0.892803361805016
sentence-transformers/LaBSE,french,lingala,0.122,0.18649724013461338
sentence-transformers/LaBSE,french,lithuanian,0.97,0.9801736930641822
sentence-transformers/LaBSE,french,macedonian,0.971,0.9801154838017214
sentence-transformers/LaBSE,french,malayalam,0.874,0.9077043379259883
sentence-transformers/LaBSE,french,moore,0.054,0.09168692647610639
sentence-transformers/LaBSE,french,oromo,0.061,0.11289352051656601
sentence-transformers/LaBSE,french,pashto,0.742,0.79737817468657
sentence-transformers/LaBSE,french,persian,0.899,0.9296034034944463
sentence-transformers/LaBSE,french,portuguese,0.904,0.9324444705542357
sentence-transformers/LaBSE,french,romanian,0.907,0.9318384048189541
sentence-transformers/LaBSE,french,serbian,0.912,0.9325723620468166
sentence-transformers/LaBSE,french,spanish,0.924,0.948292123068584
sentence-transformers/LaBSE,french,tagalog,0.85,0.8843802497596129
sentence-transformers/LaBSE,french,tajik,0.824,0.8633705599630496
sentence-transformers/LaBSE,french,tamil,0.881,0.9165523915570565
sentence-transformers/LaBSE,french,turkish,0.878,0.9114151880028359
sentence-transformers/LaBSE,french,urdu,0.889,0.917177721074861
sentence-transformers/LaBSE,french,uyghur,0.933,0.9539018393033579
sentence-transformers/LaBSE,french,uzbek,0.791,0.8421445073657583
sentence-transformers/LaBSE,french,vietnamese,0.888,0.9216677918148369
sentence-transformers/LaBSE,french,yoruba,0.483,0.5742689054693542
sentence-transformers/LaBSE,german,albanian,0.946,0.9627814170129387
sentence-transformers/LaBSE,german,asante,0.09,0.14230456389996163
sentence-transformers/LaBSE,german,assamese,0.912,0.9360892347277213
sentence-transformers/LaBSE,german,azeri,0.943,0.9603172324799784
sentence-transformers/LaBSE,german,bosnian-mihanovich,0.955,0.968077189609195
sentence-transformers/LaBSE,german,bosnian-rwwad,0.943,0.9618080569948204
sentence-transformers/LaBSE,german,chinese,0.911,0.9366493601010094
sentence-transformers/LaBSE,german,croatian,0.948,0.9639512027832309
sentence-transformers/LaBSE,german,dutch,0.955,0.9699843223443445
sentence-transformers/LaBSE,german,english,0.962,0.9752307836554647
sentence-transformers/LaBSE,german,french,0.891,0.9223896793459694
sentence-transformers/LaBSE,german,gujarati,0.912,0.937694325444028
sentence-transformers/LaBSE,german,hausa,0.848,0.8818348207646015
sentence-transformers/LaBSE,german,indonesian,0.956,0.9702936487123986
sentence-transformers/LaBSE,german,japanese,0.931,0.9533115259441893
sentence-transformers/LaBSE,german,kannada,0.936,0.9561455534157669
sentence-transformers/LaBSE,german,khmer,0.924,0.9459059557734844
sentence-transformers/LaBSE,german,kurdish,0.072,0.12716146503556489
sentence-transformers/LaBSE,german,kyrgyz,0.897,0.9292175962692589
sentence-transformers/LaBSE,german,lingala,0.153,0.2220536402370676
sentence-transformers/LaBSE,german,lithuanian,0.927,0.9488792162787605
sentence-transformers/LaBSE,german,macedonian,0.934,0.9537343584996376
sentence-transformers/LaBSE,german,malayalam,0.951,0.9641753783031738
sentence-transformers/LaBSE,german,moore,0.061,0.10874947342125958
sentence-transformers/LaBSE,german,oromo,0.09,0.14177929296469913
sentence-transformers/LaBSE,german,pashto,0.847,0.8854201186731229
sentence-transformers/LaBSE,german,persian,0.938,0.9565592613257539
sentence-transformers/LaBSE,german,portuguese,0.961,0.9740264476291592
sentence-transformers/LaBSE,german,romanian,0.959,0.9714432325425303
sentence-transformers/LaBSE,german,serbian,0.941,0.958494299360728
sentence-transformers/LaBSE,german,spanish,0.922,0.9478792012546251
sentence-transformers/LaBSE,german,tagalog,0.928,0.9492959349410799
sentence-transformers/LaBSE,german,tajik,0.889,0.9165898902075751
sentence-transformers/LaBSE,german,tamil,0.947,0.9624434392225578
sentence-transformers/LaBSE,german,turkish,0.938,0.9576531721392036
sentence-transformers/LaBSE,german,urdu,0.931,0.9531920411393989
sentence-transformers/LaBSE,german,uyghur,0.858,0.8926216928980352
sentence-transformers/LaBSE,german,uzbek,0.89,0.9191592246183529
sentence-transformers/LaBSE,german,vietnamese,0.932,0.9522432836275433
sentence-transformers/LaBSE,german,yoruba,0.603,0.6839611366357128
sentence-transformers/LaBSE,gujarati,albanian,0.914,0.9381371388528102
sentence-transformers/LaBSE,gujarati,asante,0.055,0.10306416524206048
sentence-transformers/LaBSE,gujarati,assamese,0.892,0.926636526700979
sentence-transformers/LaBSE,gujarati,azeri,0.91,0.9361917744389354
sentence-transformers/LaBSE,gujarati,bosnian-mihanovich,0.906,0.9316309133292356
sentence-transformers/LaBSE,gujarati,bosnian-rwwad,0.903,0.929788563620972
sentence-transformers/LaBSE,gujarati,chinese,0.846,0.8876870157498361
sentence-transformers/LaBSE,gujarati,croatian,0.899,0.927331160822335
sentence-transformers/LaBSE,gujarati,dutch,0.914,0.9435309038967846
sentence-transformers/LaBSE,gujarati,english,0.914,0.9382209365713516
sentence-transformers/LaBSE,gujarati,french,0.897,0.9281837101551388
sentence-transformers/LaBSE,gujarati,german,0.906,0.929162581498927
sentence-transformers/LaBSE,gujarati,hausa,0.733,0.7911729311321445
sentence-transformers/LaBSE,gujarati,indonesian,0.928,0.9482807610275683
sentence-transformers/LaBSE,gujarati,japanese,0.887,0.9199002070283215
sentence-transformers/LaBSE,gujarati,kannada,0.934,0.9556745387881685
sentence-transformers/LaBSE,gujarati,khmer,0.898,0.9260336965799881
sentence-transformers/LaBSE,gujarati,kurdish,0.071,0.1172571057907904
sentence-transformers/LaBSE,gujarati,kyrgyz,0.869,0.9070708304905003
sentence-transformers/LaBSE,gujarati,lingala,0.1,0.15626051273496835
sentence-transformers/LaBSE,gujarati,lithuanian,0.942,0.9620632734604632
sentence-transformers/LaBSE,gujarati,macedonian,0.949,0.9654241017754175
sentence-transformers/LaBSE,gujarati,malayalam,0.918,0.9411969619452979
sentence-transformers/LaBSE,gujarati,moore,0.046,0.08444457256932966
sentence-transformers/LaBSE,gujarati,oromo,0.056,0.10636364480265358
sentence-transformers/LaBSE,gujarati,pashto,0.833,0.8703551710741391
sentence-transformers/LaBSE,gujarati,persian,0.912,0.9403187486487538
sentence-transformers/LaBSE,gujarati,portuguese,0.903,0.930839274171868
sentence-transformers/LaBSE,gujarati,romanian,0.914,0.9343636797877535
sentence-transformers/LaBSE,gujarati,serbian,0.894,0.9224641599166314
sentence-transformers/LaBSE,gujarati,spanish,0.894,0.9254186819628499
sentence-transformers/LaBSE,gujarati,tagalog,0.85,0.8822632995862045
sentence-transformers/LaBSE,gujarati,tajik,0.835,0.8757616867205478
sentence-transformers/LaBSE,gujarati,tamil,0.908,0.9383487597733807
sentence-transformers/LaBSE,gujarati,turkish,0.915,0.9378048264254297
sentence-transformers/LaBSE,gujarati,urdu,0.958,0.9708080207660766
sentence-transformers/LaBSE,gujarati,uyghur,0.894,0.9197844657837647
sentence-transformers/LaBSE,gujarati,uzbek,0.83,0.8700857778632483
sentence-transformers/LaBSE,gujarati,vietnamese,0.899,0.9256811014316738
sentence-transformers/LaBSE,gujarati,yoruba,0.5,0.597484521685374
sentence-transformers/LaBSE,hausa,albanian,0.83,0.8690844493016056
sentence-transformers/LaBSE,hausa,asante,0.069,0.14015385143717152
sentence-transformers/LaBSE,hausa,assamese,0.776,0.833010301545547
sentence-transformers/LaBSE,hausa,azeri,0.81,0.8598774004562922
sentence-transformers/LaBSE,hausa,bosnian-mihanovich,0.853,0.8872366039713029
sentence-transformers/LaBSE,hausa,bosnian-rwwad,0.833,0.8739811919456181
sentence-transformers/LaBSE,hausa,chinese,0.744,0.8091912757710396
sentence-transformers/LaBSE,hausa,croatian,0.835,0.8740637415468988
sentence-transformers/LaBSE,hausa,dutch,0.851,0.8923725202563793
sentence-transformers/LaBSE,hausa,english,0.843,0.8893025766855358
sentence-transformers/LaBSE,hausa,french,0.733,0.798740984484397
sentence-transformers/LaBSE,hausa,german,0.863,0.899129139626378
sentence-transformers/LaBSE,hausa,gujarati,0.781,0.8339049045785751
sentence-transformers/LaBSE,hausa,indonesian,0.871,0.9047755106803309
sentence-transformers/LaBSE,hausa,japanese,0.821,0.8697048105773881
sentence-transformers/LaBSE,hausa,kannada,0.805,0.8607676745447188
sentence-transformers/LaBSE,hausa,khmer,0.808,0.85883574180459
sentence-transformers/LaBSE,hausa,kurdish,0.058,0.11199387284004805
sentence-transformers/LaBSE,hausa,kyrgyz,0.732,0.8033869869132514
sentence-transformers/LaBSE,hausa,lingala,0.14,0.21393184207358848
sentence-transformers/LaBSE,hausa,lithuanian,0.801,0.8552655743316439
sentence-transformers/LaBSE,hausa,macedonian,0.812,0.8550716481716979
sentence-transformers/LaBSE,hausa,malayalam,0.842,0.8853783911676048
sentence-transformers/LaBSE,hausa,moore,0.077,0.1350825873614939
sentence-transformers/LaBSE,hausa,oromo,0.093,0.15374050874734962
sentence-transformers/LaBSE,hausa,pashto,0.743,0.8025813730992063
sentence-transformers/LaBSE,hausa,persian,0.824,0.8704907395209427
sentence-transformers/LaBSE,hausa,portuguese,0.867,0.9064888393131344
sentence-transformers/LaBSE,hausa,romanian,0.858,0.8958733079821153
sentence-transformers/LaBSE,hausa,serbian,0.822,0.8650633928189883
sentence-transformers/LaBSE,hausa,spanish,0.766,0.8289262768359733
sentence-transformers/LaBSE,hausa,tagalog,0.846,0.8819409799454212
sentence-transformers/LaBSE,hausa,tajik,0.767,0.8222027546875659
sentence-transformers/LaBSE,hausa,tamil,0.827,0.8753766004244982
sentence-transformers/LaBSE,hausa,turkish,0.837,0.8792223657361942
sentence-transformers/LaBSE,hausa,urdu,0.822,0.8704019307080457
sentence-transformers/LaBSE,hausa,uyghur,0.745,0.8016963805995124
sentence-transformers/LaBSE,hausa,uzbek,0.799,0.8415122363589593
sentence-transformers/LaBSE,hausa,vietnamese,0.791,0.8492312492208925
sentence-transformers/LaBSE,hausa,yoruba,0.534,0.6318022778290017
sentence-transformers/LaBSE,indonesian,albanian,0.947,0.9628425458201684
sentence-transformers/LaBSE,indonesian,asante,0.089,0.1433485972505108
sentence-transformers/LaBSE,indonesian,assamese,0.895,0.9253673566823126
sentence-transformers/LaBSE,indonesian,azeri,0.936,0.9566433236109346
sentence-transformers/LaBSE,indonesian,bosnian-mihanovich,0.946,0.9632564743413059
sentence-transformers/LaBSE,indonesian,bosnian-rwwad,0.948,0.9626340046599862
sentence-transformers/LaBSE,indonesian,chinese,0.913,0.9404599032185903
sentence-transformers/LaBSE,indonesian,croatian,0.949,0.9632674978065489
sentence-transformers/LaBSE,indonesian,dutch,0.948,0.9651415878978759
sentence-transformers/LaBSE,indonesian,english,0.96,0.9757918701269994
sentence-transformers/LaBSE,indonesian,french,0.892,0.9214674678920413
sentence-transformers/LaBSE,indonesian,german,0.939,0.9557857366138576
sentence-transformers/LaBSE,indonesian,gujarati,0.912,0.9354616548634157
sentence-transformers/LaBSE,indonesian,hausa,0.816,0.8551321176063349
sentence-transformers/LaBSE,indonesian,japanese,0.935,0.9551137771329494
sentence-transformers/LaBSE,indonesian,kannada,0.948,0.9630869829715609
sentence-transformers/LaBSE,indonesian,khmer,0.944,0.9586511141883577
sentence-transformers/LaBSE,indonesian,kurdish,0.06,0.11355766288348482
sentence-transformers/LaBSE,indonesian,kyrgyz,0.905,0.9355093818127265
sentence-transformers/LaBSE,indonesian,lingala,0.129,0.18742441825178935
sentence-transformers/LaBSE,indonesian,lithuanian,0.934,0.954559573077338
sentence-transformers/LaBSE,indonesian,macedonian,0.922,0.9437785745317769
sentence-transformers/LaBSE,indonesian,malayalam,0.939,0.9589702748352004
sentence-transformers/LaBSE,indonesian,moore,0.064,0.10281645261991226
sentence-transformers/LaBSE,indonesian,oromo,0.083,0.13805557492689452
sentence-transformers/LaBSE,indonesian,pashto,0.81,0.8522642640973809
sentence-transformers/LaBSE,indonesian,persian,0.951,0.9684715573590381
sentence-transformers/LaBSE,indonesian,portuguese,0.95,0.9670094770134283
sentence-transformers/LaBSE,indonesian,romanian,0.946,0.9619227365577531
sentence-transformers/LaBSE,indonesian,serbian,0.94,0.9591320957605157
sentence-transformers/LaBSE,indonesian,spanish,0.939,0.9593889802171889
sentence-transformers/LaBSE,indonesian,tagalog,0.928,0.9524778606383961
sentence-transformers/LaBSE,indonesian,tajik,0.878,0.9092732582996426
sentence-transformers/LaBSE,indonesian,tamil,0.929,0.9546206982201788
sentence-transformers/LaBSE,indonesian,turkish,0.933,0.956798973239708
sentence-transformers/LaBSE,indonesian,urdu,0.94,0.957011787853514
sentence-transformers/LaBSE,indonesian,uyghur,0.889,0.91308654821517
sentence-transformers/LaBSE,indonesian,uzbek,0.852,0.8851485802204777
sentence-transformers/LaBSE,indonesian,vietnamese,0.933,0.9551773734308372
sentence-transformers/LaBSE,indonesian,yoruba,0.574,0.6627977023074393
sentence-transformers/LaBSE,japanese,albanian,0.927,0.9465633107390251
sentence-transformers/LaBSE,japanese,asante,0.065,0.12353585927146087
sentence-transformers/LaBSE,japanese,assamese,0.86,0.9013205289715631
sentence-transformers/LaBSE,japanese,azeri,0.918,0.9441814976701894
sentence-transformers/LaBSE,japanese,bosnian-mihanovich,0.921,0.9438286145929421
sentence-transformers/LaBSE,japanese,bosnian-rwwad,0.907,0.9343137017273699
sentence-transformers/LaBSE,japanese,chinese,0.908,0.935742552925758
sentence-transformers/LaBSE,japanese,croatian,0.913,0.9377832970634786
sentence-transformers/LaBSE,japanese,dutch,0.929,0.95280247477008
sentence-transformers/LaBSE,japanese,english,0.945,0.9624331545703431
sentence-transformers/LaBSE,japanese,french,0.876,0.9088818360054948
sentence-transformers/LaBSE,japanese,german,0.925,0.9447868695918087
sentence-transformers/LaBSE,japanese,gujarati,0.873,0.9093413899064919
sentence-transformers/LaBSE,japanese,hausa,0.758,0.810790959874063
sentence-transformers/LaBSE,japanese,indonesian,0.945,0.9641964264663959
sentence-transformers/LaBSE,japanese,kannada,0.923,0.9462841552785975
sentence-transformers/LaBSE,japanese,khmer,0.928,0.949626105164788
sentence-transformers/LaBSE,japanese,kurdish,0.065,0.11384930000078286
sentence-transformers/LaBSE,japanese,kyrgyz,0.881,0.91269141394702
sentence-transformers/LaBSE,japanese,lingala,0.084,0.13008634076647074
sentence-transformers/LaBSE,japanese,lithuanian,0.927,0.9486780126833182
sentence-transformers/LaBSE,japanese,macedonian,0.909,0.9321743275213896
sentence-transformers/LaBSE,japanese,malayalam,0.918,0.9436049187512817
sentence-transformers/LaBSE,japanese,moore,0.043,0.0808583848274396
sentence-transformers/LaBSE,japanese,oromo,0.065,0.11195590413836506
sentence-transformers/LaBSE,japanese,pashto,0.758,0.8122016140968464
sentence-transformers/LaBSE,japanese,persian,0.938,0.9577375136067683
sentence-transformers/LaBSE,japanese,portuguese,0.926,0.9513980455223141
sentence-transformers/LaBSE,japanese,romanian,0.929,0.9483995600488426
sentence-transformers/LaBSE,japanese,serbian,0.911,0.9361360714144153
sentence-transformers/LaBSE,japanese,spanish,0.92,0.9470834877073987
sentence-transformers/LaBSE,japanese,tagalog,0.894,0.9237190070338568
sentence-transformers/LaBSE,japanese,tajik,0.852,0.8904456937021273
sentence-transformers/LaBSE,japanese,tamil,0.92,0.94533057974084
sentence-transformers/LaBSE,japanese,turkish,0.923,0.9454089041584368
sentence-transformers/LaBSE,japanese,urdu,0.909,0.9331928215053684
sentence-transformers/LaBSE,japanese,uyghur,0.873,0.9086721859360951
sentence-transformers/LaBSE,japanese,uzbek,0.828,0.8698425536939465
sentence-transformers/LaBSE,japanese,vietnamese,0.921,0.9439439819205482
sentence-transformers/LaBSE,japanese,yoruba,0.485,0.5793958998901874
sentence-transformers/LaBSE,kannada,albanian,0.942,0.959286853616424
sentence-transformers/LaBSE,kannada,asante,0.095,0.15167172634241097
sentence-transformers/LaBSE,kannada,assamese,0.921,0.9475048036572562
sentence-transformers/LaBSE,kannada,azeri,0.951,0.9673331125112493
sentence-transformers/LaBSE,kannada,bosnian-mihanovich,0.943,0.9599314527789371
sentence-transformers/LaBSE,kannada,bosnian-rwwad,0.931,0.9511155397177532
sentence-transformers/LaBSE,kannada,chinese,0.914,0.9410936590352406
sentence-transformers/LaBSE,kannada,croatian,0.934,0.9530022086407385
sentence-transformers/LaBSE,kannada,dutch,0.941,0.9596281886446562
sentence-transformers/LaBSE,kannada,english,0.95,0.9685804372517448
sentence-transformers/LaBSE,kannada,french,0.885,0.9165424220386696
sentence-transformers/LaBSE,kannada,german,0.945,0.95910902976769
sentence-transformers/LaBSE,kannada,gujarati,0.946,0.9640722498950809
sentence-transformers/LaBSE,kannada,hausa,0.797,0.8495797155601721
sentence-transformers/LaBSE,kannada,indonesian,0.954,0.9691148371138004
sentence-transformers/LaBSE,kannada,japanese,0.935,0.9556802033427014
sentence-transformers/LaBSE,kannada,khmer,0.933,0.9532826899057774
sentence-transformers/LaBSE,kannada,kurdish,0.066,0.1221104267750754
sentence-transformers/LaBSE,kannada,kyrgyz,0.911,0.9373182509430873
sentence-transformers/LaBSE,kannada,lingala,0.129,0.1991144125716088
sentence-transformers/LaBSE,kannada,lithuanian,0.917,0.943251070373268
sentence-transformers/LaBSE,kannada,macedonian,0.919,0.9435724243827106
sentence-transformers/LaBSE,kannada,malayalam,0.966,0.9782851613610787
sentence-transformers/LaBSE,kannada,moore,0.047,0.1029264784870833
sentence-transformers/LaBSE,kannada,oromo,0.108,0.17540169840226702
sentence-transformers/LaBSE,kannada,pashto,0.84,0.8772579467572157
sentence-transformers/LaBSE,kannada,persian,0.943,0.962744700893317
sentence-transformers/LaBSE,kannada,portuguese,0.945,0.9638549305505724
sentence-transformers/LaBSE,kannada,romanian,0.932,0.9529121844082986
sentence-transformers/LaBSE,kannada,serbian,0.931,0.9520376071879758
sentence-transformers/LaBSE,kannada,spanish,0.926,0.9498157948560918
sentence-transformers/LaBSE,kannada,tagalog,0.912,0.9396629758145074
sentence-transformers/LaBSE,kannada,tajik,0.874,0.9074038442272493
sentence-transformers/LaBSE,kannada,tamil,0.943,0.9654917808952667
sentence-transformers/LaBSE,kannada,turkish,0.954,0.9692103533875571
sentence-transformers/LaBSE,kannada,urdu,0.963,0.9772260572760573
sentence-transformers/LaBSE,kannada,uyghur,0.889,0.9166300745399453
sentence-transformers/LaBSE,kannada,uzbek,0.898,0.927003645434605
sentence-transformers/LaBSE,kannada,vietnamese,0.933,0.9528317258171448
sentence-transformers/LaBSE,kannada,yoruba,0.561,0.6532060403084573
sentence-transformers/LaBSE,khmer,albanian,0.918,0.9411462938765462
sentence-transformers/LaBSE,khmer,asante,0.051,0.10318084243785997
sentence-transformers/LaBSE,khmer,assamese,0.865,0.900598155785525
sentence-transformers/LaBSE,khmer,azeri,0.899,0.9255335478307963
sentence-transformers/LaBSE,khmer,bosnian-mihanovich,0.912,0.9341318562604439
sentence-transformers/LaBSE,khmer,bosnian-rwwad,0.908,0.9319806262302962
sentence-transformers/LaBSE,khmer,chinese,0.877,0.9129217139948834
sentence-transformers/LaBSE,khmer,croatian,0.911,0.9333502633052979
sentence-transformers/LaBSE,khmer,dutch,0.926,0.9493827484449191
sentence-transformers/LaBSE,khmer,english,0.928,0.9506386764590937
sentence-transformers/LaBSE,khmer,french,0.842,0.8855264990465773
sentence-transformers/LaBSE,khmer,german,0.904,0.928873355677975
sentence-transformers/LaBSE,khmer,gujarati,0.893,0.9189076147849758
sentence-transformers/LaBSE,khmer,hausa,0.755,0.809232873630046
sentence-transformers/LaBSE,khmer,indonesian,0.941,0.9575225356281285
sentence-transformers/LaBSE,khmer,japanese,0.918,0.9421687757876016
sentence-transformers/LaBSE,khmer,kannada,0.911,0.9405120612735839
sentence-transformers/LaBSE,khmer,kurdish,0.058,0.10843400640015244
sentence-transformers/LaBSE,khmer,kyrgyz,0.87,0.907286160407742
sentence-transformers/LaBSE,khmer,lingala,0.105,0.16459164051760997
sentence-transformers/LaBSE,khmer,lithuanian,0.91,0.9349190671315906
sentence-transformers/LaBSE,khmer,macedonian,0.893,0.9204708348640025
sentence-transformers/LaBSE,khmer,malayalam,0.9,0.9282517241264212
sentence-transformers/LaBSE,khmer,moore,0.043,0.08530542777431381
sentence-transformers/LaBSE,khmer,oromo,0.054,0.09843537658304197
sentence-transformers/LaBSE,khmer,pashto,0.784,0.830787613334387
sentence-transformers/LaBSE,khmer,persian,0.932,0.9522244999600495
sentence-transformers/LaBSE,khmer,portuguese,0.926,0.9460406165446206
sentence-transformers/LaBSE,khmer,romanian,0.925,0.940736420141023
sentence-transformers/LaBSE,khmer,serbian,0.905,0.9307392329215273
sentence-transformers/LaBSE,khmer,spanish,0.913,0.9381438177289008
sentence-transformers/LaBSE,khmer,tagalog,0.884,0.9134970732073004
sentence-transformers/LaBSE,khmer,tajik,0.852,0.8890802646735849
sentence-transformers/LaBSE,khmer,tamil,0.918,0.9422045508010608
sentence-transformers/LaBSE,khmer,turkish,0.899,0.9270595574350566
sentence-transformers/LaBSE,khmer,urdu,0.908,0.9343279323626611
sentence-transformers/LaBSE,khmer,uyghur,0.857,0.8861623344087559
sentence-transformers/LaBSE,khmer,uzbek,0.816,0.8572123103078045
sentence-transformers/LaBSE,khmer,vietnamese,0.915,0.9405141286811145
sentence-transformers/LaBSE,khmer,yoruba,0.527,0.6176893896588695
sentence-transformers/LaBSE,kurdish,albanian,0.066,0.1214979235501142
sentence-transformers/LaBSE,kurdish,asante,0.026,0.057004242387400206
sentence-transformers/LaBSE,kurdish,assamese,0.059,0.10873490833235587
sentence-transformers/LaBSE,kurdish,azeri,0.061,0.11957596235311872
sentence-transformers/LaBSE,kurdish,bosnian-mihanovich,0.065,0.12324897766188521
sentence-transformers/LaBSE,kurdish,bosnian-rwwad,0.065,0.12403429374160416
sentence-transformers/LaBSE,kurdish,chinese,0.054,0.10842170962737792
sentence-transformers/LaBSE,kurdish,croatian,0.067,0.12192568861164406
sentence-transformers/LaBSE,kurdish,dutch,0.07,0.12260543413757552
sentence-transformers/LaBSE,kurdish,english,0.082,0.1450146058643432
sentence-transformers/LaBSE,kurdish,french,0.071,0.12133353864137404
sentence-transformers/LaBSE,kurdish,german,0.06,0.12026083958054147
sentence-transformers/LaBSE,kurdish,gujarati,0.049,0.10478002174931496
sentence-transformers/LaBSE,kurdish,hausa,0.031,0.07951190478105516
sentence-transformers/LaBSE,kurdish,indonesian,0.064,0.12273793005821362
sentence-transformers/LaBSE,kurdish,japanese,0.076,0.13056712026045475
sentence-transformers/LaBSE,kurdish,kannada,0.055,0.10241701727334984
sentence-transformers/LaBSE,kurdish,khmer,0.053,0.11481434707953943
sentence-transformers/LaBSE,kurdish,kyrgyz,0.063,0.12031065965062183
sentence-transformers/LaBSE,kurdish,lingala,0.019,0.0505602272372511
sentence-transformers/LaBSE,kurdish,lithuanian,0.064,0.11973131145167706
sentence-transformers/LaBSE,kurdish,macedonian,0.063,0.11348233687932076
sentence-transformers/LaBSE,kurdish,malayalam,0.068,0.12225038979752594
sentence-transformers/LaBSE,kurdish,moore,0.009,0.03876766648495281
sentence-transformers/LaBSE,kurdish,oromo,0.016,0.04245066107529821
sentence-transformers/LaBSE,kurdish,pashto,0.055,0.10974620325993859
sentence-transformers/LaBSE,kurdish,persian,0.094,0.16477282227748322
sentence-transformers/LaBSE,kurdish,portuguese,0.065,0.12516848959811594
sentence-transformers/LaBSE,kurdish,romanian,0.066,0.12143667702461508
sentence-transformers/LaBSE,kurdish,serbian,0.072,0.1265085939158358
sentence-transformers/LaBSE,kurdish,spanish,0.072,0.12731721675322485
sentence-transformers/LaBSE,kurdish,tagalog,0.075,0.12428869387800087
sentence-transformers/LaBSE,kurdish,tajik,0.085,0.14854995120697645
sentence-transformers/LaBSE,kurdish,tamil,0.057,0.10805795116540542
sentence-transformers/LaBSE,kurdish,turkish,0.058,0.10920974755310618
sentence-transformers/LaBSE,kurdish,urdu,0.071,0.12617597919624438
sentence-transformers/LaBSE,kurdish,uyghur,0.051,0.1044268231348513
sentence-transformers/LaBSE,kurdish,uzbek,0.055,0.11014602407538127
sentence-transformers/LaBSE,kurdish,vietnamese,0.063,0.11821163395487877
sentence-transformers/LaBSE,kurdish,yoruba,0.031,0.06631022121442126
sentence-transformers/LaBSE,kyrgyz,albanian,0.903,0.9323810769773367
sentence-transformers/LaBSE,kyrgyz,asante,0.101,0.15921368157656443
sentence-transformers/LaBSE,kyrgyz,assamese,0.828,0.8714542520960316
sentence-transformers/LaBSE,kyrgyz,azeri,0.92,0.9469658151165086
sentence-transformers/LaBSE,kyrgyz,bosnian-mihanovich,0.891,0.9224064671995607
sentence-transformers/LaBSE,kyrgyz,bosnian-rwwad,0.895,0.9243293708407873
sentence-transformers/LaBSE,kyrgyz,chinese,0.866,0.903844658193487
sentence-transformers/LaBSE,kyrgyz,croatian,0.901,0.9272615343864652
sentence-transformers/LaBSE,kyrgyz,dutch,0.905,0.9352865132599731
sentence-transformers/LaBSE,kyrgyz,english,0.903,0.9358262585620829
sentence-transformers/LaBSE,kyrgyz,french,0.863,0.8999063313230494
sentence-transformers/LaBSE,kyrgyz,german,0.899,0.9270110280583126
sentence-transformers/LaBSE,kyrgyz,gujarati,0.884,0.9149467009743181
sentence-transformers/LaBSE,kyrgyz,hausa,0.726,0.7882175502987622
sentence-transformers/LaBSE,kyrgyz,indonesian,0.926,0.9503203721006261
sentence-transformers/LaBSE,kyrgyz,japanese,0.906,0.9352219088229761
sentence-transformers/LaBSE,kyrgyz,kannada,0.913,0.9386686272415342
sentence-transformers/LaBSE,kyrgyz,khmer,0.898,0.9274868910545571
sentence-transformers/LaBSE,kyrgyz,kurdish,0.08,0.1316241783744997
sentence-transformers/LaBSE,kyrgyz,lingala,0.126,0.18599011483064476
sentence-transformers/LaBSE,kyrgyz,lithuanian,0.882,0.9147892882672838
sentence-transformers/LaBSE,kyrgyz,macedonian,0.885,0.9133722348973087
sentence-transformers/LaBSE,kyrgyz,malayalam,0.905,0.9330597919192307
sentence-transformers/LaBSE,kyrgyz,moore,0.054,0.10116728048805514
sentence-transformers/LaBSE,kyrgyz,oromo,0.105,0.16457562609639853
sentence-transformers/LaBSE,kyrgyz,pashto,0.778,0.8255403151057967
sentence-transformers/LaBSE,kyrgyz,persian,0.934,0.9540394972773575
sentence-transformers/LaBSE,kyrgyz,portuguese,0.905,0.9352737605341243
sentence-transformers/LaBSE,kyrgyz,romanian,0.895,0.9263681421792708
sentence-transformers/LaBSE,kyrgyz,serbian,0.88,0.91480297879925
sentence-transformers/LaBSE,kyrgyz,spanish,0.894,0.9271201587511166
sentence-transformers/LaBSE,kyrgyz,tagalog,0.859,0.8972889851106824
sentence-transformers/LaBSE,kyrgyz,tajik,0.862,0.8925625140148122
sentence-transformers/LaBSE,kyrgyz,tamil,0.913,0.9393900991535088
sentence-transformers/LaBSE,kyrgyz,turkish,0.923,0.9470879072324304
sentence-transformers/LaBSE,kyrgyz,urdu,0.917,0.9413062301359606
sentence-transformers/LaBSE,kyrgyz,uyghur,0.875,0.9089837949850936
sentence-transformers/LaBSE,kyrgyz,uzbek,0.862,0.8986353780335877
sentence-transformers/LaBSE,kyrgyz,vietnamese,0.889,0.9211649232998389
sentence-transformers/LaBSE,kyrgyz,yoruba,0.491,0.5791973725519237
sentence-transformers/LaBSE,lingala,albanian,0.16,0.24069665771569443
sentence-transformers/LaBSE,lingala,asante,0.065,0.12293830204950333
sentence-transformers/LaBSE,lingala,assamese,0.126,0.20830608924948413
sentence-transformers/LaBSE,lingala,azeri,0.162,0.23732710154216022
sentence-transformers/LaBSE,lingala,bosnian-mihanovich,0.154,0.2316353265299803
sentence-transformers/LaBSE,lingala,bosnian-rwwad,0.158,0.23169086089700655
sentence-transformers/LaBSE,lingala,chinese,0.13,0.19782081629165815
sentence-transformers/LaBSE,lingala,croatian,0.154,0.23131443284964842
sentence-transformers/LaBSE,lingala,dutch,0.161,0.24243309406667166
sentence-transformers/LaBSE,lingala,english,0.173,0.25747826297127624
sentence-transformers/LaBSE,lingala,french,0.138,0.21516249914872831
sentence-transformers/LaBSE,lingala,german,0.175,0.25588028488768855
sentence-transformers/LaBSE,lingala,gujarati,0.122,0.19172464023097638
sentence-transformers/LaBSE,lingala,hausa,0.134,0.21262357558813857
sentence-transformers/LaBSE,lingala,indonesian,0.155,0.23995425542699617
sentence-transformers/LaBSE,lingala,japanese,0.111,0.18490815362936433
sentence-transformers/LaBSE,lingala,kannada,0.13,0.20771371316279083
sentence-transformers/LaBSE,lingala,khmer,0.116,0.19232624101721116
sentence-transformers/LaBSE,lingala,kurdish,0.033,0.07019449259119943
sentence-transformers/LaBSE,lingala,kyrgyz,0.133,0.21175905560320946
sentence-transformers/LaBSE,lingala,lithuanian,0.127,0.20271502583891754
sentence-transformers/LaBSE,lingala,macedonian,0.143,0.21705950700960017
sentence-transformers/LaBSE,lingala,malayalam,0.145,0.22141768668572331
sentence-transformers/LaBSE,lingala,moore,0.06,0.11714972146852112
sentence-transformers/LaBSE,lingala,oromo,0.068,0.127779735400329
sentence-transformers/LaBSE,lingala,pashto,0.131,0.20933388570463046
sentence-transformers/LaBSE,lingala,persian,0.159,0.2351734110982513
sentence-transformers/LaBSE,lingala,portuguese,0.173,0.25219413189465495
sentence-transformers/LaBSE,lingala,romanian,0.156,0.24638565483548694
sentence-transformers/LaBSE,lingala,serbian,0.153,0.22840737912303094
sentence-transformers/LaBSE,lingala,spanish,0.148,0.2312157677349494
sentence-transformers/LaBSE,lingala,tagalog,0.164,0.24770742713501337
sentence-transformers/LaBSE,lingala,tajik,0.138,0.22140980224385162
sentence-transformers/LaBSE,lingala,tamil,0.149,0.21729188796881801
sentence-transformers/LaBSE,lingala,turkish,0.151,0.22857443561909002
sentence-transformers/LaBSE,lingala,urdu,0.146,0.2180200866121624
sentence-transformers/LaBSE,lingala,uyghur,0.118,0.19156335296915114
sentence-transformers/LaBSE,lingala,uzbek,0.164,0.23750554770741553
sentence-transformers/LaBSE,lingala,vietnamese,0.137,0.218208969996027
sentence-transformers/LaBSE,lingala,yoruba,0.111,0.1905880202009626
sentence-transformers/LaBSE,lithuanian,albanian,0.917,0.9424347537840715
sentence-transformers/LaBSE,lithuanian,asante,0.068,0.11796805013131975
sentence-transformers/LaBSE,lithuanian,assamese,0.847,0.88530001525661
sentence-transformers/LaBSE,lithuanian,azeri,0.904,0.9284746388051641
sentence-transformers/LaBSE,lithuanian,bosnian-mihanovich,0.903,0.9298011273949885
sentence-transformers/LaBSE,lithuanian,bosnian-rwwad,0.914,0.9343016803206806
sentence-transformers/LaBSE,lithuanian,chinese,0.844,0.8840395481722798
sentence-transformers/LaBSE,lithuanian,croatian,0.915,0.9323312834637625
sentence-transformers/LaBSE,lithuanian,dutch,0.956,0.9683110565831252
sentence-transformers/LaBSE,lithuanian,english,0.932,0.9546518356424327
sentence-transformers/LaBSE,lithuanian,french,0.959,0.9701550085673538
sentence-transformers/LaBSE,lithuanian,german,0.911,0.9315495868262397
sentence-transformers/LaBSE,lithuanian,gujarati,0.927,0.9482060084153756
sentence-transformers/LaBSE,lithuanian,hausa,0.735,0.7907799323545046
sentence-transformers/LaBSE,lithuanian,indonesian,0.943,0.9586515793154256
sentence-transformers/LaBSE,lithuanian,japanese,0.91,0.9309542833074481
sentence-transformers/LaBSE,lithuanian,kannada,0.895,0.9254994215826082
sentence-transformers/LaBSE,lithuanian,khmer,0.905,0.9296328838236281
sentence-transformers/LaBSE,lithuanian,kurdish,0.051,0.09378921753263239
sentence-transformers/LaBSE,lithuanian,kyrgyz,0.851,0.8875110126866526
sentence-transformers/LaBSE,lithuanian,lingala,0.107,0.15719195490965632
sentence-transformers/LaBSE,lithuanian,macedonian,0.981,0.9868214179462426
sentence-transformers/LaBSE,lithuanian,malayalam,0.902,0.928145430340865
sentence-transformers/LaBSE,lithuanian,moore,0.039,0.07195584598877704
sentence-transformers/LaBSE,lithuanian,oromo,0.058,0.10225378840324859
sentence-transformers/LaBSE,lithuanian,pashto,0.741,0.7918792072356385
sentence-transformers/LaBSE,lithuanian,persian,0.913,0.9373446895041407
sentence-transformers/LaBSE,lithuanian,portuguese,0.92,0.9417806807159584
sentence-transformers/LaBSE,lithuanian,romanian,0.931,0.9499344805779467
sentence-transformers/LaBSE,lithuanian,serbian,0.914,0.9332764719457278
sentence-transformers/LaBSE,lithuanian,spanish,0.919,0.941097867801754
sentence-transformers/LaBSE,lithuanian,tagalog,0.886,0.9141547392986147
sentence-transformers/LaBSE,lithuanian,tajik,0.834,0.8695853948843576
sentence-transformers/LaBSE,lithuanian,tamil,0.914,0.9391363624385547
sentence-transformers/LaBSE,lithuanian,turkish,0.889,0.9197676453970174
sentence-transformers/LaBSE,lithuanian,urdu,0.901,0.9249153269181853
sentence-transformers/LaBSE,lithuanian,uyghur,0.937,0.9528552511736262
sentence-transformers/LaBSE,lithuanian,uzbek,0.801,0.8444251696909012
sentence-transformers/LaBSE,lithuanian,vietnamese,0.905,0.9296893418099123
sentence-transformers/LaBSE,lithuanian,yoruba,0.519,0.601710888167098
sentence-transformers/LaBSE,macedonian,albanian,0.949,0.9655015454046273
sentence-transformers/LaBSE,macedonian,asante,0.055,0.1008695046927761
sentence-transformers/LaBSE,macedonian,assamese,0.848,0.8923994142715068
sentence-transformers/LaBSE,macedonian,azeri,0.912,0.936182475281031
sentence-transformers/LaBSE,macedonian,bosnian-mihanovich,0.98,0.984379208306062
sentence-transformers/LaBSE,macedonian,bosnian-rwwad,0.976,0.9830212442346808
sentence-transformers/LaBSE,macedonian,chinese,0.875,0.9131309432291291
sentence-transformers/LaBSE,macedonian,croatian,0.977,0.9835221304551588
sentence-transformers/LaBSE,macedonian,dutch,0.927,0.9515189687526451
sentence-transformers/LaBSE,macedonian,english,0.949,0.966469012187624
sentence-transformers/LaBSE,macedonian,french,0.965,0.9775337900038558
sentence-transformers/LaBSE,macedonian,german,0.928,0.9465109087611078
sentence-transformers/LaBSE,macedonian,gujarati,0.941,0.9579669834064077
sentence-transformers/LaBSE,macedonian,hausa,0.742,0.7972352351749143
sentence-transformers/LaBSE,macedonian,indonesian,0.931,0.9519414191434632
sentence-transformers/LaBSE,macedonian,japanese,0.892,0.9209404573210607
sentence-transformers/LaBSE,macedonian,kannada,0.903,0.932158602121232
sentence-transformers/LaBSE,macedonian,khmer,0.891,0.9170435897414426
sentence-transformers/LaBSE,macedonian,kurdish,0.051,0.0936407398316168
sentence-transformers/LaBSE,macedonian,kyrgyz,0.871,0.9075722440793577
sentence-transformers/LaBSE,macedonian,lingala,0.107,0.167373335904028
sentence-transformers/LaBSE,macedonian,lithuanian,0.98,0.9867699055330633
sentence-transformers/LaBSE,macedonian,malayalam,0.899,0.9249348122663625
sentence-transformers/LaBSE,macedonian,moore,0.037,0.07552379539072959
sentence-transformers/LaBSE,macedonian,oromo,0.041,0.09323430196090755
sentence-transformers/LaBSE,macedonian,pashto,0.765,0.8138737562540485
sentence-transformers/LaBSE,macedonian,persian,0.922,0.9396702543973213
sentence-transformers/LaBSE,macedonian,portuguese,0.927,0.948091144170069
sentence-transformers/LaBSE,macedonian,romanian,0.934,0.9524871009667552
sentence-transformers/LaBSE,macedonian,serbian,0.973,0.9813039077190977
sentence-transformers/LaBSE,macedonian,spanish,0.919,0.9438172688242386
sentence-transformers/LaBSE,macedonian,tagalog,0.872,0.903222015124633
sentence-transformers/LaBSE,macedonian,tajik,0.832,0.8745808410446667
sentence-transformers/LaBSE,macedonian,tamil,0.903,0.9304683057240286
sentence-transformers/LaBSE,macedonian,turkish,0.906,0.9320952234041963
sentence-transformers/LaBSE,macedonian,urdu,0.905,0.9336594382029664
sentence-transformers/LaBSE,macedonian,uyghur,0.945,0.9599204800324619
sentence-transformers/LaBSE,macedonian,uzbek,0.838,0.8730684417269418
sentence-transformers/LaBSE,macedonian,vietnamese,0.907,0.9333122125664916
sentence-transformers/LaBSE,macedonian,yoruba,0.469,0.5643942962528853
sentence-transformers/LaBSE,malayalam,albanian,0.938,0.9577799820952696
sentence-transformers/LaBSE,malayalam,asante,0.084,0.14237351265773954
sentence-transformers/LaBSE,malayalam,assamese,0.921,0.9445353452498918
sentence-transformers/LaBSE,malayalam,azeri,0.945,0.963144555275417
sentence-transformers/LaBSE,malayalam,bosnian-mihanovich,0.942,0.9580967487757939
sentence-transformers/LaBSE,malayalam,bosnian-rwwad,0.938,0.9547500909415676
sentence-transformers/LaBSE,malayalam,chinese,0.91,0.9370448773659628
sentence-transformers/LaBSE,malayalam,croatian,0.937,0.953574606639528
sentence-transformers/LaBSE,malayalam,dutch,0.938,0.958450820725501
sentence-transformers/LaBSE,malayalam,english,0.957,0.9720253011073835
sentence-transformers/LaBSE,malayalam,french,0.877,0.9097083459957823
sentence-transformers/LaBSE,malayalam,german,0.949,0.9612875942189937
sentence-transformers/LaBSE,malayalam,gujarati,0.924,0.9454810089417554
sentence-transformers/LaBSE,malayalam,hausa,0.829,0.87488023413834
sentence-transformers/LaBSE,malayalam,indonesian,0.955,0.9698736412713852
sentence-transformers/LaBSE,malayalam,japanese,0.929,0.950484629132799
sentence-transformers/LaBSE,malayalam,kannada,0.965,0.9777829081336057
sentence-transformers/LaBSE,malayalam,khmer,0.928,0.9472807469444267
sentence-transformers/LaBSE,malayalam,kurdish,0.079,0.13623975264973134
sentence-transformers/LaBSE,malayalam,kyrgyz,0.904,0.9317789469123627
sentence-transformers/LaBSE,malayalam,lingala,0.141,0.20817865736697833
sentence-transformers/LaBSE,malayalam,lithuanian,0.914,0.9397518035748804
sentence-transformers/LaBSE,malayalam,macedonian,0.926,0.9432506572734057
sentence-transformers/LaBSE,malayalam,moore,0.05,0.1002621691887004
sentence-transformers/LaBSE,malayalam,oromo,0.085,0.1503790159984112
sentence-transformers/LaBSE,malayalam,pashto,0.852,0.8871687545768714
sentence-transformers/LaBSE,malayalam,persian,0.934,0.9546345042977648
sentence-transformers/LaBSE,malayalam,portuguese,0.95,0.966411900788454
sentence-transformers/LaBSE,malayalam,romanian,0.937,0.9554031919942536
sentence-transformers/LaBSE,malayalam,serbian,0.933,0.9518130514697882
sentence-transformers/LaBSE,malayalam,spanish,0.923,0.9472998187198303
sentence-transformers/LaBSE,malayalam,tagalog,0.928,0.9498740555102438
sentence-transformers/LaBSE,malayalam,tajik,0.877,0.9078978659696549
sentence-transformers/LaBSE,malayalam,tamil,0.947,0.9650055505757955
sentence-transformers/LaBSE,malayalam,turkish,0.942,0.9626771124906429
sentence-transformers/LaBSE,malayalam,urdu,0.942,0.9611596114609581
sentence-transformers/LaBSE,malayalam,uyghur,0.876,0.9048530560348991
sentence-transformers/LaBSE,malayalam,uzbek,0.899,0.9263380197301747
sentence-transformers/LaBSE,malayalam,vietnamese,0.92,0.9463446357177929
sentence-transformers/LaBSE,malayalam,yoruba,0.63,0.7114035002501702
sentence-transformers/LaBSE,moore,albanian,0.084,0.13894110833923168
sentence-transformers/LaBSE,moore,asante,0.067,0.12721607920134223
sentence-transformers/LaBSE,moore,assamese,0.053,0.10563314207254593
sentence-transformers/LaBSE,moore,azeri,0.071,0.13273439640949225
sentence-transformers/LaBSE,moore,bosnian-mihanovich,0.067,0.13122459453530702
sentence-transformers/LaBSE,moore,bosnian-rwwad,0.072,0.13431028011335305
sentence-transformers/LaBSE,moore,chinese,0.056,0.11951449063979223
sentence-transformers/LaBSE,moore,croatian,0.068,0.12999077861920244
sentence-transformers/LaBSE,moore,dutch,0.077,0.13248438146380123
sentence-transformers/LaBSE,moore,english,0.075,0.1305264754691217
sentence-transformers/LaBSE,moore,french,0.064,0.11660971764464313
sentence-transformers/LaBSE,moore,german,0.066,0.12114050276678796
sentence-transformers/LaBSE,moore,gujarati,0.069,0.11456091745166092
sentence-transformers/LaBSE,moore,hausa,0.066,0.12454886664222821
sentence-transformers/LaBSE,moore,indonesian,0.074,0.13039679227888093
sentence-transformers/LaBSE,moore,japanese,0.06,0.11233546275488157
sentence-transformers/LaBSE,moore,kannada,0.063,0.11730153123032529
sentence-transformers/LaBSE,moore,khmer,0.055,0.10817176743698342
sentence-transformers/LaBSE,moore,kurdish,0.031,0.06530602339131289
sentence-transformers/LaBSE,moore,kyrgyz,0.063,0.11976022602105287
sentence-transformers/LaBSE,moore,lingala,0.057,0.11538799496597149
sentence-transformers/LaBSE,moore,lithuanian,0.059,0.11068529440336272
sentence-transformers/LaBSE,moore,macedonian,0.062,0.12109201064690071
sentence-transformers/LaBSE,moore,malayalam,0.06,0.11340369946718858
sentence-transformers/LaBSE,moore,oromo,0.066,0.12995351320040402
sentence-transformers/LaBSE,moore,pashto,0.063,0.12278089598803481
sentence-transformers/LaBSE,moore,persian,0.061,0.12103459570768967
sentence-transformers/LaBSE,moore,portuguese,0.077,0.13425494684883177
sentence-transformers/LaBSE,moore,romanian,0.074,0.1352380913404072
sentence-transformers/LaBSE,moore,serbian,0.059,0.12317091847944402
sentence-transformers/LaBSE,moore,spanish,0.068,0.11644865273179504
sentence-transformers/LaBSE,moore,tagalog,0.062,0.12395426865105591
sentence-transformers/LaBSE,moore,tajik,0.066,0.1243938955444026
sentence-transformers/LaBSE,moore,tamil,0.062,0.11134651865508163
sentence-transformers/LaBSE,moore,turkish,0.076,0.13790405255076818
sentence-transformers/LaBSE,moore,urdu,0.067,0.12113060802362038
sentence-transformers/LaBSE,moore,uyghur,0.062,0.10971903039415663
sentence-transformers/LaBSE,moore,uzbek,0.075,0.13805280538937076
sentence-transformers/LaBSE,moore,vietnamese,0.063,0.11623298932347677
sentence-transformers/LaBSE,moore,yoruba,0.068,0.12336627387563388
sentence-transformers/LaBSE,oromo,albanian,0.093,0.1659419112370693
sentence-transformers/LaBSE,oromo,asante,0.104,0.17378569169398775
sentence-transformers/LaBSE,oromo,assamese,0.082,0.152449999258256
sentence-transformers/LaBSE,oromo,azeri,0.11,0.18354411381720714
sentence-transformers/LaBSE,oromo,bosnian-mihanovich,0.097,0.16572743213043506
sentence-transformers/LaBSE,oromo,bosnian-rwwad,0.096,0.16334521800122587
sentence-transformers/LaBSE,oromo,chinese,0.081,0.14141753073028263
sentence-transformers/LaBSE,oromo,croatian,0.1,0.16465533543055397
sentence-transformers/LaBSE,oromo,dutch,0.106,0.169575956325329
sentence-transformers/LaBSE,oromo,english,0.089,0.16126056270758823
sentence-transformers/LaBSE,oromo,french,0.084,0.14495278708503861
sentence-transformers/LaBSE,oromo,german,0.085,0.14683242353368045
sentence-transformers/LaBSE,oromo,gujarati,0.067,0.12559814251530427
sentence-transformers/LaBSE,oromo,hausa,0.078,0.1463990883286321
sentence-transformers/LaBSE,oromo,indonesian,0.098,0.16954975298656896
sentence-transformers/LaBSE,oromo,japanese,0.078,0.1377394634745631
sentence-transformers/LaBSE,oromo,kannada,0.117,0.19015549938641835
sentence-transformers/LaBSE,oromo,khmer,0.062,0.11147832970707351
sentence-transformers/LaBSE,oromo,kurdish,0.027,0.06271704250004716
sentence-transformers/LaBSE,oromo,kyrgyz,0.102,0.17267350254914232
sentence-transformers/LaBSE,oromo,lingala,0.066,0.12734896456248684
sentence-transformers/LaBSE,oromo,lithuanian,0.076,0.1457306917050887
sentence-transformers/LaBSE,oromo,macedonian,0.089,0.15349314704674982
sentence-transformers/LaBSE,oromo,malayalam,0.092,0.16051460441939688
sentence-transformers/LaBSE,oromo,moore,0.076,0.13577290915026993
sentence-transformers/LaBSE,oromo,pashto,0.088,0.1487534324017588
sentence-transformers/LaBSE,oromo,persian,0.098,0.1641053913475477
sentence-transformers/LaBSE,oromo,portuguese,0.099,0.16974987543131062
sentence-transformers/LaBSE,oromo,romanian,0.085,0.15663281224254905
sentence-transformers/LaBSE,oromo,serbian,0.092,0.1605632173224048
sentence-transformers/LaBSE,oromo,spanish,0.074,0.13878902768539958
sentence-transformers/LaBSE,oromo,tagalog,0.095,0.1674322117316569
sentence-transformers/LaBSE,oromo,tajik,0.09,0.15902934494917598
sentence-transformers/LaBSE,oromo,tamil,0.085,0.1500676171379482
sentence-transformers/LaBSE,oromo,turkish,0.105,0.1719515001522008
sentence-transformers/LaBSE,oromo,urdu,0.082,0.14505069037004847
sentence-transformers/LaBSE,oromo,uyghur,0.089,0.15203375258282556
sentence-transformers/LaBSE,oromo,uzbek,0.104,0.17970054457007528
sentence-transformers/LaBSE,oromo,vietnamese,0.079,0.14551507859398383
sentence-transformers/LaBSE,oromo,yoruba,0.084,0.15322741303539028
sentence-transformers/LaBSE,pashto,albanian,0.88,0.9131661658904013
sentence-transformers/LaBSE,pashto,asante,0.09,0.15064831954002983
sentence-transformers/LaBSE,pashto,assamese,0.865,0.9040621191640009
sentence-transformers/LaBSE,pashto,azeri,0.881,0.9147123195233741
sentence-transformers/LaBSE,pashto,bosnian-mihanovich,0.881,0.9139992927666901
sentence-transformers/LaBSE,pashto,bosnian-rwwad,0.886,0.9181620665772796
sentence-transformers/LaBSE,pashto,chinese,0.82,0.8691255214818402
sentence-transformers/LaBSE,pashto,croatian,0.884,0.9178170271699234
sentence-transformers/LaBSE,pashto,dutch,0.895,0.9274591974103462
sentence-transformers/LaBSE,pashto,english,0.905,0.9333850447378679
sentence-transformers/LaBSE,pashto,french,0.796,0.8496480931583364
sentence-transformers/LaBSE,pashto,german,0.898,0.9226052962240199
sentence-transformers/LaBSE,pashto,gujarati,0.888,0.9232199299853657
sentence-transformers/LaBSE,pashto,hausa,0.779,0.8367650079966178
sentence-transformers/LaBSE,pashto,indonesian,0.908,0.9353567636418354
sentence-transformers/LaBSE,pashto,japanese,0.867,0.9012219386621748
sentence-transformers/LaBSE,pashto,kannada,0.877,0.9112397523499838
sentence-transformers/LaBSE,pashto,khmer,0.857,0.8956160032049338
sentence-transformers/LaBSE,pashto,kurdish,0.098,0.15593213509126724
sentence-transformers/LaBSE,pashto,kyrgyz,0.823,0.8719937839567377
sentence-transformers/LaBSE,pashto,lingala,0.143,0.21873720250296116
sentence-transformers/LaBSE,pashto,lithuanian,0.861,0.9042618102430109
sentence-transformers/LaBSE,pashto,macedonian,0.872,0.9084844195941554
sentence-transformers/LaBSE,pashto,malayalam,0.898,0.9270242444882453
sentence-transformers/LaBSE,pashto,moore,0.071,0.12952343229818342
sentence-transformers/LaBSE,pashto,oromo,0.09,0.1553197101762604
sentence-transformers/LaBSE,pashto,persian,0.888,0.9222431270673277
sentence-transformers/LaBSE,pashto,portuguese,0.91,0.9357620695573146
sentence-transformers/LaBSE,pashto,romanian,0.88,0.9149251149032684
sentence-transformers/LaBSE,pashto,serbian,0.873,0.9083406465763737
sentence-transformers/LaBSE,pashto,spanish,0.842,0.8852682438273287
sentence-transformers/LaBSE,pashto,tagalog,0.864,0.8991666530973691
sentence-transformers/LaBSE,pashto,tajik,0.834,0.8759598691359299
sentence-transformers/LaBSE,pashto,tamil,0.87,0.9102321127689201
sentence-transformers/LaBSE,pashto,turkish,0.87,0.9101664170671835
sentence-transformers/LaBSE,pashto,urdu,0.918,0.9426931107425415
sentence-transformers/LaBSE,pashto,uyghur,0.803,0.8510640224915776
sentence-transformers/LaBSE,pashto,uzbek,0.834,0.8811360302269404
sentence-transformers/LaBSE,pashto,vietnamese,0.834,0.8793432578912352
sentence-transformers/LaBSE,pashto,yoruba,0.554,0.6507018894559975
sentence-transformers/LaBSE,persian,albanian,0.933,0.9516293630053176
sentence-transformers/LaBSE,persian,asante,0.108,0.15523570047166294
sentence-transformers/LaBSE,persian,assamese,0.882,0.9147852317842697
sentence-transformers/LaBSE,persian,azeri,0.94,0.9597064261827488
sentence-transformers/LaBSE,persian,bosnian-mihanovich,0.912,0.9373048458385632
sentence-transformers/LaBSE,persian,bosnian-rwwad,0.917,0.940143268166659
sentence-transformers/LaBSE,persian,chinese,0.873,0.9141407684259015
sentence-transformers/LaBSE,persian,croatian,0.92,0.9420035829211276
sentence-transformers/LaBSE,persian,dutch,0.935,0.9565739650264451
sentence-transformers/LaBSE,persian,english,0.944,0.9621872993136451
sentence-transformers/LaBSE,persian,french,0.876,0.9085795348450997
sentence-transformers/LaBSE,persian,german,0.914,0.9376581420628886
sentence-transformers/LaBSE,persian,gujarati,0.897,0.9290449361170461
sentence-transformers/LaBSE,persian,hausa,0.762,0.8101350492069089
sentence-transformers/LaBSE,persian,indonesian,0.949,0.9653596088872352
sentence-transformers/LaBSE,persian,japanese,0.921,0.9438586385445212
sentence-transformers/LaBSE,persian,kannada,0.926,0.947251671856272
sentence-transformers/LaBSE,persian,khmer,0.927,0.9477327653629689
sentence-transformers/LaBSE,persian,kurdish,0.07,0.12312187658723968
sentence-transformers/LaBSE,persian,kyrgyz,0.903,0.9311145564103392
sentence-transformers/LaBSE,persian,lingala,0.12,0.17870286583114486
sentence-transformers/LaBSE,persian,lithuanian,0.914,0.9389990278197567
sentence-transformers/LaBSE,persian,macedonian,0.908,0.9319865227509392
sentence-transformers/LaBSE,persian,malayalam,0.923,0.9450447115387565
sentence-transformers/LaBSE,persian,moore,0.044,0.08351139069558652
sentence-transformers/LaBSE,persian,oromo,0.081,0.13359275065337062
sentence-transformers/LaBSE,persian,pashto,0.806,0.8478740677565445
sentence-transformers/LaBSE,persian,portuguese,0.936,0.9527982623278374
sentence-transformers/LaBSE,persian,romanian,0.929,0.9486281263489611
sentence-transformers/LaBSE,persian,serbian,0.918,0.9387635112591877
sentence-transformers/LaBSE,persian,spanish,0.93,0.9540171776342277
sentence-transformers/LaBSE,persian,tagalog,0.88,0.9089164272747753
sentence-transformers/LaBSE,persian,tajik,0.979,0.9858321789321789
sentence-transformers/LaBSE,persian,tamil,0.928,0.9506279382761975
sentence-transformers/LaBSE,persian,turkish,0.926,0.9502884548599629
sentence-transformers/LaBSE,persian,urdu,0.92,0.9420488285792697
sentence-transformers/LaBSE,persian,uyghur,0.892,0.918300688554768
sentence-transformers/LaBSE,persian,uzbek,0.835,0.8775021111461595
sentence-transformers/LaBSE,persian,vietnamese,0.92,0.9446339076646784
sentence-transformers/LaBSE,persian,yoruba,0.518,0.6143032750795978
sentence-transformers/LaBSE,portuguese,albanian,0.947,0.965743986652874
sentence-transformers/LaBSE,portuguese,asante,0.087,0.14365727145738932
sentence-transformers/LaBSE,portuguese,assamese,0.908,0.9356009100593119
sentence-transformers/LaBSE,portuguese,azeri,0.937,0.9589626126738157
sentence-transformers/LaBSE,portuguese,bosnian-mihanovich,0.95,0.964181936383728
sentence-transformers/LaBSE,portuguese,bosnian-rwwad,0.941,0.9593153882828119
sentence-transformers/LaBSE,portuguese,chinese,0.915,0.940958961446198
sentence-transformers/LaBSE,portuguese,croatian,0.939,0.9577322198403572
sentence-transformers/LaBSE,portuguese,dutch,0.953,0.9708212984384038
sentence-transformers/LaBSE,portuguese,english,0.965,0.9787438630490956
sentence-transformers/LaBSE,portuguese,french,0.902,0.9308709526502755
sentence-transformers/LaBSE,portuguese,german,0.956,0.9700075521819336
sentence-transformers/LaBSE,portuguese,gujarati,0.902,0.9329792610679765
sentence-transformers/LaBSE,portuguese,hausa,0.842,0.8839583274689181
sentence-transformers/LaBSE,portuguese,indonesian,0.961,0.9749419405760325
sentence-transformers/LaBSE,portuguese,japanese,0.946,0.9633999322641575
sentence-transformers/LaBSE,portuguese,kannada,0.945,0.9632589490403075
sentence-transformers/LaBSE,portuguese,khmer,0.935,0.9516669485314342
sentence-transformers/LaBSE,portuguese,kurdish,0.068,0.12071052194594199
sentence-transformers/LaBSE,portuguese,kyrgyz,0.911,0.9379733302108486
sentence-transformers/LaBSE,portuguese,lingala,0.126,0.19911272740694272
sentence-transformers/LaBSE,portuguese,lithuanian,0.942,0.9615343573093573
sentence-transformers/LaBSE,portuguese,macedonian,0.943,0.9596519409409313
sentence-transformers/LaBSE,portuguese,malayalam,0.955,0.9718939185306242
sentence-transformers/LaBSE,portuguese,moore,0.06,0.10169401436848935
sentence-transformers/LaBSE,portuguese,oromo,0.083,0.14197925592146862
sentence-transformers/LaBSE,portuguese,pashto,0.86,0.894598769714059
sentence-transformers/LaBSE,portuguese,persian,0.948,0.9637179542784856
sentence-transformers/LaBSE,portuguese,romanian,0.964,0.9749385537548353
sentence-transformers/LaBSE,portuguese,serbian,0.936,0.9542619136197682
sentence-transformers/LaBSE,portuguese,spanish,0.952,0.9694699102223214
sentence-transformers/LaBSE,portuguese,tagalog,0.936,0.9564304351016468
sentence-transformers/LaBSE,portuguese,tajik,0.88,0.913127029188198
sentence-transformers/LaBSE,portuguese,tamil,0.942,0.9606260796193219
sentence-transformers/LaBSE,portuguese,turkish,0.942,0.9606435131912548
sentence-transformers/LaBSE,portuguese,urdu,0.932,0.9540327922352846
sentence-transformers/LaBSE,portuguese,uyghur,0.875,0.9061945520703898
sentence-transformers/LaBSE,portuguese,uzbek,0.883,0.9097472353512895
sentence-transformers/LaBSE,portuguese,vietnamese,0.937,0.9569511785334602
sentence-transformers/LaBSE,portuguese,yoruba,0.581,0.6670698661162064
sentence-transformers/LaBSE,romanian,albanian,0.951,0.9665137387387388
sentence-transformers/LaBSE,romanian,asante,0.083,0.13757061796646264
sentence-transformers/LaBSE,romanian,assamese,0.85,0.8889340683222474
sentence-transformers/LaBSE,romanian,azeri,0.927,0.9495190912181596
sentence-transformers/LaBSE,romanian,bosnian-mihanovich,0.941,0.9581003099061768
sentence-transformers/LaBSE,romanian,bosnian-rwwad,0.943,0.9581441806398788
sentence-transformers/LaBSE,romanian,chinese,0.874,0.907597185356354
sentence-transformers/LaBSE,romanian,croatian,0.946,0.9600112597786594
sentence-transformers/LaBSE,romanian,dutch,0.951,0.967276911778254
sentence-transformers/LaBSE,romanian,english,0.959,0.9741200842393261
sentence-transformers/LaBSE,romanian,french,0.886,0.9173607894544166
sentence-transformers/LaBSE,romanian,german,0.945,0.9605586472516416
sentence-transformers/LaBSE,romanian,gujarati,0.895,0.9208081565041497
sentence-transformers/LaBSE,romanian,hausa,0.781,0.8291168572671529
sentence-transformers/LaBSE,romanian,indonesian,0.955,0.9707351737598561
sentence-transformers/LaBSE,romanian,japanese,0.918,0.9424990943882887
sentence-transformers/LaBSE,romanian,kannada,0.918,0.9436877852098662
sentence-transformers/LaBSE,romanian,khmer,0.905,0.9299913523425449
sentence-transformers/LaBSE,romanian,kurdish,0.061,0.10581649986481348
sentence-transformers/LaBSE,romanian,kyrgyz,0.872,0.9112963384928516
sentence-transformers/LaBSE,romanian,lingala,0.112,0.17699719014084547
sentence-transformers/LaBSE,romanian,lithuanian,0.935,0.955792361043341
sentence-transformers/LaBSE,romanian,macedonian,0.934,0.9526977448456546
sentence-transformers/LaBSE,romanian,malayalam,0.934,0.9535385650263476
sentence-transformers/LaBSE,romanian,moore,0.052,0.0883440040794182
sentence-transformers/LaBSE,romanian,oromo,0.077,0.12721344508884344
sentence-transformers/LaBSE,romanian,pashto,0.773,0.8234148585244515
sentence-transformers/LaBSE,romanian,persian,0.934,0.9553456114477534
sentence-transformers/LaBSE,romanian,portuguese,0.953,0.9695465462884111
sentence-transformers/LaBSE,romanian,serbian,0.933,0.9523079307119158
sentence-transformers/LaBSE,romanian,spanish,0.931,0.9522284532756978
sentence-transformers/LaBSE,romanian,tagalog,0.898,0.930965578962572
sentence-transformers/LaBSE,romanian,tajik,0.866,0.8968748764643537
sentence-transformers/LaBSE,romanian,tamil,0.911,0.9397746479019716
sentence-transformers/LaBSE,romanian,turkish,0.914,0.9412943874074476
sentence-transformers/LaBSE,romanian,urdu,0.905,0.932280334001646
sentence-transformers/LaBSE,romanian,uyghur,0.854,0.8866500816381202
sentence-transformers/LaBSE,romanian,uzbek,0.832,0.8702112929411014
sentence-transformers/LaBSE,romanian,vietnamese,0.923,0.9446101850930062
sentence-transformers/LaBSE,romanian,yoruba,0.485,0.5901689958083373
sentence-transformers/LaBSE,serbian,albanian,0.957,0.9702098775980356
sentence-transformers/LaBSE,serbian,asante,0.086,0.1430304343212013
sentence-transformers/LaBSE,serbian,assamese,0.888,0.9239844354997108
sentence-transformers/LaBSE,serbian,azeri,0.937,0.9559268699799445
sentence-transformers/LaBSE,serbian,bosnian-mihanovich,0.986,0.9910333333333333
sentence-transformers/LaBSE,serbian,bosnian-rwwad,0.986,0.9905666666666667
sentence-transformers/LaBSE,serbian,chinese,0.907,0.9341099014837382
sentence-transformers/LaBSE,serbian,croatian,0.989,0.9922833333333333
sentence-transformers/LaBSE,serbian,dutch,0.94,0.9600645617825381
sentence-transformers/LaBSE,serbian,english,0.95,0.9673483089826839
sentence-transformers/LaBSE,serbian,french,0.899,0.9287364658238437
sentence-transformers/LaBSE,serbian,german,0.953,0.9652760610103553
sentence-transformers/LaBSE,serbian,gujarati,0.907,0.9341275038764068
sentence-transformers/LaBSE,serbian,hausa,0.776,0.8298186775498078
sentence-transformers/LaBSE,serbian,indonesian,0.948,0.9660337004498768
sentence-transformers/LaBSE,serbian,japanese,0.914,0.9378473666445843
sentence-transformers/LaBSE,serbian,kannada,0.92,0.945854709626227
sentence-transformers/LaBSE,serbian,khmer,0.911,0.9365224354988197
sentence-transformers/LaBSE,serbian,kurdish,0.066,0.12320210764683824
sentence-transformers/LaBSE,serbian,kyrgyz,0.873,0.9120605160046816
sentence-transformers/LaBSE,serbian,lingala,0.125,0.19477629044170533
sentence-transformers/LaBSE,serbian,lithuanian,0.927,0.9482083299826409
sentence-transformers/LaBSE,serbian,macedonian,0.974,0.9828042268404793
sentence-transformers/LaBSE,serbian,malayalam,0.925,0.9475568186360123
sentence-transformers/LaBSE,serbian,moore,0.055,0.10011437979937539
sentence-transformers/LaBSE,serbian,oromo,0.067,0.1293468202932046
sentence-transformers/LaBSE,serbian,pashto,0.813,0.8561406799298084
sentence-transformers/LaBSE,serbian,persian,0.928,0.9480728153645728
sentence-transformers/LaBSE,serbian,portuguese,0.937,0.9538952820667144
sentence-transformers/LaBSE,serbian,romanian,0.941,0.9600453588373726
sentence-transformers/LaBSE,serbian,spanish,0.931,0.951242667703358
sentence-transformers/LaBSE,serbian,tagalog,0.904,0.9310333243625619
sentence-transformers/LaBSE,serbian,tajik,0.855,0.8932035706767624
sentence-transformers/LaBSE,serbian,tamil,0.915,0.942101979956279
sentence-transformers/LaBSE,serbian,turkish,0.921,0.9461731669689007
sentence-transformers/LaBSE,serbian,urdu,0.917,0.9424472281705575
sentence-transformers/LaBSE,serbian,uyghur,0.85,0.8877479443831463
sentence-transformers/LaBSE,serbian,uzbek,0.853,0.890859285335756
sentence-transformers/LaBSE,serbian,vietnamese,0.919,0.9435044871678658
sentence-transformers/LaBSE,serbian,yoruba,0.533,0.6272211389841906
sentence-transformers/LaBSE,spanish,albanian,0.93,0.9513725189309263
sentence-transformers/LaBSE,spanish,asante,0.084,0.13452098224258416
sentence-transformers/LaBSE,spanish,assamese,0.827,0.8703308311453061
sentence-transformers/LaBSE,spanish,azeri,0.902,0.929605731369659
sentence-transformers/LaBSE,spanish,bosnian-mihanovich,0.912,0.9340746714266337
sentence-transformers/LaBSE,spanish,bosnian-rwwad,0.916,0.938852486487913
sentence-transformers/LaBSE,spanish,chinese,0.85,0.8913312832085892
sentence-transformers/LaBSE,spanish,croatian,0.92,0.9405037348219589
sentence-transformers/LaBSE,spanish,dutch,0.933,0.9538736349995665
sentence-transformers/LaBSE,spanish,english,0.928,0.9525356406418323
sentence-transformers/LaBSE,spanish,french,0.895,0.9247880742338216
sentence-transformers/LaBSE,spanish,german,0.894,0.9223662074298893
sentence-transformers/LaBSE,spanish,gujarati,0.848,0.8906606033568198
sentence-transformers/LaBSE,spanish,hausa,0.727,0.7827708211010583
sentence-transformers/LaBSE,spanish,indonesian,0.939,0.9550797837283446
sentence-transformers/LaBSE,spanish,japanese,0.908,0.9343365085974332
sentence-transformers/LaBSE,spanish,kannada,0.899,0.9289392856326979
sentence-transformers/LaBSE,spanish,khmer,0.898,0.925755789564656
sentence-transformers/LaBSE,spanish,kurdish,0.055,0.10133714357363412
sentence-transformers/LaBSE,spanish,kyrgyz,0.862,0.9012851106872777
sentence-transformers/LaBSE,spanish,lingala,0.124,0.18519291082188577
sentence-transformers/LaBSE,spanish,lithuanian,0.917,0.9400756358900862
sentence-transformers/LaBSE,spanish,macedonian,0.903,0.928385350287801
sentence-transformers/LaBSE,spanish,malayalam,0.886,0.9176563957690282
sentence-transformers/LaBSE,spanish,moore,0.046,0.08264269217774435
sentence-transformers/LaBSE,spanish,oromo,0.063,0.11238239918528391
sentence-transformers/LaBSE,spanish,pashto,0.721,0.7824129108181955
sentence-transformers/LaBSE,spanish,persian,0.928,0.9495591301796835
sentence-transformers/LaBSE,spanish,portuguese,0.912,0.9388737572081045
sentence-transformers/LaBSE,spanish,romanian,0.921,0.9410520333521647
sentence-transformers/LaBSE,spanish,serbian,0.919,0.9396814707235133
sentence-transformers/LaBSE,spanish,tagalog,0.859,0.8919189017340432
sentence-transformers/LaBSE,spanish,tajik,0.839,0.8788707944534433
sentence-transformers/LaBSE,spanish,tamil,0.891,0.925356135395761
sentence-transformers/LaBSE,spanish,turkish,0.887,0.9196349847591265
sentence-transformers/LaBSE,spanish,urdu,0.872,0.9070121296497168
sentence-transformers/LaBSE,spanish,uyghur,0.863,0.8981690273415698
sentence-transformers/LaBSE,spanish,uzbek,0.788,0.8388708765796288
sentence-transformers/LaBSE,spanish,vietnamese,0.907,0.9350887169868095
sentence-transformers/LaBSE,spanish,yoruba,0.482,0.5730416394833414
sentence-transformers/LaBSE,tagalog,albanian,0.929,0.9515101648836521
sentence-transformers/LaBSE,tagalog,asante,0.101,0.16610797165766575
sentence-transformers/LaBSE,tagalog,assamese,0.86,0.9005455650282765
sentence-transformers/LaBSE,tagalog,azeri,0.92,0.9466617998014917
sentence-transformers/LaBSE,tagalog,bosnian-mihanovich,0.925,0.9477099576878704
sentence-transformers/LaBSE,tagalog,bosnian-rwwad,0.918,0.9432850519917362
sentence-transformers/LaBSE,tagalog,chinese,0.876,0.9159942787202799
sentence-transformers/LaBSE,tagalog,croatian,0.919,0.9430358834717085
sentence-transformers/LaBSE,tagalog,dutch,0.935,0.9555734716467272
sentence-transformers/LaBSE,tagalog,english,0.948,0.966110152693636
sentence-transformers/LaBSE,tagalog,french,0.854,0.8907991561744677
sentence-transformers/LaBSE,tagalog,german,0.938,0.9565355035718339
sentence-transformers/LaBSE,tagalog,gujarati,0.867,0.9017171524469216
sentence-transformers/LaBSE,tagalog,hausa,0.828,0.8706667910046454
sentence-transformers/LaBSE,tagalog,indonesian,0.936,0.9589289545202058
sentence-transformers/LaBSE,tagalog,japanese,0.917,0.9398421987575014
sentence-transformers/LaBSE,tagalog,kannada,0.915,0.9409895491501452
sentence-transformers/LaBSE,tagalog,khmer,0.903,0.929425548693561
sentence-transformers/LaBSE,tagalog,kurdish,0.077,0.13074435626992703
sentence-transformers/LaBSE,tagalog,kyrgyz,0.844,0.891199529330151
sentence-transformers/LaBSE,tagalog,lingala,0.145,0.21842138271462186
sentence-transformers/LaBSE,tagalog,lithuanian,0.922,0.9477927893051633
sentence-transformers/LaBSE,tagalog,macedonian,0.906,0.9314131516107665
sentence-transformers/LaBSE,tagalog,malayalam,0.931,0.9521900043775108
sentence-transformers/LaBSE,tagalog,moore,0.062,0.11212610306325778
sentence-transformers/LaBSE,tagalog,oromo,0.088,0.15072207513753647
sentence-transformers/LaBSE,tagalog,pashto,0.801,0.8482735093254251
sentence-transformers/LaBSE,tagalog,persian,0.922,0.9453283710362659
sentence-transformers/LaBSE,tagalog,portuguese,0.948,0.9641651732612649
sentence-transformers/LaBSE,tagalog,romanian,0.93,0.9548055684894818
sentence-transformers/LaBSE,tagalog,serbian,0.911,0.934993249922036
sentence-transformers/LaBSE,tagalog,spanish,0.897,0.9292202346716317
sentence-transformers/LaBSE,tagalog,tajik,0.848,0.8880059546862413
sentence-transformers/LaBSE,tagalog,tamil,0.911,0.9401046811908463
sentence-transformers/LaBSE,tagalog,turkish,0.91,0.9384855962217357
sentence-transformers/LaBSE,tagalog,urdu,0.909,0.9369376323802465
sentence-transformers/LaBSE,tagalog,uyghur,0.836,0.8769899103678694
sentence-transformers/LaBSE,tagalog,uzbek,0.874,0.908018435516329
sentence-transformers/LaBSE,tagalog,vietnamese,0.897,0.9267760862351502
sentence-transformers/LaBSE,tagalog,yoruba,0.632,0.7138980268344512
sentence-transformers/LaBSE,tajik,albanian,0.892,0.9215936238977019
sentence-transformers/LaBSE,tajik,asante,0.106,0.16562692128464665
sentence-transformers/LaBSE,tajik,assamese,0.837,0.8775612679561129
sentence-transformers/LaBSE,tajik,azeri,0.905,0.9289725865172908
sentence-transformers/LaBSE,tajik,bosnian-mihanovich,0.892,0.9185023061445697
sentence-transformers/LaBSE,tajik,bosnian-rwwad,0.886,0.9152855946700257
sentence-transformers/LaBSE,tajik,chinese,0.796,0.8476239626256441
sentence-transformers/LaBSE,tajik,croatian,0.885,0.9146610073187951
sentence-transformers/LaBSE,tajik,dutch,0.89,0.9197188310920784
sentence-transformers/LaBSE,tajik,english,0.9,0.9267756379162493
sentence-transformers/LaBSE,tajik,french,0.816,0.8609590308971622
sentence-transformers/LaBSE,tajik,german,0.887,0.9189862694989144
sentence-transformers/LaBSE,tajik,gujarati,0.852,0.8917021087894426
sentence-transformers/LaBSE,tajik,hausa,0.73,0.7853887549927934
sentence-transformers/LaBSE,tajik,indonesian,0.901,0.9309457334904939
sentence-transformers/LaBSE,tajik,japanese,0.88,0.9103829680449418
sentence-transformers/LaBSE,tajik,kannada,0.872,0.9032415568658761
sentence-transformers/LaBSE,tajik,khmer,0.869,0.9042422606076264
sentence-transformers/LaBSE,tajik,kurdish,0.087,0.14672608676573234
sentence-transformers/LaBSE,tajik,kyrgyz,0.846,0.8827409226804941
sentence-transformers/LaBSE,tajik,lingala,0.131,0.19592351669290947
sentence-transformers/LaBSE,tajik,lithuanian,0.87,0.9060203809810436
sentence-transformers/LaBSE,tajik,macedonian,0.869,0.9001561626141196
sentence-transformers/LaBSE,tajik,malayalam,0.862,0.8956618179413492
sentence-transformers/LaBSE,tajik,moore,0.056,0.09898488412449352
sentence-transformers/LaBSE,tajik,oromo,0.098,0.15499309756019436
sentence-transformers/LaBSE,tajik,pashto,0.779,0.8270098344692847
sentence-transformers/LaBSE,tajik,persian,0.986,0.9911102564102565
sentence-transformers/LaBSE,tajik,portuguese,0.887,0.9192200661215287
sentence-transformers/LaBSE,tajik,romanian,0.893,0.9199591889680228
sentence-transformers/LaBSE,tajik,serbian,0.884,0.9126851964414623
sentence-transformers/LaBSE,tajik,spanish,0.873,0.9078492689887555
sentence-transformers/LaBSE,tajik,tagalog,0.837,0.8725616428313405
sentence-transformers/LaBSE,tajik,tamil,0.892,0.9214670067470446
sentence-transformers/LaBSE,tajik,turkish,0.887,0.9147187227716594
sentence-transformers/LaBSE,tajik,urdu,0.884,0.9105227491775463
sentence-transformers/LaBSE,tajik,uyghur,0.847,0.8835155574470662
sentence-transformers/LaBSE,tajik,uzbek,0.823,0.8590071111252402
sentence-transformers/LaBSE,tajik,vietnamese,0.865,0.8969826558703189
sentence-transformers/LaBSE,tajik,yoruba,0.531,0.6176802192144464
sentence-transformers/LaBSE,tamil,albanian,0.911,0.9395807661395367
sentence-transformers/LaBSE,tamil,asante,0.078,0.1291219324938676
sentence-transformers/LaBSE,tamil,assamese,0.885,0.9178525474998591
sentence-transformers/LaBSE,tamil,azeri,0.931,0.9533468051375206
sentence-transformers/LaBSE,tamil,bosnian-mihanovich,0.92,0.9422960671414728
sentence-transformers/LaBSE,tamil,bosnian-rwwad,0.919,0.941458763351664
sentence-transformers/LaBSE,tamil,chinese,0.904,0.9324809910046663
sentence-transformers/LaBSE,tamil,croatian,0.918,0.9415505939343932
sentence-transformers/LaBSE,tamil,dutch,0.942,0.9637025310020324
sentence-transformers/LaBSE,tamil,english,0.939,0.9606291664007442
sentence-transformers/LaBSE,tamil,french,0.869,0.9022005816775259
sentence-transformers/LaBSE,tamil,german,0.928,0.9470934722448856
sentence-transformers/LaBSE,tamil,gujarati,0.908,0.9361899508133745
sentence-transformers/LaBSE,tamil,hausa,0.8,0.8516827836816862
sentence-transformers/LaBSE,tamil,indonesian,0.942,0.9621955434340963
sentence-transformers/LaBSE,tamil,japanese,0.932,0.9529658830853357
sentence-transformers/LaBSE,tamil,kannada,0.954,0.9683037260508373
sentence-transformers/LaBSE,tamil,khmer,0.92,0.9421685166628042
sentence-transformers/LaBSE,tamil,kurdish,0.064,0.11195472907905561
sentence-transformers/LaBSE,tamil,kyrgyz,0.887,0.9226728277770203
sentence-transformers/LaBSE,tamil,lingala,0.117,0.17626412902875233
sentence-transformers/LaBSE,tamil,lithuanian,0.913,0.9402628976848051
sentence-transformers/LaBSE,tamil,macedonian,0.915,0.9364436847671268
sentence-transformers/LaBSE,tamil,malayalam,0.944,0.9628753174583394
sentence-transformers/LaBSE,tamil,moore,0.05,0.08865537314870647
sentence-transformers/LaBSE,tamil,oromo,0.079,0.13327383204316742
sentence-transformers/LaBSE,tamil,pashto,0.803,0.8428686216637159
sentence-transformers/LaBSE,tamil,persian,0.942,0.9596976526771704
sentence-transformers/LaBSE,tamil,portuguese,0.93,0.9519288491203772
sentence-transformers/LaBSE,tamil,romanian,0.922,0.9429042846892779
sentence-transformers/LaBSE,tamil,serbian,0.914,0.9374061377263015
sentence-transformers/LaBSE,tamil,spanish,0.905,0.9346956649470062
sentence-transformers/LaBSE,tamil,tagalog,0.903,0.9285170631288941
sentence-transformers/LaBSE,tamil,tajik,0.865,0.9004541903877323
sentence-transformers/LaBSE,tamil,turkish,0.924,0.9463950161194109
sentence-transformers/LaBSE,tamil,urdu,0.921,0.9460107136735073
sentence-transformers/LaBSE,tamil,uyghur,0.873,0.9021372744940058
sentence-transformers/LaBSE,tamil,uzbek,0.871,0.90413734621708
sentence-transformers/LaBSE,tamil,vietnamese,0.916,0.9405228571667547
sentence-transformers/LaBSE,tamil,yoruba,0.56,0.6466543687915333
sentence-transformers/LaBSE,turkish,albanian,0.939,0.9579358684136372
sentence-transformers/LaBSE,turkish,asante,0.085,0.13816282479288663
sentence-transformers/LaBSE,turkish,assamese,0.902,0.9311303237986436
sentence-transformers/LaBSE,turkish,azeri,0.96,0.9743392585405966
sentence-transformers/LaBSE,turkish,bosnian-mihanovich,0.932,0.9538731743404316
sentence-transformers/LaBSE,turkish,bosnian-rwwad,0.93,0.9514252667839336
sentence-transformers/LaBSE,turkish,chinese,0.899,0.9319949484446249
sentence-transformers/LaBSE,turkish,croatian,0.932,0.9525055961200619
sentence-transformers/LaBSE,turkish,dutch,0.938,0.9605856228956229
sentence-transformers/LaBSE,turkish,english,0.937,0.9623064715541388
sentence-transformers/LaBSE,turkish,french,0.877,0.9125419641741007
sentence-transformers/LaBSE,turkish,german,0.927,0.9511216483627597
sentence-transformers/LaBSE,turkish,gujarati,0.928,0.949316279965088
sentence-transformers/LaBSE,turkish,hausa,0.8,0.8506589114734997
sentence-transformers/LaBSE,turkish,indonesian,0.948,0.9661940546013127
sentence-transformers/LaBSE,turkish,japanese,0.923,0.9468613128089598
sentence-transformers/LaBSE,turkish,kannada,0.951,0.9678131542105689
sentence-transformers/LaBSE,turkish,khmer,0.911,0.9379316310821804
sentence-transformers/LaBSE,turkish,kurdish,0.069,0.12192878928686372
sentence-transformers/LaBSE,turkish,kyrgyz,0.923,0.9479671631689509
sentence-transformers/LaBSE,turkish,lingala,0.151,0.21309228873545358
sentence-transformers/LaBSE,turkish,lithuanian,0.917,0.9443143704608158
sentence-transformers/LaBSE,turkish,macedonian,0.925,0.9463293829666543
sentence-transformers/LaBSE,turkish,malayalam,0.945,0.9633976008300892
sentence-transformers/LaBSE,turkish,moore,0.068,0.11410928565092891
sentence-transformers/LaBSE,turkish,oromo,0.1,0.16533638459543357
sentence-transformers/LaBSE,turkish,pashto,0.826,0.8661862357363591
sentence-transformers/LaBSE,turkish,persian,0.946,0.9637203875859041
sentence-transformers/LaBSE,turkish,portuguese,0.95,0.9652201137101621
sentence-transformers/LaBSE,turkish,romanian,0.936,0.9549879946964137
sentence-transformers/LaBSE,turkish,serbian,0.927,0.9487371174885323
sentence-transformers/LaBSE,turkish,spanish,0.919,0.9462334872109079
sentence-transformers/LaBSE,turkish,tagalog,0.905,0.9345217100305396
sentence-transformers/LaBSE,turkish,tajik,0.896,0.922212555290951
sentence-transformers/LaBSE,turkish,tamil,0.936,0.9578582392824301
sentence-transformers/LaBSE,turkish,urdu,0.941,0.9598611633987036
sentence-transformers/LaBSE,turkish,uyghur,0.887,0.9137579955384537
sentence-transformers/LaBSE,turkish,uzbek,0.908,0.9332492665160772
sentence-transformers/LaBSE,turkish,vietnamese,0.919,0.9475588921604966
sentence-transformers/LaBSE,turkish,yoruba,0.565,0.6522666609176092
sentence-transformers/LaBSE,urdu,albanian,0.935,0.9550815844917743
sentence-transformers/LaBSE,urdu,asante,0.077,0.1264740562957933
sentence-transformers/LaBSE,urdu,assamese,0.912,0.9364763698911674
sentence-transformers/LaBSE,urdu,azeri,0.927,0.948171879567741
sentence-transformers/LaBSE,urdu,bosnian-mihanovich,0.939,0.9544813494984973
sentence-transformers/LaBSE,urdu,bosnian-rwwad,0.929,0.9495311146211265
sentence-transformers/LaBSE,urdu,chinese,0.896,0.9237069093419562
sentence-transformers/LaBSE,urdu,croatian,0.928,0.9481248375731156
sentence-transformers/LaBSE,urdu,dutch,0.935,0.9561638164674341
sentence-transformers/LaBSE,urdu,english,0.938,0.9591188094787958
sentence-transformers/LaBSE,urdu,french,0.876,0.9128132847403387
sentence-transformers/LaBSE,urdu,german,0.942,0.9554570073518018
sentence-transformers/LaBSE,urdu,gujarati,0.969,0.9779730700375214
sentence-transformers/LaBSE,urdu,hausa,0.74,0.8042918296654072
sentence-transformers/LaBSE,urdu,indonesian,0.949,0.9679982035862308
sentence-transformers/LaBSE,urdu,japanese,0.912,0.9356075863962141
sentence-transformers/LaBSE,urdu,kannada,0.963,0.9738538862624541
sentence-transformers/LaBSE,urdu,khmer,0.911,0.9391057456076712
sentence-transformers/LaBSE,urdu,kurdish,0.069,0.11983121637245571
sentence-transformers/LaBSE,urdu,kyrgyz,0.874,0.9145241969961456
sentence-transformers/LaBSE,urdu,lingala,0.09,0.1429175971186773
sentence-transformers/LaBSE,urdu,lithuanian,0.922,0.9447312392687386
sentence-transformers/LaBSE,urdu,macedonian,0.922,0.9441948462974196
sentence-transformers/LaBSE,urdu,malayalam,0.95,0.965019214079118
sentence-transformers/LaBSE,urdu,moore,0.036,0.07554296021319555
sentence-transformers/LaBSE,urdu,oromo,0.059,0.11294625762653455
sentence-transformers/LaBSE,urdu,pashto,0.882,0.9112411350414239
sentence-transformers/LaBSE,urdu,persian,0.94,0.9572353852963525
sentence-transformers/LaBSE,urdu,portuguese,0.945,0.9629312382985958
sentence-transformers/LaBSE,urdu,romanian,0.92,0.94311447095825
sentence-transformers/LaBSE,urdu,serbian,0.93,0.9500544412481094
sentence-transformers/LaBSE,urdu,spanish,0.915,0.9428342312930674
sentence-transformers/LaBSE,urdu,tagalog,0.895,0.9260063057556583
sentence-transformers/LaBSE,urdu,tajik,0.873,0.9023421517899369
sentence-transformers/LaBSE,urdu,tamil,0.944,0.9608366675865414
sentence-transformers/LaBSE,urdu,turkish,0.942,0.9605363551675684
sentence-transformers/LaBSE,urdu,uyghur,0.869,0.9017455905591746
sentence-transformers/LaBSE,urdu,uzbek,0.876,0.9074118736142058
sentence-transformers/LaBSE,urdu,vietnamese,0.92,0.943168245688036
sentence-transformers/LaBSE,urdu,yoruba,0.463,0.5567972443591921
sentence-transformers/LaBSE,uyghur,albanian,0.856,0.8930641555745269
sentence-transformers/LaBSE,uyghur,asante,0.066,0.11279241162328367
sentence-transformers/LaBSE,uyghur,assamese,0.772,0.8170866037917686
sentence-transformers/LaBSE,uyghur,azeri,0.875,0.9035969828200039
sentence-transformers/LaBSE,uyghur,bosnian-mihanovich,0.842,0.8754560569432888
sentence-transformers/LaBSE,uyghur,bosnian-rwwad,0.834,0.8713884992028358
sentence-transformers/LaBSE,uyghur,chinese,0.843,0.8790826618553844
sentence-transformers/LaBSE,uyghur,croatian,0.841,0.8742404567113128
sentence-transformers/LaBSE,uyghur,dutch,0.856,0.8903548804048296
sentence-transformers/LaBSE,uyghur,english,0.854,0.8876041491507562
sentence-transformers/LaBSE,uyghur,french,0.923,0.9413690885657519
sentence-transformers/LaBSE,uyghur,german,0.839,0.8704056653880217
sentence-transformers/LaBSE,uyghur,gujarati,0.871,0.9003238151248253
sentence-transformers/LaBSE,uyghur,hausa,0.643,0.7106366090272637
sentence-transformers/LaBSE,uyghur,indonesian,0.877,0.9044824413823569
sentence-transformers/LaBSE,uyghur,japanese,0.847,0.8833172686468372
sentence-transformers/LaBSE,uyghur,kannada,0.857,0.8887223251850805
sentence-transformers/LaBSE,uyghur,khmer,0.85,0.8826500991427884
sentence-transformers/LaBSE,uyghur,kurdish,0.052,0.09508423456022946
sentence-transformers/LaBSE,uyghur,kyrgyz,0.84,0.8767377001099992
sentence-transformers/LaBSE,uyghur,lingala,0.097,0.14284808910745647
sentence-transformers/LaBSE,uyghur,lithuanian,0.941,0.9545131245237949
sentence-transformers/LaBSE,uyghur,macedonian,0.938,0.9549705795848745
sentence-transformers/LaBSE,uyghur,malayalam,0.845,0.876477187897312
sentence-transformers/LaBSE,uyghur,moore,0.044,0.07514522440888922
sentence-transformers/LaBSE,uyghur,oromo,0.074,0.11741480265460115
sentence-transformers/LaBSE,uyghur,pashto,0.676,0.7333100779069227
sentence-transformers/LaBSE,uyghur,persian,0.894,0.9213905037877955
sentence-transformers/LaBSE,uyghur,portuguese,0.866,0.8953516133711619
sentence-transformers/LaBSE,uyghur,romanian,0.858,0.8861220043726477
sentence-transformers/LaBSE,uyghur,serbian,0.838,0.8722606887238119
sentence-transformers/LaBSE,uyghur,spanish,0.858,0.8926796537668954
sentence-transformers/LaBSE,uyghur,tagalog,0.793,0.8399783456333896
sentence-transformers/LaBSE,uyghur,tajik,0.811,0.8539847920231378
sentence-transformers/LaBSE,uyghur,tamil,0.859,0.8929853089723724
sentence-transformers/LaBSE,uyghur,turkish,0.859,0.890885650704252
sentence-transformers/LaBSE,uyghur,urdu,0.846,0.8775122488226382
sentence-transformers/LaBSE,uyghur,uzbek,0.785,0.828899208927065
sentence-transformers/LaBSE,uyghur,vietnamese,0.841,0.8784548400743211
sentence-transformers/LaBSE,uyghur,yoruba,0.413,0.499612706030725
sentence-transformers/LaBSE,uzbek,albanian,0.906,0.937232008181823
sentence-transformers/LaBSE,uzbek,asante,0.099,0.16465261615232937
sentence-transformers/LaBSE,uzbek,assamese,0.879,0.9131910043520345
sentence-transformers/LaBSE,uzbek,azeri,0.934,0.9566426153057107
sentence-transformers/LaBSE,uzbek,bosnian-mihanovich,0.914,0.9409070210753109
sentence-transformers/LaBSE,uzbek,bosnian-rwwad,0.916,0.9402149636963629
sentence-transformers/LaBSE,uzbek,chinese,0.883,0.9186210572362934
sentence-transformers/LaBSE,uzbek,croatian,0.915,0.9384048458687154
sentence-transformers/LaBSE,uzbek,dutch,0.912,0.9413785529563968
sentence-transformers/LaBSE,uzbek,english,0.916,0.9443585717986435
sentence-transformers/LaBSE,uzbek,french,0.852,0.8879913436102717
sentence-transformers/LaBSE,uzbek,german,0.919,0.9425797236277592
sentence-transformers/LaBSE,uzbek,gujarati,0.891,0.9250196933163417
sentence-transformers/LaBSE,uzbek,hausa,0.793,0.8536101963794358
sentence-transformers/LaBSE,uzbek,indonesian,0.919,0.9430421293319107
sentence-transformers/LaBSE,uzbek,japanese,0.892,0.9251265943700461
sentence-transformers/LaBSE,uzbek,kannada,0.923,0.94989172612855
sentence-transformers/LaBSE,uzbek,khmer,0.892,0.9199302927032473
sentence-transformers/LaBSE,uzbek,kurdish,0.087,0.1469540214358826
sentence-transformers/LaBSE,uzbek,kyrgyz,0.903,0.9339252860436382
sentence-transformers/LaBSE,uzbek,lingala,0.165,0.2435244999773824
sentence-transformers/LaBSE,uzbek,lithuanian,0.888,0.9210433069454832
sentence-transformers/LaBSE,uzbek,macedonian,0.903,0.9306682622458814
sentence-transformers/LaBSE,uzbek,malayalam,0.93,0.9530253873905504
sentence-transformers/LaBSE,uzbek,moore,0.099,0.15706703116549722
sentence-transformers/LaBSE,uzbek,oromo,0.127,0.20527960693544758
sentence-transformers/LaBSE,uzbek,pashto,0.848,0.887821749234494
sentence-transformers/LaBSE,uzbek,persian,0.905,0.9348494903766454
sentence-transformers/LaBSE,uzbek,portuguese,0.926,0.9490584405746595
sentence-transformers/LaBSE,uzbek,romanian,0.901,0.9310487501919621
sentence-transformers/LaBSE,uzbek,serbian,0.906,0.933493429167488
sentence-transformers/LaBSE,uzbek,spanish,0.859,0.9057252863738485
sentence-transformers/LaBSE,uzbek,tagalog,0.908,0.9366064884629232
sentence-transformers/LaBSE,uzbek,tajik,0.871,0.9038784928277057
sentence-transformers/LaBSE,uzbek,tamil,0.916,0.942489431155894
sentence-transformers/LaBSE,uzbek,turkish,0.935,0.9565712565555162
sentence-transformers/LaBSE,uzbek,urdu,0.911,0.9402556661828262
sentence-transformers/LaBSE,uzbek,uyghur,0.868,0.9021943686592938
sentence-transformers/LaBSE,uzbek,vietnamese,0.873,0.909378822783728
sentence-transformers/LaBSE,uzbek,yoruba,0.601,0.6903116330420221
sentence-transformers/LaBSE,vietnamese,albanian,0.901,0.9280074260792233
sentence-transformers/LaBSE,vietnamese,asante,0.076,0.13030295513091342
sentence-transformers/LaBSE,vietnamese,assamese,0.809,0.8601074061356541
sentence-transformers/LaBSE,vietnamese,azeri,0.876,0.9099288988105326
sentence-transformers/LaBSE,vietnamese,bosnian-mihanovich,0.889,0.9168489077803649
sentence-transformers/LaBSE,vietnamese,bosnian-rwwad,0.881,0.912152038196611
sentence-transformers/LaBSE,vietnamese,chinese,0.873,0.907793335399858
sentence-transformers/LaBSE,vietnamese,croatian,0.883,0.9123619654261442
sentence-transformers/LaBSE,vietnamese,dutch,0.931,0.9539211534754107
sentence-transformers/LaBSE,vietnamese,english,0.92,0.9474005200707019
sentence-transformers/LaBSE,vietnamese,french,0.848,0.8880803278744545
sentence-transformers/LaBSE,vietnamese,german,0.879,0.9137369707246105
sentence-transformers/LaBSE,vietnamese,gujarati,0.861,0.8973180068654365
sentence-transformers/LaBSE,vietnamese,hausa,0.668,0.7367625683436537
sentence-transformers/LaBSE,vietnamese,indonesian,0.923,0.9481399458289004
sentence-transformers/LaBSE,vietnamese,japanese,0.903,0.930017643452024
sentence-transformers/LaBSE,vietnamese,kannada,0.913,0.9360087919557274
sentence-transformers/LaBSE,vietnamese,khmer,0.902,0.9326063875911941
sentence-transformers/LaBSE,vietnamese,kurdish,0.052,0.08954266661212412
sentence-transformers/LaBSE,vietnamese,kyrgyz,0.856,0.8943813505714837
sentence-transformers/LaBSE,vietnamese,lingala,0.088,0.14065642699453043
sentence-transformers/LaBSE,vietnamese,lithuanian,0.896,0.9246177348322803
sentence-transformers/LaBSE,vietnamese,macedonian,0.87,0.900486668129771
sentence-transformers/LaBSE,vietnamese,malayalam,0.898,0.9264985840446646
sentence-transformers/LaBSE,vietnamese,moore,0.043,0.07429314207807992
sentence-transformers/LaBSE,vietnamese,oromo,0.058,0.10618289286968285
sentence-transformers/LaBSE,vietnamese,pashto,0.677,0.7423946601230434
sentence-transformers/LaBSE,vietnamese,persian,0.922,0.945993309778926
sentence-transformers/LaBSE,vietnamese,portuguese,0.894,0.9269148855022334
sentence-transformers/LaBSE,vietnamese,romanian,0.925,0.9387871562544312
sentence-transformers/LaBSE,vietnamese,serbian,0.87,0.9024091628006327
sentence-transformers/LaBSE,vietnamese,spanish,0.913,0.9364076766540754
sentence-transformers/LaBSE,vietnamese,tagalog,0.849,0.88504875603814
sentence-transformers/LaBSE,vietnamese,tajik,0.807,0.8530935629112443
sentence-transformers/LaBSE,vietnamese,tamil,0.897,0.9251709074337935
sentence-transformers/LaBSE,vietnamese,turkish,0.888,0.922410472926308
sentence-transformers/LaBSE,vietnamese,urdu,0.885,0.9155742518386819
sentence-transformers/LaBSE,vietnamese,uyghur,0.847,0.882076881513404
sentence-transformers/LaBSE,vietnamese,uzbek,0.769,0.8203055606440341
sentence-transformers/LaBSE,vietnamese,yoruba,0.423,0.518024765312602
sentence-transformers/LaBSE,yoruba,albanian,0.577,0.6710453269225293
sentence-transformers/LaBSE,yoruba,asante,0.069,0.14301817357999352
sentence-transformers/LaBSE,yoruba,assamese,0.493,0.590084497070123
sentence-transformers/LaBSE,yoruba,azeri,0.593,0.6795961639861063
sentence-transformers/LaBSE,yoruba,bosnian-mihanovich,0.639,0.7199402313817022
sentence-transformers/LaBSE,yoruba,bosnian-rwwad,0.612,0.6972200304879934
sentence-transformers/LaBSE,yoruba,chinese,0.506,0.5992285361308576
sentence-transformers/LaBSE,yoruba,croatian,0.611,0.6960385728985764
sentence-transformers/LaBSE,yoruba,dutch,0.591,0.6835455177495648
sentence-transformers/LaBSE,yoruba,english,0.682,0.7530014623006883
sentence-transformers/LaBSE,yoruba,french,0.514,0.6059895438640013
sentence-transformers/LaBSE,yoruba,german,0.606,0.6882467239903514
sentence-transformers/LaBSE,yoruba,gujarati,0.532,0.6274040741950833
sentence-transformers/LaBSE,yoruba,hausa,0.521,0.622936946571791
sentence-transformers/LaBSE,yoruba,indonesian,0.671,0.7535461984346781
sentence-transformers/LaBSE,yoruba,japanese,0.574,0.6710089349470079
sentence-transformers/LaBSE,yoruba,kannada,0.582,0.6647165121211417
sentence-transformers/LaBSE,yoruba,khmer,0.567,0.6574481060363847
sentence-transformers/LaBSE,yoruba,kurdish,0.045,0.09085539991157662
sentence-transformers/LaBSE,yoruba,kyrgyz,0.504,0.6014083332649223
sentence-transformers/LaBSE,yoruba,lingala,0.1,0.1670819587101517
sentence-transformers/LaBSE,yoruba,lithuanian,0.607,0.6933119093050911
sentence-transformers/LaBSE,yoruba,macedonian,0.585,0.6707118856223703
sentence-transformers/LaBSE,yoruba,malayalam,0.61,0.693473882544871
sentence-transformers/LaBSE,yoruba,moore,0.064,0.11863540930638874
sentence-transformers/LaBSE,yoruba,oromo,0.063,0.12882792573748988
sentence-transformers/LaBSE,yoruba,pashto,0.506,0.5985482372775457
sentence-transformers/LaBSE,yoruba,persian,0.602,0.6967786302552507
sentence-transformers/LaBSE,yoruba,portuguese,0.62,0.7117251643788802
sentence-transformers/LaBSE,yoruba,romanian,0.634,0.7149491785683179
sentence-transformers/LaBSE,yoruba,serbian,0.613,0.6973486021136488
sentence-transformers/LaBSE,yoruba,spanish,0.562,0.650196958934544
sentence-transformers/LaBSE,yoruba,tagalog,0.638,0.7238924926434557
sentence-transformers/LaBSE,yoruba,tajik,0.544,0.6381746112934141
sentence-transformers/LaBSE,yoruba,tamil,0.599,0.6904263702146402
sentence-transformers/LaBSE,yoruba,turkish,0.553,0.6540694100114434
sentence-transformers/LaBSE,yoruba,urdu,0.573,0.6657758040597312
sentence-transformers/LaBSE,yoruba,uyghur,0.516,0.6191370545405372
sentence-transformers/LaBSE,yoruba,uzbek,0.564,0.6498248842368807
sentence-transformers/LaBSE,yoruba,vietnamese,0.536,0.6360857761556483
sentence-transformers/paraphrase-multilingual-mpnet-base-v2,albanian,asante,0.006,0.020881617672088234
sentence-transformers/paraphrase-multilingual-mpnet-base-v2,albanian,assamese,0.228,0.3178598793327883
sentence-transformers/paraphrase-multilingual-mpnet-base-v2,albanian,azeri,0.717,0.7849244678069978
sentence-transformers/paraphrase-multilingual-mpnet-base-v2,albanian,bosnian-mihanovich,0.833,0.8774653218595304
sentence-transformers/paraphrase-multilingual-mpnet-base-v2,albanian,bosnian-rwwad,0.847,0.888080873655622
sentence-transformers/paraphrase-multilingual-mpnet-base-v2,albanian,chinese,0.649,0.7258602010941563
sentence-transformers/paraphrase-multilingual-mpnet-base-v2,albanian,croatian,0.851,0.8896537407923006
sentence-transformers/paraphrase-multilingual-mpnet-base-v2,albanian,dutch,0.805,0.8564780192259129
sentence-transformers/paraphrase-multilingual-mpnet-base-v2,albanian,english,0.848,0.8946209615442183
sentence-transformers/paraphrase-multilingual-mpnet-base-v2,albanian,french,0.724,0.7877237934772685
sentence-transformers/paraphrase-multilingual-mpnet-base-v2,albanian,german,0.785,0.8391440454498758
sentence-transformers/paraphrase-multilingual-mpnet-base-v2,albanian,gujarati,0.286,0.35669284855598726
sentence-transformers/paraphrase-multilingual-mpnet-base-v2,albanian,hausa,0.006,0.01940832499410304
sentence-transformers/paraphrase-multilingual-mpnet-base-v2,albanian,indonesian,0.796,0.8516476425342747
sentence-transformers/paraphrase-multilingual-mpnet-base-v2,albanian,japanese,0.732,0.7934727962678774
sentence-transformers/paraphrase-multilingual-mpnet-base-v2,albanian,kannada,0.528,0.6031914642990719
sentence-transformers/paraphrase-multilingual-mpnet-base-v2,albanian,khmer,0.505,0.5962460700843315
sentence-transformers/paraphrase-multilingual-mpnet-base-v2,albanian,kurdish,0.329,0.4219046771190883
sentence-transformers/paraphrase-multilingual-mpnet-base-v2,albanian,kyrgyz,0.377,0.46989282301298785
sentence-transformers/paraphrase-multilingual-mpnet-base-v2,albanian,lingala,0.004,0.01615337381440457
sentence-transformers/paraphrase-multilingual-mpnet-base-v2,albanian,lithuanian,0.779,0.8318018691698471
sentence-transformers/paraphrase-multilingual-mpnet-base-v2,albanian,macedonian,0.844,0.8843194880562127
sentence-transformers/paraphrase-multilingual-mpnet-base-v2,albanian,malayalam,0.618,0.6969444628297308
sentence-transformers/paraphrase-multilingual-mpnet-base-v2,albanian,moore,0.007,0.020892111256340797
sentence-transformers/paraphrase-multilingual-mpnet-base-v2,albanian,oromo,0.005,0.016890418114692694
sentence-transformers/paraphrase-multilingual-mpnet-base-v2,albanian,pashto,0.384,0.4757310359812514
sentence-transformers/paraphrase-multilingual-mpnet-base-v2,albanian,persian,0.797,0.8475172159773252
sentence-transformers/paraphrase-multilingual-mpnet-base-v2,albanian,portuguese,0.78,0.8374603457772037
sentence-transformers/paraphrase-multilingual-mpnet-base-v2,albanian,romanian,0.819,0.8662891314997947
sentence-transformers/paraphrase-multilingual-mpnet-base-v2,albanian,serbian,0.854,0.8903233228428981
sentence-transformers/paraphrase-multilingual-mpnet-base-v2,albanian,spanish,0.757,0.8210315409370897
sentence-transformers/paraphrase-multilingual-mpnet-base-v2,albanian,tagalog,0.026,0.04550928781241524
sentence-transformers/paraphrase-multilingual-mpnet-base-v2,albanian,tajik,0.004,0.014883644714867203
sentence-transformers/paraphrase-multilingual-mpnet-base-v2,albanian,tamil,0.614,0.6993195560038175
sentence-transformers/paraphrase-multilingual-mpnet-base-v2,albanian,turkish,0.789,0.8422455062559573
sentence-transformers/paraphrase-multilingual-mpnet-base-v2,albanian,urdu,0.731,0.7961076680484321
sentence-transformers/paraphrase-multilingual-mpnet-base-v2,albanian,uyghur,0.38,0.4757926120101314
sentence-transformers/paraphrase-multilingual-mpnet-base-v2,albanian,uzbek,0.012,0.03383620892443274
sentence-transformers/paraphrase-multilingual-mpnet-base-v2,albanian,vietnamese,0.775,0.8355798550323661
sentence-transformers/paraphrase-multilingual-mpnet-base-v2,albanian,yoruba,0.006,0.027707101354050852
sentence-transformers/paraphrase-multilingual-mpnet-base-v2,asante,albanian,0.011,0.023280222872440578
sentence-transformers/paraphrase-multilingual-mpnet-base-v2,asante,assamese,0.003,0.014006151700352902
sentence-transformers/paraphrase-multilingual-mpnet-base-v2,asante,azeri,0.004,0.01464864061476841
sentence-transformers/paraphrase-multilingual-mpnet-base-v2,asante,bosnian-mihanovich,0.007,0.019351320388513567
sentence-transformers/paraphrase-multilingual-mpnet-base-v2,asante,bosnian-rwwad,0.004,0.015392190608089837
sentence-transformers/paraphrase-multilingual-mpnet-base-v2,asante,chinese,0.005,0.013494220334296113
sentence-transformers/paraphrase-multilingual-mpnet-base-v2,asante,croatian,0.004,0.014965026456164213
sentence-transformers/paraphrase-multilingual-mpnet-base-v2,asante,dutch,0.004,0.016277911997657688
sentence-transformers/paraphrase-multilingual-mpnet-base-v2,asante,english,0.007,0.01730294570222373
sentence-transformers/paraphrase-multilingual-mpnet-base-v2,asante,french,0.008,0.019629223796276157
sentence-transformers/paraphrase-multilingual-mpnet-base-v2,asante,german,0.006,0.01692041171731416
sentence-transformers/paraphrase-multilingual-mpnet-base-v2,asante,gujarati,0.008,0.021428053854271774
sentence-transformers/paraphrase-multilingual-mpnet-base-v2,asante,hausa,0.005,0.01830769936676416
sentence-transformers/paraphrase-multilingual-mpnet-base-v2,asante,indonesian,0.005,0.017270936064543753
sentence-transformers/paraphrase-multilingual-mpnet-base-v2,asante,japanese,0.002,0.009464366566901649
sentence-transformers/paraphrase-multilingual-mpnet-base-v2,asante,kannada,0.007,0.0158381938652623
sentence-transformers/paraphrase-multilingual-mpnet-base-v2,asante,khmer,0.001,0.008632010609647849
sentence-transformers/paraphrase-multilingual-mpnet-base-v2,asante,kurdish,0.004,0.015972590207284202
sentence-transformers/paraphrase-multilingual-mpnet-base-v2,asante,kyrgyz,0.003,0.013438109532366887
sentence-transformers/paraphrase-multilingual-mpnet-base-v2,asante,lingala,0.003,0.01279843445040381
sentence-transformers/paraphrase-multilingual-mpnet-base-v2,asante,lithuanian,0.005,0.01666644479386381
sentence-transformers/paraphrase-multilingual-mpnet-base-v2,asante,macedonian,0.004,0.01649255075267144
sentence-transformers/paraphrase-multilingual-mpnet-base-v2,asante,malayalam,0.003,0.011585700665289831
sentence-transformers/paraphrase-multilingual-mpnet-base-v2,asante,moore,0.009,0.02351980793613055
sentence-transformers/paraphrase-multilingual-mpnet-base-v2,asante,oromo,0.008,0.025290207466711092
sentence-transformers/paraphrase-multilingual-mpnet-base-v2,asante,pashto,0.005,0.016605624022973105
sentence-transformers/paraphrase-multilingual-mpnet-base-v2,asante,persian,0.005,0.01710042102020241
sentence-transformers/paraphrase-multilingual-mpnet-base-v2,asante,portuguese,0.011,0.02358009386186334
sentence-transformers/paraphrase-multilingual-mpnet-base-v2,asante,romanian,0.006,0.018045413582596512
sentence-transformers/paraphrase-multilingual-mpnet-base-v2,asante,serbian,0.005,0.015023361291992578
sentence-transformers/paraphrase-multilingual-mpnet-base-v2,asante,spanish,0.005,0.019088604461498605
sentence-transformers/paraphrase-multilingual-mpnet-base-v2,asante,tagalog,0.01,0.02525722237896847
sentence-transformers/paraphrase-multilingual-mpnet-base-v2,asante,tajik,0.002,0.012695773032405717
sentence-transformers/paraphrase-multilingual-mpnet-base-v2,asante,tamil,0.003,0.013526409597731551
sentence-transformers/paraphrase-multilingual-mpnet-base-v2,asante,turkish,0.003,0.01440011101990314
sentence-transformers/paraphrase-multilingual-mpnet-base-v2,asante,urdu,0.009,0.018239239627814867
sentence-transformers/paraphrase-multilingual-mpnet-base-v2,asante,uyghur,0.001,0.0113501967010259
sentence-transformers/paraphrase-multilingual-mpnet-base-v2,asante,uzbek,0.003,0.013442692065162482
sentence-transformers/paraphrase-multilingual-mpnet-base-v2,asante,vietnamese,0.008,0.02262518397873876
sentence-transformers/paraphrase-multilingual-mpnet-base-v2,asante,yoruba,0.005,0.019042232381620193
sentence-transformers/paraphrase-multilingual-mpnet-base-v2,assamese,albanian,0.131,0.21486908393726042
sentence-transformers/paraphrase-multilingual-mpnet-base-v2,assamese,asante,0.004,0.013009869162494648
sentence-transformers/paraphrase-multilingual-mpnet-base-v2,assamese,azeri,0.115,0.1888329935517121
sentence-transformers/paraphrase-multilingual-mpnet-base-v2,assamese,bosnian-mihanovich,0.125,0.2014835840728128
sentence-transformers/paraphrase-multilingual-mpnet-base-v2,assamese,bosnian-rwwad,0.116,0.19942625390991292
sentence-transformers/paraphrase-multilingual-mpnet-base-v2,assamese,chinese,0.128,0.19260496416853123
sentence-transformers/paraphrase-multilingual-mpnet-base-v2,assamese,croatian,0.12,0.20226476426704118
sentence-transformers/paraphrase-multilingual-mpnet-base-v2,assamese,dutch,0.144,0.22477989287851416
sentence-transformers/paraphrase-multilingual-mpnet-base-v2,assamese,english,0.17,0.25287329495921823
sentence-transformers/paraphrase-multilingual-mpnet-base-v2,assamese,french,0.109,0.1833075908083366
sentence-transformers/paraphrase-multilingual-mpnet-base-v2,assamese,german,0.152,0.22460749457213142
sentence-transformers/paraphrase-multilingual-mpnet-base-v2,assamese,gujarati,0.087,0.13053637376996657
sentence-transformers/paraphrase-multilingual-mpnet-base-v2,assamese,hausa,0.003,0.015879126398813583
sentence-transformers/paraphrase-multilingual-mpnet-base-v2,assamese,indonesian,0.147,0.22453301947014426
sentence-transformers/paraphrase-multilingual-mpnet-base-v2,assamese,japanese,0.099,0.1616499698212165
sentence-transformers/paraphrase-multilingual-mpnet-base-v2,assamese,kannada,0.126,0.19129362897092503
sentence-transformers/paraphrase-multilingual-mpnet-base-v2,assamese,khmer,0.095,0.15357544956923566
sentence-transformers/paraphrase-multilingual-mpnet-base-v2,assamese,kurdish,0.069,0.11223028362563356
sentence-transformers/paraphrase-multilingual-mpnet-base-v2,assamese,kyrgyz,0.095,0.15032368141603283
sentence-transformers/paraphrase-multilingual-mpnet-base-v2,assamese,lingala,0.002,0.01342948573055699
sentence-transformers/paraphrase-multilingual-mpnet-base-v2,assamese,lithuanian,0.111,0.1957163595140177
sentence-transformers/paraphrase-multilingual-mpnet-base-v2,assamese,macedonian,0.158,0.23319552490102935
sentence-transformers/paraphrase-multilingual-mpnet-base-v2,assamese,malayalam,0.129,0.20124944723716293
sentence-transformers/paraphrase-multilingual-mpnet-base-v2,assamese,moore,0.003,0.015134352892539522
sentence-transformers/paraphrase-multilingual-mpnet-base-v2,assamese,oromo,0.003,0.01266079961173277
sentence-transformers/paraphrase-multilingual-mpnet-base-v2,assamese,pashto,0.069,0.1254555701037221
sentence-transformers/paraphrase-multilingual-mpnet-base-v2,assamese,persian,0.15,0.22136823419019447
sentence-transformers/paraphrase-multilingual-mpnet-base-v2,assamese,portuguese,0.145,0.2243733734276162
sentence-transformers/paraphrase-multilingual-mpnet-base-v2,assamese,romanian,0.144,0.221861513149358
sentence-transformers/paraphrase-multilingual-mpnet-base-v2,assamese,serbian,0.14,0.2180508186719257
sentence-transformers/paraphrase-multilingual-mpnet-base-v2,assamese,spanish,0.132,0.20982891916524168
sentence-transformers/paraphrase-multilingual-mpnet-base-v2,assamese,tagalog,0.011,0.024310629275795734
sentence-transformers/paraphrase-multilingual-mpnet-base-v2,assamese,tajik,0.002,0.013191952905926315
sentence-transformers/paraphrase-multilingual-mpnet-base-v2,assamese,tamil,0.137,0.20796354880375176
sentence-transformers/paraphrase-multilingual-mpnet-base-v2,assamese,turkish,0.117,0.18903324597926383
sentence-transformers/paraphrase-multilingual-mpnet-base-v2,assamese,urdu,0.128,0.18881751439191582
sentence-transformers/paraphrase-multilingual-mpnet-base-v2,assamese,uyghur,0.082,0.13601360182183428
sentence-transformers/paraphrase-multilingual-mpnet-base-v2,assamese,uzbek,0.002,0.015421858261173142
sentence-transformers/paraphrase-multilingual-mpnet-base-v2,assamese,vietnamese,0.155,0.23822658985024542
sentence-transformers/paraphrase-multilingual-mpnet-base-v2,assamese,yoruba,0.004,0.018790833593649442
sentence-transformers/paraphrase-multilingual-mpnet-base-v2,azeri,albanian,0.577,0.6609007482855165
sentence-transformers/paraphrase-multilingual-mpnet-base-v2,azeri,asante,0.01,0.020627058934334874
sentence-transformers/paraphrase-multilingual-mpnet-base-v2,azeri,assamese,0.15,0.24157436387010786
sentence-transformers/paraphrase-multilingual-mpnet-base-v2,azeri,bosnian-mihanovich,0.576,0.6514440362331552
sentence-transformers/paraphrase-multilingual-mpnet-base-v2,azeri,bosnian-rwwad,0.566,0.6472361536657126
sentence-transformers/paraphrase-multilingual-mpnet-base-v2,azeri,chinese,0.37,0.4593455509613121
sentence-transformers/paraphrase-multilingual-mpnet-base-v2,azeri,croatian,0.563,0.6436549753059889
sentence-transformers/paraphrase-multilingual-mpnet-base-v2,azeri,dutch,0.525,0.6230083708405453
sentence-transformers/paraphrase-multilingual-mpnet-base-v2,azeri,english,0.581,0.6635793691332083
sentence-transformers/paraphrase-multilingual-mpnet-base-v2,azeri,french,0.471,0.5577598215414619
sentence-transformers/paraphrase-multilingual-mpnet-base-v2,azeri,german,0.513,0.6090433073920404
sentence-transformers/paraphrase-multilingual-mpnet-base-v2,azeri,gujarati,0.2,0.25979468991674937
sentence-transformers/paraphrase-multilingual-mpnet-base-v2,azeri,hausa,0.006,0.019122270276833112
sentence-transformers/paraphrase-multilingual-mpnet-base-v2,azeri,indonesian,0.573,0.6539686282033632
sentence-transformers/paraphrase-multilingual-mpnet-base-v2,azeri,japanese,0.437,0.5262717690837418
sentence-transformers/paraphrase-multilingual-mpnet-base-v2,azeri,kannada,0.36,0.45207597631950763
sentence-transformers/paraphrase-multilingual-mpnet-base-v2,azeri,khmer,0.284,0.38371999759305797
sentence-transformers/paraphrase-multilingual-mpnet-base-v2,azeri,kurdish,0.193,0.27778683867979337
sentence-transformers/paraphrase-multilingual-mpnet-base-v2,azeri,kyrgyz,0.353,0.4329450333974465
sentence-transformers/paraphrase-multilingual-mpnet-base-v2,azeri,lingala,0.006,0.017217061069295846
sentence-transformers/paraphrase-multilingual-mpnet-base-v2,azeri,lithuanian,0.537,0.6317942662333412
sentence-transformers/paraphrase-multilingual-mpnet-base-v2,azeri,macedonian,0.585,0.6628325564900699
sentence-transformers/paraphrase-multilingual-mpnet-base-v2,azeri,malayalam,0.415,0.5096374008155717
sentence-transformers/paraphrase-multilingual-mpnet-base-v2,azeri,moore,0.006,0.019190733061292566
sentence-transformers/paraphrase-multilingual-mpnet-base-v2,azeri,oromo,0.006,0.01652119603289291
sentence-transformers/paraphrase-multilingual-mpnet-base-v2,azeri,pashto,0.255,0.33769613686446964
sentence-transformers/paraphrase-multilingual-mpnet-base-v2,azeri,persian,0.61,0.6950722904547824
sentence-transformers/paraphrase-multilingual-mpnet-base-v2,azeri,portuguese,0.54,0.6285297214298964
sentence-transformers/paraphrase-multilingual-mpnet-base-v2,azeri,romanian,0.554,0.6392163491550862
sentence-transformers/paraphrase-multilingual-mpnet-base-v2,azeri,serbian,0.566,0.6479408811067737
sentence-transformers/paraphrase-multilingual-mpnet-base-v2,azeri,spanish,0.484,0.5779265017541011
sentence-transformers/paraphrase-multilingual-mpnet-base-v2,azeri,tagalog,0.019,0.03695573241398849
sentence-transformers/paraphrase-multilingual-mpnet-base-v2,azeri,tajik,0.004,0.016262942336032232
sentence-transformers/paraphrase-multilingual-mpnet-base-v2,azeri,tamil,0.487,0.5798171775778449
sentence-transformers/paraphrase-multilingual-mpnet-base-v2,azeri,turkish,0.657,0.7243702820893371
sentence-transformers/paraphrase-multilingual-mpnet-base-v2,azeri,urdu,0.513,0.600330618252131
sentence-transformers/paraphrase-multilingual-mpnet-base-v2,azeri,uyghur,0.332,0.4193101214478173
sentence-transformers/paraphrase-multilingual-mpnet-base-v2,azeri,uzbek,0.016,0.034084810080534225
sentence-transformers/paraphrase-multilingual-mpnet-base-v2,azeri,vietnamese,0.509,0.6075960837402344
sentence-transformers/paraphrase-multilingual-mpnet-base-v2,azeri,yoruba,0.005,0.024732817697159116
sentence-transformers/paraphrase-multilingual-mpnet-base-v2,bosnian-mihanovich,albanian,0.835,0.8788674227624752
sentence-transformers/paraphrase-multilingual-mpnet-base-v2,bosnian-mihanovich,asante,0.007,0.01974562113069942
sentence-transformers/paraphrase-multilingual-mpnet-base-v2,bosnian-mihanovich,assamese,0.208,0.2986275217473088
sentence-transformers/paraphrase-multilingual-mpnet-base-v2,bosnian-mihanovich,azeri,0.655,0.7325070082702384
sentence-transformers/paraphrase-multilingual-mpnet-base-v2,bosnian-mihanovich,bosnian-rwwad,0.982,0.9871631396287328
sentence-transformers/paraphrase-multilingual-mpnet-base-v2,bosnian-mihanovich,chinese,0.62,0.7085443112031904
sentence-transformers/paraphrase-multilingual-mpnet-base-v2,bosnian-mihanovich,croatian,0.975,0.980871925045956
sentence-transformers/paraphrase-multilingual-mpnet-base-v2,bosnian-mihanovich,dutch,0.839,0.8803167946170555
sentence-transformers/paraphrase-multilingual-mpnet-base-v2,bosnian-mihanovich,english,0.862,0.8972393614850382
sentence-transformers/paraphrase-multilingual-mpnet-base-v2,bosnian-mihanovich,french,0.746,0.8071419337020468
sentence-transformers/paraphrase-multilingual-mpnet-base-v2,bosnian-mihanovich,german,0.826,0.8700126286688069
sentence-transformers/paraphrase-multilingual-mpnet-base-v2,bosnian-mihanovich,gujarati,0.315,0.3812295541630958
sentence-transformers/paraphrase-multilingual-mpnet-base-v2,bosnian-mihanovich,hausa,0.003,0.0182200893489365
sentence-transformers/paraphrase-multilingual-mpnet-base-v2,bosnian-mihanovich,indonesian,0.706,0.7778230405352866
sentence-transformers/paraphrase-multilingual-mpnet-base-v2,bosnian-mihanovich,japanese,0.712,0.7828579409726308
sentence-transformers/paraphrase-multilingual-mpnet-base-v2,bosnian-mihanovich,kannada,0.518,0.5961981733489745
sentence-transformers/paraphrase-multilingual-mpnet-base-v2,bosnian-mihanovich,khmer,0.497,0.5909296728070174
sentence-transformers/paraphrase-multilingual-mpnet-base-v2,bosnian-mihanovich,kurdish,0.304,0.3880904671002118
sentence-transformers/paraphrase-multilingual-mpnet-base-v2,bosnian-mihanovich,kyrgyz,0.423,0.5128252624068774
sentence-transformers/paraphrase-multilingual-mpnet-base-v2,bosnian-mihanovich,lingala,0.007,0.019669064162140076
sentence-transformers/paraphrase-multilingual-mpnet-base-v2,bosnian-mihanovich,lithuanian,0.776,0.8312158737936463
sentence-transformers/paraphrase-multilingual-mpnet-base-v2,bosnian-mihanovich,macedonian,0.924,0.9459365145544418
sentence-transformers/paraphrase-multilingual-mpnet-base-v2,bosnian-mihanovich,malayalam,0.59,0.6842143272864827
sentence-transformers/paraphrase-multilingual-mpnet-base-v2,bosnian-mihanovich,moore,0.004,0.017805457678854546
sentence-transformers/paraphrase-multilingual-mpnet-base-v2,bosnian-mihanovich,oromo,0.005,0.016076876273357698
sentence-transformers/paraphrase-multilingual-mpnet-base-v2,bosnian-mihanovich,pashto,0.354,0.4436640968022516
sentence-transformers/paraphrase-multilingual-mpnet-base-v2,bosnian-mihanovich,persian,0.698,0.776170627005957
sentence-transformers/paraphrase-multilingual-mpnet-base-v2,bosnian-mihanovich,portuguese,0.806,0.8538004284429939
sentence-transformers/paraphrase-multilingual-mpnet-base-v2,bosnian-mihanovich,romanian,0.825,0.8697757684899564
sentence-transformers/paraphrase-multilingual-mpnet-base-v2,bosnian-mihanovich,serbian,0.946,0.9600630056324806
sentence-transformers/paraphrase-multilingual-mpnet-base-v2,bosnian-mihanovich,spanish,0.724,0.7929675580742646
sentence-transformers/paraphrase-multilingual-mpnet-base-v2,bosnian-mihanovich,tagalog,0.023,0.04466368218041763
sentence-transformers/paraphrase-multilingual-mpnet-base-v2,bosnian-mihanovich,tajik,0.004,0.01572792118383383
sentence-transformers/paraphrase-multilingual-mpnet-base-v2,bosnian-mihanovich,tamil,0.612,0.6998426943276743
sentence-transformers/paraphrase-multilingual-mpnet-base-v2,bosnian-mihanovich,turkish,0.708,0.7800418250104664
sentence-transformers/paraphrase-multilingual-mpnet-base-v2,bosnian-mihanovich,urdu,0.699,0.7686571097605993
sentence-transformers/paraphrase-multilingual-mpnet-base-v2,bosnian-mihanovich,uyghur,0.387,0.4756525736584917
sentence-transformers/paraphrase-multilingual-mpnet-base-v2,bosnian-mihanovich,uzbek,0.013,0.03416311821063843
sentence-transformers/paraphrase-multilingual-mpnet-base-v2,bosnian-mihanovich,vietnamese,0.758,0.8207322890054907
sentence-transformers/paraphrase-multilingual-mpnet-base-v2,bosnian-mihanovich,yoruba,0.007,0.02697762830452557
sentence-transformers/paraphrase-multilingual-mpnet-base-v2,bosnian-rwwad,albanian,0.838,0.8811320799896218
sentence-transformers/paraphrase-multilingual-mpnet-base-v2,bosnian-rwwad,asante,0.005,0.018552623982227182
sentence-transformers/paraphrase-multilingual-mpnet-base-v2,bosnian-rwwad,assamese,0.207,0.29729810826061026
sentence-transformers/paraphrase-multilingual-mpnet-base-v2,bosnian-rwwad,azeri,0.647,0.7266386092680783
sentence-transformers/paraphrase-multilingual-mpnet-base-v2,bosnian-rwwad,bosnian-mihanovich,0.981,0.9864857952125394
sentence-transformers/paraphrase-multilingual-mpnet-base-v2,bosnian-rwwad,chinese,0.637,0.7222996643154194
sentence-transformers/paraphrase-multilingual-mpnet-base-v2,bosnian-rwwad,croatian,0.988,0.9912591532498509
sentence-transformers/paraphrase-multilingual-mpnet-base-v2,bosnian-rwwad,dutch,0.824,0.8729869042960524
sentence-transformers/paraphrase-multilingual-mpnet-base-v2,bosnian-rwwad,english,0.867,0.9006926908009218
sentence-transformers/paraphrase-multilingual-mpnet-base-v2,bosnian-rwwad,french,0.742,0.8042458669797743
sentence-transformers/paraphrase-multilingual-mpnet-base-v2,bosnian-rwwad,german,0.834,0.8758236191901126
sentence-transformers/paraphrase-multilingual-mpnet-base-v2,bosnian-rwwad,gujarati,0.316,0.38031836878401304
sentence-transformers/paraphrase-multilingual-mpnet-base-v2,bosnian-rwwad,hausa,0.004,0.018552405166400582
sentence-transformers/paraphrase-multilingual-mpnet-base-v2,bosnian-rwwad,indonesian,0.705,0.7749907620334807
sentence-transformers/paraphrase-multilingual-mpnet-base-v2,bosnian-rwwad,japanese,0.711,0.7838452315471124
sentence-transformers/paraphrase-multilingual-mpnet-base-v2,bosnian-rwwad,kannada,0.512,0.5887717228096224
sentence-transformers/paraphrase-multilingual-mpnet-base-v2,bosnian-rwwad,khmer,0.485,0.5811598428652048
sentence-transformers/paraphrase-multilingual-mpnet-base-v2,bosnian-rwwad,kurdish,0.298,0.3836619232495671
sentence-transformers/paraphrase-multilingual-mpnet-base-v2,bosnian-rwwad,kyrgyz,0.423,0.5096144065373456
sentence-transformers/paraphrase-multilingual-mpnet-base-v2,bosnian-rwwad,lingala,0.007,0.01819774164063448
sentence-transformers/paraphrase-multilingual-mpnet-base-v2,bosnian-rwwad,lithuanian,0.772,0.8290691945365822
sentence-transformers/paraphrase-multilingual-mpnet-base-v2,bosnian-rwwad,macedonian,0.925,0.9478187729103412
sentence-transformers/paraphrase-multilingual-mpnet-base-v2,bosnian-rwwad,malayalam,0.582,0.6780092215820639
sentence-transformers/paraphrase-multilingual-mpnet-base-v2,bosnian-rwwad,moore,0.008,0.020834581301717548
sentence-transformers/paraphrase-multilingual-mpnet-base-v2,bosnian-rwwad,oromo,0.004,0.014945094830756454
sentence-transformers/paraphrase-multilingual-mpnet-base-v2,bosnian-rwwad,pashto,0.345,0.4400233896831704
sentence-transformers/paraphrase-multilingual-mpnet-base-v2,bosnian-rwwad,persian,0.709,0.7819957080593369
sentence-transformers/paraphrase-multilingual-mpnet-base-v2,bosnian-rwwad,portuguese,0.807,0.8536218419532993
sentence-transformers/paraphrase-multilingual-mpnet-base-v2,bosnian-rwwad,romanian,0.83,0.8714859671285512
sentence-transformers/paraphrase-multilingual-mpnet-base-v2,bosnian-rwwad,serbian,0.956,0.9676574409799599
sentence-transformers/paraphrase-multilingual-mpnet-base-v2,bosnian-rwwad,spanish,0.736,0.7992328908531792
sentence-transformers/paraphrase-multilingual-mpnet-base-v2,bosnian-rwwad,tagalog,0.024,0.04581063481820885
sentence-transformers/paraphrase-multilingual-mpnet-base-v2,bosnian-rwwad,tajik,0.004,0.016388075976033378
sentence-transformers/paraphrase-multilingual-mpnet-base-v2,bosnian-rwwad,tamil,0.6,0.6937579372191298
sentence-transformers/paraphrase-multilingual-mpnet-base-v2,bosnian-rwwad,turkish,0.715,0.7844565870129452
sentence-transformers/paraphrase-multilingual-mpnet-base-v2,bosnian-rwwad,urdu,0.709,0.7747139017178227
sentence-transformers/paraphrase-multilingual-mpnet-base-v2,bosnian-rwwad,uyghur,0.383,0.47533608613375045
sentence-transformers/paraphrase-multilingual-mpnet-base-v2,bosnian-rwwad,uzbek,0.015,0.0361503732297877
sentence-transformers/paraphrase-multilingual-mpnet-base-v2,bosnian-rwwad,vietnamese,0.766,0.8247404409945811
sentence-transformers/paraphrase-multilingual-mpnet-base-v2,bosnian-rwwad,yoruba,0.008,0.027222742302656706
sentence-transformers/paraphrase-multilingual-mpnet-base-v2,chinese,albanian,0.685,0.768134378347124
sentence-transformers/paraphrase-multilingual-mpnet-base-v2,chinese,asante,0.001,0.009695407562187989
sentence-transformers/paraphrase-multilingual-mpnet-base-v2,chinese,assamese,0.192,0.2759362108277768
sentence-transformers/paraphrase-multilingual-mpnet-base-v2,chinese,azeri,0.498,0.6054734393584787
sentence-transformers/paraphrase-multilingual-mpnet-base-v2,chinese,bosnian-mihanovich,0.634,0.7170163617306125
sentence-transformers/paraphrase-multilingual-mpnet-base-v2,chinese,bosnian-rwwad,0.644,0.7221358316089698
sentence-transformers/paraphrase-multilingual-mpnet-base-v2,chinese,croatian,0.647,0.7288388485113749
sentence-transformers/paraphrase-multilingual-mpnet-base-v2,chinese,dutch,0.629,0.7152910990004484
sentence-transformers/paraphrase-multilingual-mpnet-base-v2,chinese,english,0.686,0.7724125112026179
sentence-transformers/paraphrase-multilingual-mpnet-base-v2,chinese,french,0.572,0.6587595580795362
sentence-transformers/paraphrase-multilingual-mpnet-base-v2,chinese,german,0.61,0.6904748926244132
sentence-transformers/paraphrase-multilingual-mpnet-base-v2,chinese,gujarati,0.262,0.32869459751967234
sentence-transformers/paraphrase-multilingual-mpnet-base-v2,chinese,hausa,0.001,0.011800027700522587
sentence-transformers/paraphrase-multilingual-mpnet-base-v2,chinese,indonesian,0.716,0.7872240856524045
sentence-transformers/paraphrase-multilingual-mpnet-base-v2,chinese,japanese,0.638,0.7225476549126129
sentence-transformers/paraphrase-multilingual-mpnet-base-v2,chinese,kannada,0.475,0.5593699754036956
sentence-transformers/paraphrase-multilingual-mpnet-base-v2,chinese,khmer,0.545,0.6446281216498038
sentence-transformers/paraphrase-multilingual-mpnet-base-v2,chinese,kurdish,0.278,0.3708277564973177
sentence-transformers/paraphrase-multilingual-mpnet-base-v2,chinese,kyrgyz,0.264,0.358365637354415
sentence-transformers/paraphrase-multilingual-mpnet-base-v2,chinese,lingala,0.003,0.013235095174760264
sentence-transformers/paraphrase-multilingual-mpnet-base-v2,chinese,lithuanian,0.56,0.6513652079511738
sentence-transformers/paraphrase-multilingual-mpnet-base-v2,chinese,macedonian,0.66,0.7421530153974624
sentence-transformers/paraphrase-multilingual-mpnet-base-v2,chinese,malayalam,0.497,0.5999451164064616
sentence-transformers/paraphrase-multilingual-mpnet-base-v2,chinese,moore,0.005,0.016410424320741322
sentence-transformers/paraphrase-multilingual-mpnet-base-v2,chinese,oromo,0.004,0.013206076846002368
sentence-transformers/paraphrase-multilingual-mpnet-base-v2,chinese,pashto,0.28,0.3818497321893675
sentence-transformers/paraphrase-multilingual-mpnet-base-v2,chinese,persian,0.615,0.7110291009237147
sentence-transformers/paraphrase-multilingual-mpnet-base-v2,chinese,portuguese,0.599,0.6893156782758123
sentence-transformers/paraphrase-multilingual-mpnet-base-v2,chinese,romanian,0.586,0.6718353541794482
sentence-transformers/paraphrase-multilingual-mpnet-base-v2,chinese,serbian,0.651,0.7356733551915042
sentence-transformers/paraphrase-multilingual-mpnet-base-v2,chinese,spanish,0.607,0.7078952406759954
sentence-transformers/paraphrase-multilingual-mpnet-base-v2,chinese,tagalog,0.013,0.029736368646917744
sentence-transformers/paraphrase-multilingual-mpnet-base-v2,chinese,tajik,0.003,0.013528728549119545
sentence-transformers/paraphrase-multilingual-mpnet-base-v2,chinese,tamil,0.496,0.5942227963511525
sentence-transformers/paraphrase-multilingual-mpnet-base-v2,chinese,turkish,0.65,0.7321280355226221
sentence-transformers/paraphrase-multilingual-mpnet-base-v2,chinese,urdu,0.55,0.6521954745184714
sentence-transformers/paraphrase-multilingual-mpnet-base-v2,chinese,uyghur,0.301,0.39647555693680486
sentence-transformers/paraphrase-multilingual-mpnet-base-v2,chinese,uzbek,0.015,0.03281716907555801
sentence-transformers/paraphrase-multilingual-mpnet-base-v2,chinese,vietnamese,0.627,0.7172184449550195
sentence-transformers/paraphrase-multilingual-mpnet-base-v2,chinese,yoruba,0.006,0.021184476560517283
sentence-transformers/paraphrase-multilingual-mpnet-base-v2,croatian,albanian,0.847,0.8891770191527967
sentence-transformers/paraphrase-multilingual-mpnet-base-v2,croatian,asante,0.006,0.018935288958888363
sentence-transformers/paraphrase-multilingual-mpnet-base-v2,croatian,assamese,0.215,0.30003225220696805
sentence-transformers/paraphrase-multilingual-mpnet-base-v2,croatian,azeri,0.652,0.7293074857634849
sentence-transformers/paraphrase-multilingual-mpnet-base-v2,croatian,bosnian-mihanovich,0.975,0.9811883570738156
sentence-transformers/paraphrase-multilingual-mpnet-base-v2,croatian,bosnian-rwwad,0.984,0.989093409401557
sentence-transformers/paraphrase-multilingual-mpnet-base-v2,croatian,chinese,0.641,0.7255016833528779
sentence-transformers/paraphrase-multilingual-mpnet-base-v2,croatian,dutch,0.83,0.8769543565229738
sentence-transformers/paraphrase-multilingual-mpnet-base-v2,croatian,english,0.881,0.9103711938679631
sentence-transformers/paraphrase-multilingual-mpnet-base-v2,croatian,french,0.743,0.8032383795074954
sentence-transformers/paraphrase-multilingual-mpnet-base-v2,croatian,german,0.844,0.8843300095584361
sentence-transformers/paraphrase-multilingual-mpnet-base-v2,croatian,gujarati,0.314,0.38042059680939416
sentence-transformers/paraphrase-multilingual-mpnet-base-v2,croatian,hausa,0.004,0.018417145145050058
sentence-transformers/paraphrase-multilingual-mpnet-base-v2,croatian,indonesian,0.724,0.7904858401950584
sentence-transformers/paraphrase-multilingual-mpnet-base-v2,croatian,japanese,0.719,0.7902824854186463
sentence-transformers/paraphrase-multilingual-mpnet-base-v2,croatian,kannada,0.51,0.5890860107995034
sentence-transformers/paraphrase-multilingual-mpnet-base-v2,croatian,khmer,0.475,0.5710833827241014
sentence-transformers/paraphrase-multilingual-mpnet-base-v2,croatian,kurdish,0.301,0.3843826356489132
sentence-transformers/paraphrase-multilingual-mpnet-base-v2,croatian,kyrgyz,0.409,0.4981482775911293
sentence-transformers/paraphrase-multilingual-mpnet-base-v2,croatian,lingala,0.006,0.017639395488642545
sentence-transformers/paraphrase-multilingual-mpnet-base-v2,croatian,lithuanian,0.776,0.8301442558721817
sentence-transformers/paraphrase-multilingual-mpnet-base-v2,croatian,macedonian,0.917,0.9410067221809484
sentence-transformers/paraphrase-multilingual-mpnet-base-v2,croatian,malayalam,0.58,0.6760802048523257
sentence-transformers/paraphrase-multilingual-mpnet-base-v2,croatian,moore,0.009,0.02144458421204983
sentence-transformers/paraphrase-multilingual-mpnet-base-v2,croatian,oromo,0.004,0.014445326071136057
sentence-transformers/paraphrase-multilingual-mpnet-base-v2,croatian,pashto,0.354,0.44864325725481274
sentence-transformers/paraphrase-multilingual-mpnet-base-v2,croatian,persian,0.724,0.795053528486123
sentence-transformers/paraphrase-multilingual-mpnet-base-v2,croatian,portuguese,0.81,0.8561656520175853
sentence-transformers/paraphrase-multilingual-mpnet-base-v2,croatian,romanian,0.836,0.8750638021136006
sentence-transformers/paraphrase-multilingual-mpnet-base-v2,croatian,serbian,0.96,0.9717236370812482
sentence-transformers/paraphrase-multilingual-mpnet-base-v2,croatian,spanish,0.751,0.8123379875406526
sentence-transformers/paraphrase-multilingual-mpnet-base-v2,croatian,tagalog,0.024,0.04554608803739593
sentence-transformers/paraphrase-multilingual-mpnet-base-v2,croatian,tajik,0.003,0.015077769622697692
sentence-transformers/paraphrase-multilingual-mpnet-base-v2,croatian,tamil,0.603,0.693068691612587
sentence-transformers/paraphrase-multilingual-mpnet-base-v2,croatian,turkish,0.738,0.8019701386440978
sentence-transformers/paraphrase-multilingual-mpnet-base-v2,croatian,urdu,0.731,0.7920750168009228
sentence-transformers/paraphrase-multilingual-mpnet-base-v2,croatian,uyghur,0.38,0.46936347006471923
sentence-transformers/paraphrase-multilingual-mpnet-base-v2,croatian,uzbek,0.015,0.03552733383015081
sentence-transformers/paraphrase-multilingual-mpnet-base-v2,croatian,vietnamese,0.766,0.8267488098491854
sentence-transformers/paraphrase-multilingual-mpnet-base-v2,croatian,yoruba,0.009,0.027542364376141017
sentence-transformers/paraphrase-multilingual-mpnet-base-v2,dutch,albanian,0.758,0.817657437029977
sentence-transformers/paraphrase-multilingual-mpnet-base-v2,dutch,asante,0.008,0.02246689475132083
sentence-transformers/paraphrase-multilingual-mpnet-base-v2,dutch,assamese,0.198,0.2926496885156993
sentence-transformers/paraphrase-multilingual-mpnet-base-v2,dutch,azeri,0.601,0.6804020659454276
sentence-transformers/paraphrase-multilingual-mpnet-base-v2,dutch,bosnian-mihanovich,0.788,0.8369453984652581
sentence-transformers/paraphrase-multilingual-mpnet-base-v2,dutch,bosnian-rwwad,0.795,0.8416789476182882
sentence-transformers/paraphrase-multilingual-mpnet-base-v2,dutch,chinese,0.646,0.7284200927784403
sentence-transformers/paraphrase-multilingual-mpnet-base-v2,dutch,croatian,0.809,0.848969353305409
sentence-transformers/paraphrase-multilingual-mpnet-base-v2,dutch,english,0.879,0.9084178159575577
sentence-transformers/paraphrase-multilingual-mpnet-base-v2,dutch,french,0.711,0.7729600600656321
sentence-transformers/paraphrase-multilingual-mpnet-base-v2,dutch,german,0.837,0.8698967497255777
sentence-transformers/paraphrase-multilingual-mpnet-base-v2,dutch,gujarati,0.293,0.35774652165877274
sentence-transformers/paraphrase-multilingual-mpnet-base-v2,dutch,hausa,0.003,0.017223417452462253
sentence-transformers/paraphrase-multilingual-mpnet-base-v2,dutch,indonesian,0.678,0.7494768453506409
sentence-transformers/paraphrase-multilingual-mpnet-base-v2,dutch,japanese,0.719,0.7897523667760911
sentence-transformers/paraphrase-multilingual-mpnet-base-v2,dutch,kannada,0.495,0.5765758641342591
sentence-transformers/paraphrase-multilingual-mpnet-base-v2,dutch,khmer,0.521,0.6072909224343874
sentence-transformers/paraphrase-multilingual-mpnet-base-v2,dutch,kurdish,0.255,0.34871608756606653
sentence-transformers/paraphrase-multilingual-mpnet-base-v2,dutch,kyrgyz,0.362,0.4482862703329712
sentence-transformers/paraphrase-multilingual-mpnet-base-v2,dutch,lingala,0.006,0.016694628291789318
sentence-transformers/paraphrase-multilingual-mpnet-base-v2,dutch,lithuanian,0.834,0.8748845663281408
sentence-transformers/paraphrase-multilingual-mpnet-base-v2,dutch,macedonian,0.791,0.8342870768841134
sentence-transformers/paraphrase-multilingual-mpnet-base-v2,dutch,malayalam,0.553,0.6494242264628146
sentence-transformers/paraphrase-multilingual-mpnet-base-v2,dutch,moore,0.009,0.02264967528234743
sentence-transformers/paraphrase-multilingual-mpnet-base-v2,dutch,oromo,0.007,0.018325198093799504
sentence-transformers/paraphrase-multilingual-mpnet-base-v2,dutch,pashto,0.321,0.40428273731678915
sentence-transformers/paraphrase-multilingual-mpnet-base-v2,dutch,persian,0.666,0.7493596158247299
sentence-transformers/paraphrase-multilingual-mpnet-base-v2,dutch,portuguese,0.817,0.8558095292892979
sentence-transformers/paraphrase-multilingual-mpnet-base-v2,dutch,romanian,0.82,0.8590045206052158
sentence-transformers/paraphrase-multilingual-mpnet-base-v2,dutch,serbian,0.796,0.8403927989011193
sentence-transformers/paraphrase-multilingual-mpnet-base-v2,dutch,spanish,0.763,0.8246573630485193
sentence-transformers/paraphrase-multilingual-mpnet-base-v2,dutch,tagalog,0.022,0.0486910234059943
sentence-transformers/paraphrase-multilingual-mpnet-base-v2,dutch,tajik,0.005,0.01661048090048813
sentence-transformers/paraphrase-multilingual-mpnet-base-v2,dutch,tamil,0.575,0.66816689712398
sentence-transformers/paraphrase-multilingual-mpnet-base-v2,dutch,turkish,0.681,0.7518572237781238
sentence-transformers/paraphrase-multilingual-mpnet-base-v2,dutch,urdu,0.703,0.7652956188335363
sentence-transformers/paraphrase-multilingual-mpnet-base-v2,dutch,uyghur,0.358,0.44058298790481254
sentence-transformers/paraphrase-multilingual-mpnet-base-v2,dutch,uzbek,0.012,0.03232475164297731
sentence-transformers/paraphrase-multilingual-mpnet-base-v2,dutch,vietnamese,0.813,0.8592059845236333
sentence-transformers/paraphrase-multilingual-mpnet-base-v2,dutch,yoruba,0.011,0.028998544920111616
sentence-transformers/paraphrase-multilingual-mpnet-base-v2,english,albanian,0.848,0.892858060945795
sentence-transformers/paraphrase-multilingual-mpnet-base-v2,english,asante,0.011,0.026924869501442912
sentence-transformers/paraphrase-multilingual-mpnet-base-v2,english,assamese,0.214,0.3077035248541522
sentence-transformers/paraphrase-multilingual-mpnet-base-v2,english,azeri,0.636,0.7227411386554199
sentence-transformers/paraphrase-multilingual-mpnet-base-v2,english,bosnian-mihanovich,0.844,0.8828649056289821
sentence-transformers/paraphrase-multilingual-mpnet-base-v2,english,bosnian-rwwad,0.85,0.8878523376619939
sentence-transformers/paraphrase-multilingual-mpnet-base-v2,english,chinese,0.709,0.7851675249244259
sentence-transformers/paraphrase-multilingual-mpnet-base-v2,english,croatian,0.863,0.8988846037448704
sentence-transformers/paraphrase-multilingual-mpnet-base-v2,english,dutch,0.903,0.9288474565706314
sentence-transformers/paraphrase-multilingual-mpnet-base-v2,english,french,0.81,0.8548055137633878
sentence-transformers/paraphrase-multilingual-mpnet-base-v2,english,german,0.884,0.9136866282606536
sentence-transformers/paraphrase-multilingual-mpnet-base-v2,english,gujarati,0.338,0.4055466603430898
sentence-transformers/paraphrase-multilingual-mpnet-base-v2,english,hausa,0.005,0.02125888674977279
sentence-transformers/paraphrase-multilingual-mpnet-base-v2,english,indonesian,0.758,0.8183013093403829
sentence-transformers/paraphrase-multilingual-mpnet-base-v2,english,japanese,0.791,0.8519317666671172
sentence-transformers/paraphrase-multilingual-mpnet-base-v2,english,kannada,0.547,0.6242211582612502
sentence-transformers/paraphrase-multilingual-mpnet-base-v2,english,khmer,0.578,0.663054782768539
sentence-transformers/paraphrase-multilingual-mpnet-base-v2,english,kurdish,0.309,0.3913875465796725
sentence-transformers/paraphrase-multilingual-mpnet-base-v2,english,kyrgyz,0.377,0.4738348291695747
sentence-transformers/paraphrase-multilingual-mpnet-base-v2,english,lingala,0.006,0.01730929417013298
sentence-transformers/paraphrase-multilingual-mpnet-base-v2,english,lithuanian,0.856,0.896743666467554
sentence-transformers/paraphrase-multilingual-mpnet-base-v2,english,macedonian,0.859,0.893302562492092
sentence-transformers/paraphrase-multilingual-mpnet-base-v2,english,malayalam,0.605,0.694901728140492
sentence-transformers/paraphrase-multilingual-mpnet-base-v2,english,moore,0.008,0.021380563229001674
sentence-transformers/paraphrase-multilingual-mpnet-base-v2,english,oromo,0.009,0.01999093608042994
sentence-transformers/paraphrase-multilingual-mpnet-base-v2,english,pashto,0.341,0.43236645133891327
sentence-transformers/paraphrase-multilingual-mpnet-base-v2,english,persian,0.759,0.8166621660770623
sentence-transformers/paraphrase-multilingual-mpnet-base-v2,english,portuguese,0.867,0.9028996645969944
sentence-transformers/paraphrase-multilingual-mpnet-base-v2,english,romanian,0.877,0.9113276278200951
sentence-transformers/paraphrase-multilingual-mpnet-base-v2,english,serbian,0.854,0.8916864478081481
sentence-transformers/paraphrase-multilingual-mpnet-base-v2,english,spanish,0.861,0.9013154350073057
sentence-transformers/paraphrase-multilingual-mpnet-base-v2,english,tagalog,0.03,0.05823121861950094
sentence-transformers/paraphrase-multilingual-mpnet-base-v2,english,tajik,0.002,0.013532381510012743
sentence-transformers/paraphrase-multilingual-mpnet-base-v2,english,tamil,0.625,0.7100585055466678
sentence-transformers/paraphrase-multilingual-mpnet-base-v2,english,turkish,0.747,0.8154865122360411
sentence-transformers/paraphrase-multilingual-mpnet-base-v2,english,urdu,0.757,0.8172942275036871
sentence-transformers/paraphrase-multilingual-mpnet-base-v2,english,uyghur,0.377,0.4728527356676933
sentence-transformers/paraphrase-multilingual-mpnet-base-v2,english,uzbek,0.014,0.03340303669417733
sentence-transformers/paraphrase-multilingual-mpnet-base-v2,english,vietnamese,0.857,0.8961527829736662
sentence-transformers/paraphrase-multilingual-mpnet-base-v2,english,yoruba,0.011,0.030293874836894247
sentence-transformers/paraphrase-multilingual-mpnet-base-v2,french,albanian,0.71,0.7748954191319619
sentence-transformers/paraphrase-multilingual-mpnet-base-v2,french,asante,0.006,0.019922312606904868
sentence-transformers/paraphrase-multilingual-mpnet-base-v2,french,assamese,0.166,0.24975591194131724
sentence-transformers/paraphrase-multilingual-mpnet-base-v2,french,azeri,0.522,0.6164301406470982
sentence-transformers/paraphrase-multilingual-mpnet-base-v2,french,bosnian-mihanovich,0.716,0.7842442788689589
sentence-transformers/paraphrase-multilingual-mpnet-base-v2,french,bosnian-rwwad,0.732,0.7912295162830639
sentence-transformers/paraphrase-multilingual-mpnet-base-v2,french,chinese,0.529,0.6268126463532995
sentence-transformers/paraphrase-multilingual-mpnet-base-v2,french,croatian,0.741,0.7972881864669081
sentence-transformers/paraphrase-multilingual-mpnet-base-v2,french,dutch,0.751,0.8128718277489444
sentence-transformers/paraphrase-multilingual-mpnet-base-v2,french,english,0.808,0.8547978917315856
sentence-transformers/paraphrase-multilingual-mpnet-base-v2,french,german,0.739,0.7997009290466037
sentence-transformers/paraphrase-multilingual-mpnet-base-v2,french,gujarati,0.319,0.381549024484377
sentence-transformers/paraphrase-multilingual-mpnet-base-v2,french,hausa,0.002,0.0170556962033116
sentence-transformers/paraphrase-multilingual-mpnet-base-v2,french,indonesian,0.633,0.7160935202525619
sentence-transformers/paraphrase-multilingual-mpnet-base-v2,french,japanese,0.65,0.7231745898526318
sentence-transformers/paraphrase-multilingual-mpnet-base-v2,french,kannada,0.433,0.5102960551389217
sentence-transformers/paraphrase-multilingual-mpnet-base-v2,french,khmer,0.417,0.5053313629260539
sentence-transformers/paraphrase-multilingual-mpnet-base-v2,french,kurdish,0.229,0.3106401799668547
sentence-transformers/paraphrase-multilingual-mpnet-base-v2,french,kyrgyz,0.336,0.42286771738349677
sentence-transformers/paraphrase-multilingual-mpnet-base-v2,french,lingala,0.002,0.01370497282953616
sentence-transformers/paraphrase-multilingual-mpnet-base-v2,french,lithuanian,0.801,0.8493228049452198
sentence-transformers/paraphrase-multilingual-mpnet-base-v2,french,macedonian,0.848,0.8883747878404952
sentence-transformers/paraphrase-multilingual-mpnet-base-v2,french,malayalam,0.463,0.5569151511030402
sentence-transformers/paraphrase-multilingual-mpnet-base-v2,french,moore,0.009,0.020143134296147655
sentence-transformers/paraphrase-multilingual-mpnet-base-v2,french,oromo,0.008,0.017547351652771447
sentence-transformers/paraphrase-multilingual-mpnet-base-v2,french,pashto,0.265,0.3546191981117041
sentence-transformers/paraphrase-multilingual-mpnet-base-v2,french,persian,0.636,0.7174588855602515
sentence-transformers/paraphrase-multilingual-mpnet-base-v2,french,portuguese,0.753,0.8047841434341293
sentence-transformers/paraphrase-multilingual-mpnet-base-v2,french,romanian,0.777,0.8301874865606688
sentence-transformers/paraphrase-multilingual-mpnet-base-v2,french,serbian,0.744,0.8016899274781132
sentence-transformers/paraphrase-multilingual-mpnet-base-v2,french,spanish,0.734,0.7980522922403062
sentence-transformers/paraphrase-multilingual-mpnet-base-v2,french,tagalog,0.016,0.04269685774001117
sentence-transformers/paraphrase-multilingual-mpnet-base-v2,french,tajik,0.002,0.01323403362964311
sentence-transformers/paraphrase-multilingual-mpnet-base-v2,french,tamil,0.501,0.6033382909295015
sentence-transformers/paraphrase-multilingual-mpnet-base-v2,french,turkish,0.596,0.678243671553958
sentence-transformers/paraphrase-multilingual-mpnet-base-v2,french,urdu,0.645,0.7191182600828318
sentence-transformers/paraphrase-multilingual-mpnet-base-v2,french,uyghur,0.428,0.526498874697241
sentence-transformers/paraphrase-multilingual-mpnet-base-v2,french,uzbek,0.01,0.02573211665387627
sentence-transformers/paraphrase-multilingual-mpnet-base-v2,french,vietnamese,0.72,0.7825288298360866
sentence-transformers/paraphrase-multilingual-mpnet-base-v2,french,yoruba,0.009,0.026439570605931325
sentence-transformers/paraphrase-multilingual-mpnet-base-v2,german,albanian,0.747,0.8088205046322384
sentence-transformers/paraphrase-multilingual-mpnet-base-v2,german,asante,0.008,0.019046306307801047
sentence-transformers/paraphrase-multilingual-mpnet-base-v2,german,assamese,0.189,0.2824388266624799
sentence-transformers/paraphrase-multilingual-mpnet-base-v2,german,azeri,0.586,0.6697514844279681
sentence-transformers/paraphrase-multilingual-mpnet-base-v2,german,bosnian-mihanovich,0.816,0.8611677927377626
sentence-transformers/paraphrase-multilingual-mpnet-base-v2,german,bosnian-rwwad,0.816,0.8617753942854592
sentence-transformers/paraphrase-multilingual-mpnet-base-v2,german,chinese,0.633,0.7176432971320339
sentence-transformers/paraphrase-multilingual-mpnet-base-v2,german,croatian,0.818,0.8644171584223939
sentence-transformers/paraphrase-multilingual-mpnet-base-v2,german,dutch,0.853,0.8926193350991771
sentence-transformers/paraphrase-multilingual-mpnet-base-v2,german,english,0.867,0.9036562084978917
sentence-transformers/paraphrase-multilingual-mpnet-base-v2,german,french,0.733,0.7866101024880591
sentence-transformers/paraphrase-multilingual-mpnet-base-v2,german,gujarati,0.307,0.3724836066641403
sentence-transformers/paraphrase-multilingual-mpnet-base-v2,german,hausa,0.004,0.017534315365700735
sentence-transformers/paraphrase-multilingual-mpnet-base-v2,german,indonesian,0.67,0.7433406360888164
sentence-transformers/paraphrase-multilingual-mpnet-base-v2,german,japanese,0.738,0.7992018064174902
sentence-transformers/paraphrase-multilingual-mpnet-base-v2,german,kannada,0.486,0.5739736632829949
sentence-transformers/paraphrase-multilingual-mpnet-base-v2,german,khmer,0.493,0.5859559525883135
sentence-transformers/paraphrase-multilingual-mpnet-base-v2,german,kurdish,0.3,0.38189152673457166
sentence-transformers/paraphrase-multilingual-mpnet-base-v2,german,kyrgyz,0.346,0.4403911531708677
sentence-transformers/paraphrase-multilingual-mpnet-base-v2,german,lingala,0.006,0.017995003740562992
sentence-transformers/paraphrase-multilingual-mpnet-base-v2,german,lithuanian,0.762,0.8218912568513305
sentence-transformers/paraphrase-multilingual-mpnet-base-v2,german,macedonian,0.805,0.8522441509790224
sentence-transformers/paraphrase-multilingual-mpnet-base-v2,german,malayalam,0.563,0.6602450614488968
sentence-transformers/paraphrase-multilingual-mpnet-base-v2,german,moore,0.012,0.024852967165086774
sentence-transformers/paraphrase-multilingual-mpnet-base-v2,german,oromo,0.007,0.017585442280616925
sentence-transformers/paraphrase-multilingual-mpnet-base-v2,german,pashto,0.316,0.409821500092312
sentence-transformers/paraphrase-multilingual-mpnet-base-v2,german,persian,0.654,0.7366330040421751
sentence-transformers/paraphrase-multilingual-mpnet-base-v2,german,portuguese,0.84,0.8780399327609704
sentence-transformers/paraphrase-multilingual-mpnet-base-v2,german,romanian,0.844,0.8800065483380753
sentence-transformers/paraphrase-multilingual-mpnet-base-v2,german,serbian,0.807,0.8547414196320401
sentence-transformers/paraphrase-multilingual-mpnet-base-v2,german,spanish,0.707,0.7816240741916963
sentence-transformers/paraphrase-multilingual-mpnet-base-v2,german,tagalog,0.027,0.05070856185151494
sentence-transformers/paraphrase-multilingual-mpnet-base-v2,german,tajik,0.002,0.01245022584874602
sentence-transformers/paraphrase-multilingual-mpnet-base-v2,german,tamil,0.592,0.6806643049997293
sentence-transformers/paraphrase-multilingual-mpnet-base-v2,german,turkish,0.678,0.7545346287531114
sentence-transformers/paraphrase-multilingual-mpnet-base-v2,german,urdu,0.695,0.7637382426355922
sentence-transformers/paraphrase-multilingual-mpnet-base-v2,german,uyghur,0.333,0.42142772013850743
sentence-transformers/paraphrase-multilingual-mpnet-base-v2,german,uzbek,0.011,0.03348348496269779
sentence-transformers/paraphrase-multilingual-mpnet-base-v2,german,vietnamese,0.767,0.8252442281352966
sentence-transformers/paraphrase-multilingual-mpnet-base-v2,german,yoruba,0.008,0.026629197388282854
sentence-transformers/paraphrase-multilingual-mpnet-base-v2,gujarati,albanian,0.262,0.3401684650158368
sentence-transformers/paraphrase-multilingual-mpnet-base-v2,gujarati,asante,0.003,0.013545215443307439
sentence-transformers/paraphrase-multilingual-mpnet-base-v2,gujarati,assamese,0.099,0.14578033695633355
sentence-transformers/paraphrase-multilingual-mpnet-base-v2,gujarati,azeri,0.22,0.28430020321090066
sentence-transformers/paraphrase-multilingual-mpnet-base-v2,gujarati,bosnian-mihanovich,0.288,0.3602360140534747
sentence-transformers/paraphrase-multilingual-mpnet-base-v2,gujarati,bosnian-rwwad,0.274,0.35231354070526094
sentence-transformers/paraphrase-multilingual-mpnet-base-v2,gujarati,chinese,0.211,0.2742237451377147
sentence-transformers/paraphrase-multilingual-mpnet-base-v2,gujarati,croatian,0.272,0.3491621923434358
sentence-transformers/paraphrase-multilingual-mpnet-base-v2,gujarati,dutch,0.3,0.37571986714000477
sentence-transformers/paraphrase-multilingual-mpnet-base-v2,gujarati,english,0.337,0.41005534042494
sentence-transformers/paraphrase-multilingual-mpnet-base-v2,gujarati,french,0.343,0.412045931771308
sentence-transformers/paraphrase-multilingual-mpnet-base-v2,gujarati,german,0.28,0.356525185186925
sentence-transformers/paraphrase-multilingual-mpnet-base-v2,gujarati,hausa,0.002,0.01659575889935087
sentence-transformers/paraphrase-multilingual-mpnet-base-v2,gujarati,indonesian,0.282,0.3488123003879881
sentence-transformers/paraphrase-multilingual-mpnet-base-v2,gujarati,japanese,0.182,0.251171396752465
sentence-transformers/paraphrase-multilingual-mpnet-base-v2,gujarati,kannada,0.227,0.28364307696838936
sentence-transformers/paraphrase-multilingual-mpnet-base-v2,gujarati,khmer,0.175,0.23804716701067913
sentence-transformers/paraphrase-multilingual-mpnet-base-v2,gujarati,kurdish,0.152,0.20466916412758024
sentence-transformers/paraphrase-multilingual-mpnet-base-v2,gujarati,kyrgyz,0.154,0.21104273857008077
sentence-transformers/paraphrase-multilingual-mpnet-base-v2,gujarati,lingala,0.003,0.014985887408178258
sentence-transformers/paraphrase-multilingual-mpnet-base-v2,gujarati,lithuanian,0.307,0.37586730945746244
sentence-transformers/paraphrase-multilingual-mpnet-base-v2,gujarati,macedonian,0.354,0.4180385840665788
sentence-transformers/paraphrase-multilingual-mpnet-base-v2,gujarati,malayalam,0.199,0.25603583869846935
sentence-transformers/paraphrase-multilingual-mpnet-base-v2,gujarati,moore,0.005,0.01917049443329819
sentence-transformers/paraphrase-multilingual-mpnet-base-v2,gujarati,oromo,0.004,0.013625053975243929
sentence-transformers/paraphrase-multilingual-mpnet-base-v2,gujarati,pashto,0.118,0.17504219442498692
sentence-transformers/paraphrase-multilingual-mpnet-base-v2,gujarati,persian,0.253,0.32202623707949
sentence-transformers/paraphrase-multilingual-mpnet-base-v2,gujarati,portuguese,0.295,0.36951128787223364
sentence-transformers/paraphrase-multilingual-mpnet-base-v2,gujarati,romanian,0.299,0.37263377684415333
sentence-transformers/paraphrase-multilingual-mpnet-base-v2,gujarati,serbian,0.277,0.34846039956749725
sentence-transformers/paraphrase-multilingual-mpnet-base-v2,gujarati,spanish,0.262,0.3379017888491456
sentence-transformers/paraphrase-multilingual-mpnet-base-v2,gujarati,tagalog,0.01,0.02340359379554979
sentence-transformers/paraphrase-multilingual-mpnet-base-v2,gujarati,tajik,0.006,0.015190631777943182
sentence-transformers/paraphrase-multilingual-mpnet-base-v2,gujarati,tamil,0.208,0.267705496667568
sentence-transformers/paraphrase-multilingual-mpnet-base-v2,gujarati,turkish,0.244,0.3072006113638054
sentence-transformers/paraphrase-multilingual-mpnet-base-v2,gujarati,urdu,0.326,0.3817848845219624
sentence-transformers/paraphrase-multilingual-mpnet-base-v2,gujarati,uyghur,0.19,0.2610131828455171
sentence-transformers/paraphrase-multilingual-mpnet-base-v2,gujarati,uzbek,0.007,0.023950292910969232
sentence-transformers/paraphrase-multilingual-mpnet-base-v2,gujarati,vietnamese,0.29,0.36253533142649375
sentence-transformers/paraphrase-multilingual-mpnet-base-v2,gujarati,yoruba,0.007,0.020346016760150226
sentence-transformers/paraphrase-multilingual-mpnet-base-v2,hausa,albanian,0.006,0.018072319933927775
sentence-transformers/paraphrase-multilingual-mpnet-base-v2,hausa,asante,0.005,0.02254951703066874
sentence-transformers/paraphrase-multilingual-mpnet-base-v2,hausa,assamese,0.002,0.012041830769970901
sentence-transformers/paraphrase-multilingual-mpnet-base-v2,hausa,azeri,0.007,0.01781753834365967
sentence-transformers/paraphrase-multilingual-mpnet-base-v2,hausa,bosnian-mihanovich,0.004,0.016725187938837614
sentence-transformers/paraphrase-multilingual-mpnet-base-v2,hausa,bosnian-rwwad,0.003,0.015564754048052864
sentence-transformers/paraphrase-multilingual-mpnet-base-v2,hausa,chinese,0.003,0.012451837633325876
sentence-transformers/paraphrase-multilingual-mpnet-base-v2,hausa,croatian,0.004,0.015555428916711954
sentence-transformers/paraphrase-multilingual-mpnet-base-v2,hausa,dutch,0.003,0.015642759973712058
sentence-transformers/paraphrase-multilingual-mpnet-base-v2,hausa,english,0.004,0.015732417788381716
sentence-transformers/paraphrase-multilingual-mpnet-base-v2,hausa,french,0.005,0.015226286979658499
sentence-transformers/paraphrase-multilingual-mpnet-base-v2,hausa,german,0.003,0.016780415298434243
sentence-transformers/paraphrase-multilingual-mpnet-base-v2,hausa,gujarati,0.006,0.01792977531593436
sentence-transformers/paraphrase-multilingual-mpnet-base-v2,hausa,indonesian,0.002,0.01481352126771689
sentence-transformers/paraphrase-multilingual-mpnet-base-v2,hausa,japanese,0.004,0.014673114986016419
sentence-transformers/paraphrase-multilingual-mpnet-base-v2,hausa,kannada,0.006,0.019438677323051077
sentence-transformers/paraphrase-multilingual-mpnet-base-v2,hausa,khmer,0.002,0.010602958419865123
sentence-transformers/paraphrase-multilingual-mpnet-base-v2,hausa,kurdish,0.002,0.012598831535244926
sentence-transformers/paraphrase-multilingual-mpnet-base-v2,hausa,kyrgyz,0.005,0.015624531415703875
sentence-transformers/paraphrase-multilingual-mpnet-base-v2,hausa,lingala,0.006,0.02347322927308373
sentence-transformers/paraphrase-multilingual-mpnet-base-v2,hausa,lithuanian,0.004,0.016353720883119635
sentence-transformers/paraphrase-multilingual-mpnet-base-v2,hausa,macedonian,0.002,0.01647534406277011
sentence-transformers/paraphrase-multilingual-mpnet-base-v2,hausa,malayalam,0.005,0.015156946997561942
sentence-transformers/paraphrase-multilingual-mpnet-base-v2,hausa,moore,0.005,0.017158772928999012
sentence-transformers/paraphrase-multilingual-mpnet-base-v2,hausa,oromo,0.017,0.04131381116773385
sentence-transformers/paraphrase-multilingual-mpnet-base-v2,hausa,pashto,0.001,0.01180868649395377
sentence-transformers/paraphrase-multilingual-mpnet-base-v2,hausa,persian,0.004,0.013340069380435861
sentence-transformers/paraphrase-multilingual-mpnet-base-v2,hausa,portuguese,0.004,0.021258410749747703
sentence-transformers/paraphrase-multilingual-mpnet-base-v2,hausa,romanian,0.002,0.014552648926768452
sentence-transformers/paraphrase-multilingual-mpnet-base-v2,hausa,serbian,0.005,0.015660822141707133
sentence-transformers/paraphrase-multilingual-mpnet-base-v2,hausa,spanish,0.004,0.015219604969271003
sentence-transformers/paraphrase-multilingual-mpnet-base-v2,hausa,tagalog,0.012,0.03296790064971481
sentence-transformers/paraphrase-multilingual-mpnet-base-v2,hausa,tajik,0.004,0.019822091344615878
sentence-transformers/paraphrase-multilingual-mpnet-base-v2,hausa,tamil,0.005,0.017537467898319527
sentence-transformers/paraphrase-multilingual-mpnet-base-v2,hausa,turkish,0.005,0.015462678136213206
sentence-transformers/paraphrase-multilingual-mpnet-base-v2,hausa,urdu,0.006,0.016089492489751472
sentence-transformers/paraphrase-multilingual-mpnet-base-v2,hausa,uyghur,0.008,0.01935106031972522
sentence-transformers/paraphrase-multilingual-mpnet-base-v2,hausa,uzbek,0.004,0.01725432708371514
sentence-transformers/paraphrase-multilingual-mpnet-base-v2,hausa,vietnamese,0.005,0.01948145001020088
sentence-transformers/paraphrase-multilingual-mpnet-base-v2,hausa,yoruba,0.007,0.02342283646657273
sentence-transformers/paraphrase-multilingual-mpnet-base-v2,indonesian,albanian,0.763,0.8215193037263603
sentence-transformers/paraphrase-multilingual-mpnet-base-v2,indonesian,asante,0.007,0.017998170517111323
sentence-transformers/paraphrase-multilingual-mpnet-base-v2,indonesian,assamese,0.231,0.31184552272997634
sentence-transformers/paraphrase-multilingual-mpnet-base-v2,indonesian,azeri,0.655,0.7267754251043566
sentence-transformers/paraphrase-multilingual-mpnet-base-v2,indonesian,bosnian-mihanovich,0.697,0.7624631549860705
sentence-transformers/paraphrase-multilingual-mpnet-base-v2,indonesian,bosnian-rwwad,0.708,0.7723245061384024
sentence-transformers/paraphrase-multilingual-mpnet-base-v2,indonesian,chinese,0.629,0.7136472896014411
sentence-transformers/paraphrase-multilingual-mpnet-base-v2,indonesian,croatian,0.706,0.7722368733269587
sentence-transformers/paraphrase-multilingual-mpnet-base-v2,indonesian,dutch,0.674,0.7441140584368104
sentence-transformers/paraphrase-multilingual-mpnet-base-v2,indonesian,english,0.717,0.7866121904329197
sentence-transformers/paraphrase-multilingual-mpnet-base-v2,indonesian,french,0.612,0.6924156970731379
sentence-transformers/paraphrase-multilingual-mpnet-base-v2,indonesian,german,0.66,0.7318599738574376
sentence-transformers/paraphrase-multilingual-mpnet-base-v2,indonesian,gujarati,0.28,0.34211426097258246
sentence-transformers/paraphrase-multilingual-mpnet-base-v2,indonesian,hausa,0.002,0.015626999536620396
sentence-transformers/paraphrase-multilingual-mpnet-base-v2,indonesian,japanese,0.684,0.7523220197541658
sentence-transformers/paraphrase-multilingual-mpnet-base-v2,indonesian,kannada,0.477,0.5607325870066446
sentence-transformers/paraphrase-multilingual-mpnet-base-v2,indonesian,khmer,0.518,0.5959362101181203
sentence-transformers/paraphrase-multilingual-mpnet-base-v2,indonesian,kurdish,0.306,0.3964644618671538
sentence-transformers/paraphrase-multilingual-mpnet-base-v2,indonesian,kyrgyz,0.323,0.4072334586444305
sentence-transformers/paraphrase-multilingual-mpnet-base-v2,indonesian,lingala,0.003,0.01316183467245657
sentence-transformers/paraphrase-multilingual-mpnet-base-v2,indonesian,lithuanian,0.674,0.749111872862661
sentence-transformers/paraphrase-multilingual-mpnet-base-v2,indonesian,macedonian,0.704,0.7726519615822222
sentence-transformers/paraphrase-multilingual-mpnet-base-v2,indonesian,malayalam,0.587,0.6663111068433168
sentence-transformers/paraphrase-multilingual-mpnet-base-v2,indonesian,moore,0.012,0.027889185757155006
sentence-transformers/paraphrase-multilingual-mpnet-base-v2,indonesian,oromo,0.006,0.016356857677623775
sentence-transformers/paraphrase-multilingual-mpnet-base-v2,indonesian,pashto,0.385,0.46980651792166556
sentence-transformers/paraphrase-multilingual-mpnet-base-v2,indonesian,persian,0.793,0.8436065403779378
sentence-transformers/paraphrase-multilingual-mpnet-base-v2,indonesian,portuguese,0.678,0.744131094758044
sentence-transformers/paraphrase-multilingual-mpnet-base-v2,indonesian,romanian,0.66,0.7366370232686266
sentence-transformers/paraphrase-multilingual-mpnet-base-v2,indonesian,serbian,0.716,0.7804222522111699
sentence-transformers/paraphrase-multilingual-mpnet-base-v2,indonesian,spanish,0.645,0.7261219360488315
sentence-transformers/paraphrase-multilingual-mpnet-base-v2,indonesian,tagalog,0.025,0.042940333299048096
sentence-transformers/paraphrase-multilingual-mpnet-base-v2,indonesian,tajik,0.001,0.012220923906995449
sentence-transformers/paraphrase-multilingual-mpnet-base-v2,indonesian,tamil,0.586,0.6698279152577922
sentence-transformers/paraphrase-multilingual-mpnet-base-v2,indonesian,turkish,0.755,0.8130177989180958
sentence-transformers/paraphrase-multilingual-mpnet-base-v2,indonesian,urdu,0.684,0.7483905473137861
sentence-transformers/paraphrase-multilingual-mpnet-base-v2,indonesian,uyghur,0.36,0.4543745127267214
sentence-transformers/paraphrase-multilingual-mpnet-base-v2,indonesian,uzbek,0.015,0.032663781032282006
sentence-transformers/paraphrase-multilingual-mpnet-base-v2,indonesian,vietnamese,0.707,0.7756848062854306
sentence-transformers/paraphrase-multilingual-mpnet-base-v2,indonesian,yoruba,0.008,0.026041688011170922
sentence-transformers/paraphrase-multilingual-mpnet-base-v2,japanese,albanian,0.64,0.7095350842106419
sentence-transformers/paraphrase-multilingual-mpnet-base-v2,japanese,asante,0.002,0.012733528971964848
sentence-transformers/paraphrase-multilingual-mpnet-base-v2,japanese,assamese,0.178,0.250724944173972
sentence-transformers/paraphrase-multilingual-mpnet-base-v2,japanese,azeri,0.507,0.5934126492334189
sentence-transformers/paraphrase-multilingual-mpnet-base-v2,japanese,bosnian-mihanovich,0.644,0.7150735489643933
sentence-transformers/paraphrase-multilingual-mpnet-base-v2,japanese,bosnian-rwwad,0.651,0.7200677821823085
sentence-transformers/paraphrase-multilingual-mpnet-base-v2,japanese,chinese,0.551,0.6320675273513117
sentence-transformers/paraphrase-multilingual-mpnet-base-v2,japanese,croatian,0.649,0.7199113625200686
sentence-transformers/paraphrase-multilingual-mpnet-base-v2,japanese,dutch,0.688,0.7587894377812813
sentence-transformers/paraphrase-multilingual-mpnet-base-v2,japanese,english,0.749,0.8080039845857475
sentence-transformers/paraphrase-multilingual-mpnet-base-v2,japanese,french,0.591,0.6643074149781407
sentence-transformers/paraphrase-multilingual-mpnet-base-v2,japanese,german,0.701,0.7589616269021455
sentence-transformers/paraphrase-multilingual-mpnet-base-v2,japanese,gujarati,0.222,0.29204784613963575
sentence-transformers/paraphrase-multilingual-mpnet-base-v2,japanese,hausa,0.003,0.015672097053974463
sentence-transformers/paraphrase-multilingual-mpnet-base-v2,japanese,indonesian,0.631,0.7098168905562235
sentence-transformers/paraphrase-multilingual-mpnet-base-v2,japanese,kannada,0.423,0.5058864237434904
sentence-transformers/paraphrase-multilingual-mpnet-base-v2,japanese,khmer,0.424,0.511512276134318
sentence-transformers/paraphrase-multilingual-mpnet-base-v2,japanese,kurdish,0.212,0.2946994372149318
sentence-transformers/paraphrase-multilingual-mpnet-base-v2,japanese,kyrgyz,0.287,0.37148010796215625
sentence-transformers/paraphrase-multilingual-mpnet-base-v2,japanese,lingala,0.004,0.014449654673395963
sentence-transformers/paraphrase-multilingual-mpnet-base-v2,japanese,lithuanian,0.636,0.708123388867905
sentence-transformers/paraphrase-multilingual-mpnet-base-v2,japanese,macedonian,0.65,0.7204240182231461
sentence-transformers/paraphrase-multilingual-mpnet-base-v2,japanese,malayalam,0.466,0.5627460544432603
sentence-transformers/paraphrase-multilingual-mpnet-base-v2,japanese,moore,0.013,0.021891374125565497
sentence-transformers/paraphrase-multilingual-mpnet-base-v2,japanese,oromo,0.005,0.013397141926071044
sentence-transformers/paraphrase-multilingual-mpnet-base-v2,japanese,pashto,0.243,0.32970611587068493
sentence-transformers/paraphrase-multilingual-mpnet-base-v2,japanese,persian,0.676,0.7431839757933838
sentence-transformers/paraphrase-multilingual-mpnet-base-v2,japanese,portuguese,0.665,0.7267725910264293
sentence-transformers/paraphrase-multilingual-mpnet-base-v2,japanese,romanian,0.659,0.7272432585379256
sentence-transformers/paraphrase-multilingual-mpnet-base-v2,japanese,serbian,0.646,0.7163317197361058
sentence-transformers/paraphrase-multilingual-mpnet-base-v2,japanese,spanish,0.605,0.6919493087433422
sentence-transformers/paraphrase-multilingual-mpnet-base-v2,japanese,tagalog,0.026,0.04410921547369618
sentence-transformers/paraphrase-multilingual-mpnet-base-v2,japanese,tajik,0.001,0.012388296932607125
sentence-transformers/paraphrase-multilingual-mpnet-base-v2,japanese,tamil,0.531,0.6206016961036321
sentence-transformers/paraphrase-multilingual-mpnet-base-v2,japanese,turkish,0.573,0.6516625139697731
sentence-transformers/paraphrase-multilingual-mpnet-base-v2,japanese,urdu,0.597,0.6686684563137745
sentence-transformers/paraphrase-multilingual-mpnet-base-v2,japanese,uyghur,0.299,0.39064888690668975
sentence-transformers/paraphrase-multilingual-mpnet-base-v2,japanese,uzbek,0.013,0.02914345196413194
sentence-transformers/paraphrase-multilingual-mpnet-base-v2,japanese,vietnamese,0.695,0.7628996192123195
sentence-transformers/paraphrase-multilingual-mpnet-base-v2,japanese,yoruba,0.012,0.02557228151880193
sentence-transformers/paraphrase-multilingual-mpnet-base-v2,kannada,albanian,0.454,0.5505183166056367
sentence-transformers/paraphrase-multilingual-mpnet-base-v2,kannada,asante,0.0,0.010420540752491774
sentence-transformers/paraphrase-multilingual-mpnet-base-v2,kannada,assamese,0.185,0.26453491029879117
sentence-transformers/paraphrase-multilingual-mpnet-base-v2,kannada,azeri,0.415,0.5058621998205248
sentence-transformers/paraphrase-multilingual-mpnet-base-v2,kannada,bosnian-mihanovich,0.445,0.5418750133495039
sentence-transformers/paraphrase-multilingual-mpnet-base-v2,kannada,bosnian-rwwad,0.453,0.5421150894044581
sentence-transformers/paraphrase-multilingual-mpnet-base-v2,kannada,chinese,0.386,0.47377839226711055
sentence-transformers/paraphrase-multilingual-mpnet-base-v2,kannada,croatian,0.441,0.5344299978929663
sentence-transformers/paraphrase-multilingual-mpnet-base-v2,kannada,dutch,0.488,0.5712037298811583
sentence-transformers/paraphrase-multilingual-mpnet-base-v2,kannada,english,0.521,0.6047367352958499
sentence-transformers/paraphrase-multilingual-mpnet-base-v2,kannada,french,0.411,0.49505220135066497
sentence-transformers/paraphrase-multilingual-mpnet-base-v2,kannada,german,0.474,0.5557533038372904
sentence-transformers/paraphrase-multilingual-mpnet-base-v2,kannada,gujarati,0.254,0.31484741517881937
sentence-transformers/paraphrase-multilingual-mpnet-base-v2,kannada,hausa,0.002,0.0151480410665628
sentence-transformers/paraphrase-multilingual-mpnet-base-v2,kannada,indonesian,0.435,0.531836222374762
sentence-transformers/paraphrase-multilingual-mpnet-base-v2,kannada,japanese,0.398,0.48321527998761077
sentence-transformers/paraphrase-multilingual-mpnet-base-v2,kannada,khmer,0.354,0.44065624794144764
sentence-transformers/paraphrase-multilingual-mpnet-base-v2,kannada,kurdish,0.207,0.28607914589482125
sentence-transformers/paraphrase-multilingual-mpnet-base-v2,kannada,kyrgyz,0.258,0.3440052317824691
sentence-transformers/paraphrase-multilingual-mpnet-base-v2,kannada,lingala,0.005,0.01914450795410115
sentence-transformers/paraphrase-multilingual-mpnet-base-v2,kannada,lithuanian,0.425,0.5166837227594804
sentence-transformers/paraphrase-multilingual-mpnet-base-v2,kannada,macedonian,0.497,0.5782571750521147
sentence-transformers/paraphrase-multilingual-mpnet-base-v2,kannada,malayalam,0.485,0.5640912417647057
sentence-transformers/paraphrase-multilingual-mpnet-base-v2,kannada,moore,0.003,0.014096529659495689
sentence-transformers/paraphrase-multilingual-mpnet-base-v2,kannada,oromo,0.009,0.018728781643064702
sentence-transformers/paraphrase-multilingual-mpnet-base-v2,kannada,pashto,0.207,0.2830473182486154
sentence-transformers/paraphrase-multilingual-mpnet-base-v2,kannada,persian,0.465,0.5431673102484004
sentence-transformers/paraphrase-multilingual-mpnet-base-v2,kannada,portuguese,0.463,0.5533593733135178
sentence-transformers/paraphrase-multilingual-mpnet-base-v2,kannada,romanian,0.452,0.5455299594279138
sentence-transformers/paraphrase-multilingual-mpnet-base-v2,kannada,serbian,0.481,0.5670332883357694
sentence-transformers/paraphrase-multilingual-mpnet-base-v2,kannada,spanish,0.424,0.520715040069613
sentence-transformers/paraphrase-multilingual-mpnet-base-v2,kannada,tagalog,0.013,0.030844577754187162
sentence-transformers/paraphrase-multilingual-mpnet-base-v2,kannada,tajik,0.003,0.015070007234381844
sentence-transformers/paraphrase-multilingual-mpnet-base-v2,kannada,tamil,0.467,0.555753908427439
sentence-transformers/paraphrase-multilingual-mpnet-base-v2,kannada,turkish,0.448,0.5353793544836372
sentence-transformers/paraphrase-multilingual-mpnet-base-v2,kannada,urdu,0.436,0.5227098050040723
sentence-transformers/paraphrase-multilingual-mpnet-base-v2,kannada,uyghur,0.281,0.36645586950438125
sentence-transformers/paraphrase-multilingual-mpnet-base-v2,kannada,uzbek,0.017,0.03508554674076508
sentence-transformers/paraphrase-multilingual-mpnet-base-v2,kannada,vietnamese,0.452,0.5422531635736184
sentence-transformers/paraphrase-multilingual-mpnet-base-v2,kannada,yoruba,0.009,0.02426627787290561
sentence-transformers/paraphrase-multilingual-mpnet-base-v2,khmer,albanian,0.559,0.6560569222851322
sentence-transformers/paraphrase-multilingual-mpnet-base-v2,khmer,asante,0.001,0.010144428386840211
sentence-transformers/paraphrase-multilingual-mpnet-base-v2,khmer,assamese,0.175,0.2615853451744288
sentence-transformers/paraphrase-multilingual-mpnet-base-v2,khmer,azeri,0.451,0.5536641949017497
sentence-transformers/paraphrase-multilingual-mpnet-base-v2,khmer,bosnian-mihanovich,0.536,0.6339000238040746
sentence-transformers/paraphrase-multilingual-mpnet-base-v2,khmer,bosnian-rwwad,0.532,0.6293093785591473
sentence-transformers/paraphrase-multilingual-mpnet-base-v2,khmer,chinese,0.548,0.6475059110991082
sentence-transformers/paraphrase-multilingual-mpnet-base-v2,khmer,croatian,0.518,0.6181168899069346
sentence-transformers/paraphrase-multilingual-mpnet-base-v2,khmer,dutch,0.563,0.650965552681548
sentence-transformers/paraphrase-multilingual-mpnet-base-v2,khmer,english,0.598,0.6847914561528096
sentence-transformers/paraphrase-multilingual-mpnet-base-v2,khmer,french,0.47,0.5671998308349412
sentence-transformers/paraphrase-multilingual-mpnet-base-v2,khmer,german,0.547,0.6339844078807536
sentence-transformers/paraphrase-multilingual-mpnet-base-v2,khmer,gujarati,0.252,0.32262560711677435
sentence-transformers/paraphrase-multilingual-mpnet-base-v2,khmer,hausa,0.002,0.013215642149328407
sentence-transformers/paraphrase-multilingual-mpnet-base-v2,khmer,indonesian,0.558,0.6509970596716451
sentence-transformers/paraphrase-multilingual-mpnet-base-v2,khmer,japanese,0.505,0.6175647092948623
sentence-transformers/paraphrase-multilingual-mpnet-base-v2,khmer,kannada,0.461,0.5533747836803112
sentence-transformers/paraphrase-multilingual-mpnet-base-v2,khmer,kurdish,0.282,0.373156484450856
sentence-transformers/paraphrase-multilingual-mpnet-base-v2,khmer,kyrgyz,0.265,0.36711786135578245
sentence-transformers/paraphrase-multilingual-mpnet-base-v2,khmer,lingala,0.001,0.009801607920670523
sentence-transformers/paraphrase-multilingual-mpnet-base-v2,khmer,lithuanian,0.498,0.5978565895520608
sentence-transformers/paraphrase-multilingual-mpnet-base-v2,khmer,macedonian,0.56,0.6493741093863732
sentence-transformers/paraphrase-multilingual-mpnet-base-v2,khmer,malayalam,0.479,0.5749334338552649
sentence-transformers/paraphrase-multilingual-mpnet-base-v2,khmer,moore,0.004,0.01634995516092679
sentence-transformers/paraphrase-multilingual-mpnet-base-v2,khmer,oromo,0.002,0.011388465084264669
sentence-transformers/paraphrase-multilingual-mpnet-base-v2,khmer,pashto,0.225,0.316149275153569
sentence-transformers/paraphrase-multilingual-mpnet-base-v2,khmer,persian,0.475,0.5817318705044273
sentence-transformers/paraphrase-multilingual-mpnet-base-v2,khmer,portuguese,0.533,0.6258870485791184
sentence-transformers/paraphrase-multilingual-mpnet-base-v2,khmer,romanian,0.507,0.6052379065288164
sentence-transformers/paraphrase-multilingual-mpnet-base-v2,khmer,serbian,0.544,0.6378299007074691
sentence-transformers/paraphrase-multilingual-mpnet-base-v2,khmer,spanish,0.536,0.635421210992132
sentence-transformers/paraphrase-multilingual-mpnet-base-v2,khmer,tagalog,0.013,0.030319867862145456
sentence-transformers/paraphrase-multilingual-mpnet-base-v2,khmer,tajik,0.001,0.012891836487589237
sentence-transformers/paraphrase-multilingual-mpnet-base-v2,khmer,tamil,0.456,0.5624724944121193
sentence-transformers/paraphrase-multilingual-mpnet-base-v2,khmer,turkish,0.503,0.6005258343172367
sentence-transformers/paraphrase-multilingual-mpnet-base-v2,khmer,urdu,0.49,0.58926949454205
sentence-transformers/paraphrase-multilingual-mpnet-base-v2,khmer,uyghur,0.262,0.3583271553292369
sentence-transformers/paraphrase-multilingual-mpnet-base-v2,khmer,uzbek,0.01,0.030104638613832387
sentence-transformers/paraphrase-multilingual-mpnet-base-v2,khmer,vietnamese,0.557,0.655201559995025
sentence-transformers/paraphrase-multilingual-mpnet-base-v2,khmer,yoruba,0.003,0.019176320361924275
sentence-transformers/paraphrase-multilingual-mpnet-base-v2,kurdish,albanian,0.306,0.4060652775418424
sentence-transformers/paraphrase-multilingual-mpnet-base-v2,kurdish,asante,0.003,0.01228908342441576
sentence-transformers/paraphrase-multilingual-mpnet-base-v2,kurdish,assamese,0.09,0.14698889792043787
sentence-transformers/paraphrase-multilingual-mpnet-base-v2,kurdish,azeri,0.254,0.34206583561065473
sentence-transformers/paraphrase-multilingual-mpnet-base-v2,kurdish,bosnian-mihanovich,0.292,0.39103492992313765
sentence-transformers/paraphrase-multilingual-mpnet-base-v2,kurdish,bosnian-rwwad,0.296,0.38807171371538207
sentence-transformers/paraphrase-multilingual-mpnet-base-v2,kurdish,chinese,0.29,0.3900656901455361
sentence-transformers/paraphrase-multilingual-mpnet-base-v2,kurdish,croatian,0.29,0.38236120902645787
sentence-transformers/paraphrase-multilingual-mpnet-base-v2,kurdish,dutch,0.279,0.3722541008790713
sentence-transformers/paraphrase-multilingual-mpnet-base-v2,kurdish,english,0.324,0.41695065006438536
sentence-transformers/paraphrase-multilingual-mpnet-base-v2,kurdish,french,0.264,0.3457152247637708
sentence-transformers/paraphrase-multilingual-mpnet-base-v2,kurdish,german,0.288,0.3739150027763842
sentence-transformers/paraphrase-multilingual-mpnet-base-v2,kurdish,gujarati,0.154,0.2143065052017319
sentence-transformers/paraphrase-multilingual-mpnet-base-v2,kurdish,hausa,0.001,0.00922081905005032
sentence-transformers/paraphrase-multilingual-mpnet-base-v2,kurdish,indonesian,0.287,0.383284514941864
sentence-transformers/paraphrase-multilingual-mpnet-base-v2,kurdish,japanese,0.249,0.3367615832149224
sentence-transformers/paraphrase-multilingual-mpnet-base-v2,kurdish,kannada,0.254,0.33891680154540416
sentence-transformers/paraphrase-multilingual-mpnet-base-v2,kurdish,khmer,0.302,0.39155235870289856
sentence-transformers/paraphrase-multilingual-mpnet-base-v2,kurdish,kyrgyz,0.167,0.2345884265921456
sentence-transformers/paraphrase-multilingual-mpnet-base-v2,kurdish,lingala,0.002,0.010121578498311766
sentence-transformers/paraphrase-multilingual-mpnet-base-v2,kurdish,lithuanian,0.259,0.3440045589757669
sentence-transformers/paraphrase-multilingual-mpnet-base-v2,kurdish,macedonian,0.308,0.3995643344477784
sentence-transformers/paraphrase-multilingual-mpnet-base-v2,kurdish,malayalam,0.279,0.3770960023106501
sentence-transformers/paraphrase-multilingual-mpnet-base-v2,kurdish,moore,0.003,0.014200585007849828
sentence-transformers/paraphrase-multilingual-mpnet-base-v2,kurdish,oromo,0.003,0.011479888862506822
sentence-transformers/paraphrase-multilingual-mpnet-base-v2,kurdish,pashto,0.147,0.21818579458249387
sentence-transformers/paraphrase-multilingual-mpnet-base-v2,kurdish,persian,0.282,0.3745173626523879
sentence-transformers/paraphrase-multilingual-mpnet-base-v2,kurdish,portuguese,0.294,0.3818383199952014
sentence-transformers/paraphrase-multilingual-mpnet-base-v2,kurdish,romanian,0.287,0.3732307784579059
sentence-transformers/paraphrase-multilingual-mpnet-base-v2,kurdish,serbian,0.284,0.37812355208350856
sentence-transformers/paraphrase-multilingual-mpnet-base-v2,kurdish,spanish,0.267,0.3602046328043831
sentence-transformers/paraphrase-multilingual-mpnet-base-v2,kurdish,tagalog,0.008,0.02281005104458752
sentence-transformers/paraphrase-multilingual-mpnet-base-v2,kurdish,tajik,0.001,0.01207718419600447
sentence-transformers/paraphrase-multilingual-mpnet-base-v2,kurdish,tamil,0.225,0.3147633560581029
sentence-transformers/paraphrase-multilingual-mpnet-base-v2,kurdish,turkish,0.304,0.3941084665505733
sentence-transformers/paraphrase-multilingual-mpnet-base-v2,kurdish,urdu,0.279,0.365226914116913
sentence-transformers/paraphrase-multilingual-mpnet-base-v2,kurdish,uyghur,0.173,0.2538036721768918
sentence-transformers/paraphrase-multilingual-mpnet-base-v2,kurdish,uzbek,0.015,0.03223046795865719
sentence-transformers/paraphrase-multilingual-mpnet-base-v2,kurdish,vietnamese,0.265,0.35442364721478803
sentence-transformers/paraphrase-multilingual-mpnet-base-v2,kurdish,yoruba,0.003,0.015518294529811355
sentence-transformers/paraphrase-multilingual-mpnet-base-v2,kyrgyz,albanian,0.256,0.3484268981595096
sentence-transformers/paraphrase-multilingual-mpnet-base-v2,kyrgyz,asante,0.002,0.015456144744962848
sentence-transformers/paraphrase-multilingual-mpnet-base-v2,kyrgyz,assamese,0.094,0.16174744304436506
sentence-transformers/paraphrase-multilingual-mpnet-base-v2,kyrgyz,azeri,0.309,0.40344212972923843
sentence-transformers/paraphrase-multilingual-mpnet-base-v2,kyrgyz,bosnian-mihanovich,0.289,0.38161705886041397
sentence-transformers/paraphrase-multilingual-mpnet-base-v2,kyrgyz,bosnian-rwwad,0.283,0.3765884639945261
sentence-transformers/paraphrase-multilingual-mpnet-base-v2,kyrgyz,chinese,0.201,0.2840152557792582
sentence-transformers/paraphrase-multilingual-mpnet-base-v2,kyrgyz,croatian,0.286,0.37459225494792053
sentence-transformers/paraphrase-multilingual-mpnet-base-v2,kyrgyz,dutch,0.303,0.4013189390680038
sentence-transformers/paraphrase-multilingual-mpnet-base-v2,kyrgyz,english,0.323,0.4162918488912974
sentence-transformers/paraphrase-multilingual-mpnet-base-v2,kyrgyz,french,0.25,0.3438042377577202
sentence-transformers/paraphrase-multilingual-mpnet-base-v2,kyrgyz,german,0.266,0.36167058662973034
sentence-transformers/paraphrase-multilingual-mpnet-base-v2,kyrgyz,gujarati,0.138,0.1903688504052883
sentence-transformers/paraphrase-multilingual-mpnet-base-v2,kyrgyz,hausa,0.002,0.015367539537962438
sentence-transformers/paraphrase-multilingual-mpnet-base-v2,kyrgyz,indonesian,0.242,0.3331987741300585
sentence-transformers/paraphrase-multilingual-mpnet-base-v2,kyrgyz,japanese,0.193,0.27836787011315917
sentence-transformers/paraphrase-multilingual-mpnet-base-v2,kyrgyz,kannada,0.21,0.2876183510365006
sentence-transformers/paraphrase-multilingual-mpnet-base-v2,kyrgyz,khmer,0.171,0.2472502425062974
sentence-transformers/paraphrase-multilingual-mpnet-base-v2,kyrgyz,kurdish,0.101,0.16250781498442138
sentence-transformers/paraphrase-multilingual-mpnet-base-v2,kyrgyz,lingala,0.007,0.017069887581930985
sentence-transformers/paraphrase-multilingual-mpnet-base-v2,kyrgyz,lithuanian,0.26,0.3619573104671457
sentence-transformers/paraphrase-multilingual-mpnet-base-v2,kyrgyz,macedonian,0.32,0.4084437750972212
sentence-transformers/paraphrase-multilingual-mpnet-base-v2,kyrgyz,malayalam,0.207,0.2852408307200671
sentence-transformers/paraphrase-multilingual-mpnet-base-v2,kyrgyz,moore,0.007,0.02049680552213118
sentence-transformers/paraphrase-multilingual-mpnet-base-v2,kyrgyz,oromo,0.006,0.015812659741028284
sentence-transformers/paraphrase-multilingual-mpnet-base-v2,kyrgyz,pashto,0.109,0.17050128518042118
sentence-transformers/paraphrase-multilingual-mpnet-base-v2,kyrgyz,persian,0.26,0.35092421070194074
sentence-transformers/paraphrase-multilingual-mpnet-base-v2,kyrgyz,portuguese,0.299,0.39150398494425026
sentence-transformers/paraphrase-multilingual-mpnet-base-v2,kyrgyz,romanian,0.297,0.3972710329678801
sentence-transformers/paraphrase-multilingual-mpnet-base-v2,kyrgyz,serbian,0.28,0.38132518414598127
sentence-transformers/paraphrase-multilingual-mpnet-base-v2,kyrgyz,spanish,0.236,0.33171670999937053
sentence-transformers/paraphrase-multilingual-mpnet-base-v2,kyrgyz,tagalog,0.015,0.03173444994514558
sentence-transformers/paraphrase-multilingual-mpnet-base-v2,kyrgyz,tajik,0.006,0.019068919233423017
sentence-transformers/paraphrase-multilingual-mpnet-base-v2,kyrgyz,tamil,0.211,0.30839604341686533
sentence-transformers/paraphrase-multilingual-mpnet-base-v2,kyrgyz,turkish,0.253,0.3443405355995095
sentence-transformers/paraphrase-multilingual-mpnet-base-v2,kyrgyz,urdu,0.244,0.32052867263911206
sentence-transformers/paraphrase-multilingual-mpnet-base-v2,kyrgyz,uyghur,0.196,0.28012522568338943
sentence-transformers/paraphrase-multilingual-mpnet-base-v2,kyrgyz,uzbek,0.017,0.03890903780736414
sentence-transformers/paraphrase-multilingual-mpnet-base-v2,kyrgyz,vietnamese,0.285,0.3902852083154596
sentence-transformers/paraphrase-multilingual-mpnet-base-v2,kyrgyz,yoruba,0.012,0.02822900795291405
sentence-transformers/paraphrase-multilingual-mpnet-base-v2,lingala,albanian,0.004,0.016724250352886365
sentence-transformers/paraphrase-multilingual-mpnet-base-v2,lingala,asante,0.001,0.010864928569123489
sentence-transformers/paraphrase-multilingual-mpnet-base-v2,lingala,assamese,0.001,0.01147471378904536
sentence-transformers/paraphrase-multilingual-mpnet-base-v2,lingala,azeri,0.003,0.013701098766312349
sentence-transformers/paraphrase-multilingual-mpnet-base-v2,lingala,bosnian-mihanovich,0.004,0.01757745143192138
sentence-transformers/paraphrase-multilingual-mpnet-base-v2,lingala,bosnian-rwwad,0.003,0.015147954082307385
sentence-transformers/paraphrase-multilingual-mpnet-base-v2,lingala,chinese,0.003,0.013128785580219024
sentence-transformers/paraphrase-multilingual-mpnet-base-v2,lingala,croatian,0.005,0.016120572225643323
sentence-transformers/paraphrase-multilingual-mpnet-base-v2,lingala,dutch,0.005,0.01752506844141367
sentence-transformers/paraphrase-multilingual-mpnet-base-v2,lingala,english,0.002,0.015263384117376126
sentence-transformers/paraphrase-multilingual-mpnet-base-v2,lingala,french,0.005,0.018746816127496777
sentence-transformers/paraphrase-multilingual-mpnet-base-v2,lingala,german,0.008,0.022495010278435104
sentence-transformers/paraphrase-multilingual-mpnet-base-v2,lingala,gujarati,0.004,0.019058591924060495
sentence-transformers/paraphrase-multilingual-mpnet-base-v2,lingala,hausa,0.006,0.02934680564654036
sentence-transformers/paraphrase-multilingual-mpnet-base-v2,lingala,indonesian,0.004,0.014888887003358154
sentence-transformers/paraphrase-multilingual-mpnet-base-v2,lingala,japanese,0.004,0.014168037435429156
sentence-transformers/paraphrase-multilingual-mpnet-base-v2,lingala,kannada,0.013,0.02592334787133638
sentence-transformers/paraphrase-multilingual-mpnet-base-v2,lingala,khmer,0.003,0.012285217644012147
sentence-transformers/paraphrase-multilingual-mpnet-base-v2,lingala,kurdish,0.002,0.011058186444102508
sentence-transformers/paraphrase-multilingual-mpnet-base-v2,lingala,kyrgyz,0.002,0.01543852883734817
sentence-transformers/paraphrase-multilingual-mpnet-base-v2,lingala,lithuanian,0.005,0.01895529497700358
sentence-transformers/paraphrase-multilingual-mpnet-base-v2,lingala,macedonian,0.006,0.020303057053878887
sentence-transformers/paraphrase-multilingual-mpnet-base-v2,lingala,malayalam,0.002,0.01338633422187069
sentence-transformers/paraphrase-multilingual-mpnet-base-v2,lingala,moore,0.003,0.014457422242260513
sentence-transformers/paraphrase-multilingual-mpnet-base-v2,lingala,oromo,0.005,0.019043452009220915
sentence-transformers/paraphrase-multilingual-mpnet-base-v2,lingala,pashto,0.003,0.013669844007481542
sentence-transformers/paraphrase-multilingual-mpnet-base-v2,lingala,persian,0.003,0.013456545931035908
sentence-transformers/paraphrase-multilingual-mpnet-base-v2,lingala,portuguese,0.004,0.019310462224484386
sentence-transformers/paraphrase-multilingual-mpnet-base-v2,lingala,romanian,0.004,0.016982192395864293
sentence-transformers/paraphrase-multilingual-mpnet-base-v2,lingala,serbian,0.007,0.01861939196963236
sentence-transformers/paraphrase-multilingual-mpnet-base-v2,lingala,spanish,0.002,0.01346030793988389
sentence-transformers/paraphrase-multilingual-mpnet-base-v2,lingala,tagalog,0.004,0.022025586603649366
sentence-transformers/paraphrase-multilingual-mpnet-base-v2,lingala,tajik,0.002,0.01494002403423011
sentence-transformers/paraphrase-multilingual-mpnet-base-v2,lingala,tamil,0.004,0.01842124512277356
sentence-transformers/paraphrase-multilingual-mpnet-base-v2,lingala,turkish,0.005,0.015970464381197123
sentence-transformers/paraphrase-multilingual-mpnet-base-v2,lingala,urdu,0.005,0.017570834259347627
sentence-transformers/paraphrase-multilingual-mpnet-base-v2,lingala,uyghur,0.003,0.01677188304808846
sentence-transformers/paraphrase-multilingual-mpnet-base-v2,lingala,uzbek,0.002,0.01532099385378568
sentence-transformers/paraphrase-multilingual-mpnet-base-v2,lingala,vietnamese,0.005,0.017821462502614974
sentence-transformers/paraphrase-multilingual-mpnet-base-v2,lingala,yoruba,0.004,0.017849384469195116
sentence-transformers/paraphrase-multilingual-mpnet-base-v2,lithuanian,albanian,0.69,0.7607617308911044
sentence-transformers/paraphrase-multilingual-mpnet-base-v2,lithuanian,asante,0.007,0.019881816973321826
sentence-transformers/paraphrase-multilingual-mpnet-base-v2,lithuanian,assamese,0.175,0.2538327493791646
sentence-transformers/paraphrase-multilingual-mpnet-base-v2,lithuanian,azeri,0.579,0.6503787436573316
sentence-transformers/paraphrase-multilingual-mpnet-base-v2,lithuanian,bosnian-mihanovich,0.715,0.76912397780334
sentence-transformers/paraphrase-multilingual-mpnet-base-v2,lithuanian,bosnian-rwwad,0.713,0.765546854321842
sentence-transformers/paraphrase-multilingual-mpnet-base-v2,lithuanian,chinese,0.506,0.5986513080234408
sentence-transformers/paraphrase-multilingual-mpnet-base-v2,lithuanian,croatian,0.724,0.7721249556479755
sentence-transformers/paraphrase-multilingual-mpnet-base-v2,lithuanian,dutch,0.826,0.8627025426158721
sentence-transformers/paraphrase-multilingual-mpnet-base-v2,lithuanian,english,0.824,0.8623720315918637
sentence-transformers/paraphrase-multilingual-mpnet-base-v2,lithuanian,french,0.766,0.8068688340699903
sentence-transformers/paraphrase-multilingual-mpnet-base-v2,lithuanian,german,0.74,0.7873239786081785
sentence-transformers/paraphrase-multilingual-mpnet-base-v2,lithuanian,gujarati,0.32,0.37976422417072886
sentence-transformers/paraphrase-multilingual-mpnet-base-v2,lithuanian,hausa,0.006,0.018979160041059644
sentence-transformers/paraphrase-multilingual-mpnet-base-v2,lithuanian,indonesian,0.626,0.7051619966194369
sentence-transformers/paraphrase-multilingual-mpnet-base-v2,lithuanian,japanese,0.634,0.709097144880258
sentence-transformers/paraphrase-multilingual-mpnet-base-v2,lithuanian,kannada,0.432,0.5057849373764931
sentence-transformers/paraphrase-multilingual-mpnet-base-v2,lithuanian,khmer,0.406,0.49289557815278673
sentence-transformers/paraphrase-multilingual-mpnet-base-v2,lithuanian,kurdish,0.226,0.30590435132187943
sentence-transformers/paraphrase-multilingual-mpnet-base-v2,lithuanian,kyrgyz,0.328,0.4109187109127671
sentence-transformers/paraphrase-multilingual-mpnet-base-v2,lithuanian,lingala,0.004,0.013315987040363299
sentence-transformers/paraphrase-multilingual-mpnet-base-v2,lithuanian,macedonian,0.815,0.8528529501242373
sentence-transformers/paraphrase-multilingual-mpnet-base-v2,lithuanian,malayalam,0.469,0.5527383770512256
sentence-transformers/paraphrase-multilingual-mpnet-base-v2,lithuanian,moore,0.008,0.020323901142508927
sentence-transformers/paraphrase-multilingual-mpnet-base-v2,lithuanian,oromo,0.005,0.015405524639438102
sentence-transformers/paraphrase-multilingual-mpnet-base-v2,lithuanian,pashto,0.26,0.34294327772484257
sentence-transformers/paraphrase-multilingual-mpnet-base-v2,lithuanian,persian,0.633,0.7110573541895963
sentence-transformers/paraphrase-multilingual-mpnet-base-v2,lithuanian,portuguese,0.739,0.7892690899998465
sentence-transformers/paraphrase-multilingual-mpnet-base-v2,lithuanian,romanian,0.764,0.8114391990839674
sentence-transformers/paraphrase-multilingual-mpnet-base-v2,lithuanian,serbian,0.713,0.7635154466816878
sentence-transformers/paraphrase-multilingual-mpnet-base-v2,lithuanian,spanish,0.707,0.7712866440261354
sentence-transformers/paraphrase-multilingual-mpnet-base-v2,lithuanian,tagalog,0.017,0.04021839510426307
sentence-transformers/paraphrase-multilingual-mpnet-base-v2,lithuanian,tajik,0.003,0.014752529077721085
sentence-transformers/paraphrase-multilingual-mpnet-base-v2,lithuanian,tamil,0.531,0.6108078467906969
sentence-transformers/paraphrase-multilingual-mpnet-base-v2,lithuanian,turkish,0.595,0.669189188413924
sentence-transformers/paraphrase-multilingual-mpnet-base-v2,lithuanian,urdu,0.611,0.6866193787331775
sentence-transformers/paraphrase-multilingual-mpnet-base-v2,lithuanian,uyghur,0.421,0.4995632489135317
sentence-transformers/paraphrase-multilingual-mpnet-base-v2,lithuanian,uzbek,0.012,0.029583299307702628
sentence-transformers/paraphrase-multilingual-mpnet-base-v2,lithuanian,vietnamese,0.747,0.7996406562823927
sentence-transformers/paraphrase-multilingual-mpnet-base-v2,lithuanian,yoruba,0.009,0.027073463262948
sentence-transformers/paraphrase-multilingual-mpnet-base-v2,macedonian,albanian,0.815,0.869531108597244
sentence-transformers/paraphrase-multilingual-mpnet-base-v2,macedonian,asante,0.004,0.018076466880802243
sentence-transformers/paraphrase-multilingual-mpnet-base-v2,macedonian,assamese,0.194,0.28146652168028935
sentence-transformers/paraphrase-multilingual-mpnet-base-v2,macedonian,azeri,0.634,0.7117438924527556
sentence-transformers/paraphrase-multilingual-mpnet-base-v2,macedonian,bosnian-mihanovich,0.931,0.9492181421238227
sentence-transformers/paraphrase-multilingual-mpnet-base-v2,macedonian,bosnian-rwwad,0.933,0.9529206693849405
sentence-transformers/paraphrase-multilingual-mpnet-base-v2,macedonian,chinese,0.614,0.6967283878064519
sentence-transformers/paraphrase-multilingual-mpnet-base-v2,macedonian,croatian,0.928,0.9500293871494725
sentence-transformers/paraphrase-multilingual-mpnet-base-v2,macedonian,dutch,0.817,0.8649218434084828
sentence-transformers/paraphrase-multilingual-mpnet-base-v2,macedonian,english,0.859,0.8981623869294234
sentence-transformers/paraphrase-multilingual-mpnet-base-v2,macedonian,french,0.851,0.8901529375606886
sentence-transformers/paraphrase-multilingual-mpnet-base-v2,macedonian,german,0.817,0.8598830940779085
sentence-transformers/paraphrase-multilingual-mpnet-base-v2,macedonian,gujarati,0.355,0.4169840194166476
sentence-transformers/paraphrase-multilingual-mpnet-base-v2,macedonian,hausa,0.004,0.017178825730427335
sentence-transformers/paraphrase-multilingual-mpnet-base-v2,macedonian,indonesian,0.707,0.7770313831247676
sentence-transformers/paraphrase-multilingual-mpnet-base-v2,macedonian,japanese,0.707,0.780574304750494
sentence-transformers/paraphrase-multilingual-mpnet-base-v2,macedonian,kannada,0.495,0.5742905033382971
sentence-transformers/paraphrase-multilingual-mpnet-base-v2,macedonian,khmer,0.464,0.5611903356674586
sentence-transformers/paraphrase-multilingual-mpnet-base-v2,macedonian,kurdish,0.284,0.3668997650810544
sentence-transformers/paraphrase-multilingual-mpnet-base-v2,macedonian,kyrgyz,0.402,0.49449687892700345
sentence-transformers/paraphrase-multilingual-mpnet-base-v2,macedonian,lingala,0.005,0.017036911865392027
sentence-transformers/paraphrase-multilingual-mpnet-base-v2,macedonian,lithuanian,0.842,0.8851011612739026
sentence-transformers/paraphrase-multilingual-mpnet-base-v2,macedonian,malayalam,0.578,0.6598398441898108
sentence-transformers/paraphrase-multilingual-mpnet-base-v2,macedonian,moore,0.005,0.017270292222174126
sentence-transformers/paraphrase-multilingual-mpnet-base-v2,macedonian,oromo,0.005,0.01521563197188224
sentence-transformers/paraphrase-multilingual-mpnet-base-v2,macedonian,pashto,0.31,0.3993759215224741
sentence-transformers/paraphrase-multilingual-mpnet-base-v2,macedonian,persian,0.692,0.7704570757711557
sentence-transformers/paraphrase-multilingual-mpnet-base-v2,macedonian,portuguese,0.783,0.8388786938677311
sentence-transformers/paraphrase-multilingual-mpnet-base-v2,macedonian,romanian,0.809,0.8575328773563841
sentence-transformers/paraphrase-multilingual-mpnet-base-v2,macedonian,serbian,0.926,0.9467864260184389
sentence-transformers/paraphrase-multilingual-mpnet-base-v2,macedonian,spanish,0.716,0.786283851949733
sentence-transformers/paraphrase-multilingual-mpnet-base-v2,macedonian,tagalog,0.026,0.048076909491566865
sentence-transformers/paraphrase-multilingual-mpnet-base-v2,macedonian,tajik,0.004,0.015059942038983368
sentence-transformers/paraphrase-multilingual-mpnet-base-v2,macedonian,tamil,0.59,0.6779063759051189
sentence-transformers/paraphrase-multilingual-mpnet-base-v2,macedonian,turkish,0.707,0.7755334675936457
sentence-transformers/paraphrase-multilingual-mpnet-base-v2,macedonian,urdu,0.698,0.7678059052058367
sentence-transformers/paraphrase-multilingual-mpnet-base-v2,macedonian,uyghur,0.519,0.6038143486686763
sentence-transformers/paraphrase-multilingual-mpnet-base-v2,macedonian,uzbek,0.017,0.03552541492874632
sentence-transformers/paraphrase-multilingual-mpnet-base-v2,macedonian,vietnamese,0.749,0.8139878392647056
sentence-transformers/paraphrase-multilingual-mpnet-base-v2,macedonian,yoruba,0.008,0.026299889986395302
sentence-transformers/paraphrase-multilingual-mpnet-base-v2,malayalam,albanian,0.559,0.6614096399263651
sentence-transformers/paraphrase-multilingual-mpnet-base-v2,malayalam,asante,0.001,0.010274177234840304
sentence-transformers/paraphrase-multilingual-mpnet-base-v2,malayalam,assamese,0.193,0.28434937849426306
sentence-transformers/paraphrase-multilingual-mpnet-base-v2,malayalam,azeri,0.482,0.5743347476416468
sentence-transformers/paraphrase-multilingual-mpnet-base-v2,malayalam,bosnian-mihanovich,0.533,0.6302258867209359
sentence-transformers/paraphrase-multilingual-mpnet-base-v2,malayalam,bosnian-rwwad,0.535,0.6301803150259447
sentence-transformers/paraphrase-multilingual-mpnet-base-v2,malayalam,chinese,0.428,0.5282382626981771
sentence-transformers/paraphrase-multilingual-mpnet-base-v2,malayalam,croatian,0.53,0.6298054321599643
sentence-transformers/paraphrase-multilingual-mpnet-base-v2,malayalam,dutch,0.501,0.5983643338277077
sentence-transformers/paraphrase-multilingual-mpnet-base-v2,malayalam,english,0.542,0.6327478970257796
sentence-transformers/paraphrase-multilingual-mpnet-base-v2,malayalam,french,0.435,0.5299314406322342
sentence-transformers/paraphrase-multilingual-mpnet-base-v2,malayalam,german,0.498,0.5970129912242851
sentence-transformers/paraphrase-multilingual-mpnet-base-v2,malayalam,gujarati,0.216,0.2867814336513385
sentence-transformers/paraphrase-multilingual-mpnet-base-v2,malayalam,hausa,0.004,0.01705005198289813
sentence-transformers/paraphrase-multilingual-mpnet-base-v2,malayalam,indonesian,0.552,0.6424546618027986
sentence-transformers/paraphrase-multilingual-mpnet-base-v2,malayalam,japanese,0.455,0.556254703357384
sentence-transformers/paraphrase-multilingual-mpnet-base-v2,malayalam,kannada,0.544,0.62099876533385
sentence-transformers/paraphrase-multilingual-mpnet-base-v2,malayalam,khmer,0.4,0.49183440172553755
sentence-transformers/paraphrase-multilingual-mpnet-base-v2,malayalam,kurdish,0.249,0.34521886604469787
sentence-transformers/paraphrase-multilingual-mpnet-base-v2,malayalam,kyrgyz,0.242,0.3399924041760599
sentence-transformers/paraphrase-multilingual-mpnet-base-v2,malayalam,lingala,0.002,0.013192059451025855
sentence-transformers/paraphrase-multilingual-mpnet-base-v2,malayalam,lithuanian,0.455,0.5602512526399901
sentence-transformers/paraphrase-multilingual-mpnet-base-v2,malayalam,macedonian,0.561,0.6536353391095003
sentence-transformers/paraphrase-multilingual-mpnet-base-v2,malayalam,moore,0.005,0.017453928978295716
sentence-transformers/paraphrase-multilingual-mpnet-base-v2,malayalam,oromo,0.005,0.014580199157641876
sentence-transformers/paraphrase-multilingual-mpnet-base-v2,malayalam,pashto,0.277,0.3780474662191954
sentence-transformers/paraphrase-multilingual-mpnet-base-v2,malayalam,persian,0.539,0.6320689501411156
sentence-transformers/paraphrase-multilingual-mpnet-base-v2,malayalam,portuguese,0.515,0.6053715501744982
sentence-transformers/paraphrase-multilingual-mpnet-base-v2,malayalam,romanian,0.503,0.5963269222254567
sentence-transformers/paraphrase-multilingual-mpnet-base-v2,malayalam,serbian,0.555,0.640455611169213
sentence-transformers/paraphrase-multilingual-mpnet-base-v2,malayalam,spanish,0.418,0.526274061020622
sentence-transformers/paraphrase-multilingual-mpnet-base-v2,malayalam,tagalog,0.014,0.030434799642632265
sentence-transformers/paraphrase-multilingual-mpnet-base-v2,malayalam,tajik,0.002,0.013861184552312335
sentence-transformers/paraphrase-multilingual-mpnet-base-v2,malayalam,tamil,0.541,0.6332632617188864
sentence-transformers/paraphrase-multilingual-mpnet-base-v2,malayalam,turkish,0.557,0.6475043842365907
sentence-transformers/paraphrase-multilingual-mpnet-base-v2,malayalam,urdu,0.509,0.5984697074864755
sentence-transformers/paraphrase-multilingual-mpnet-base-v2,malayalam,uyghur,0.293,0.3863455846533893
sentence-transformers/paraphrase-multilingual-mpnet-base-v2,malayalam,uzbek,0.012,0.02992237069681455
sentence-transformers/paraphrase-multilingual-mpnet-base-v2,malayalam,vietnamese,0.473,0.5755781391447888
sentence-transformers/paraphrase-multilingual-mpnet-base-v2,malayalam,yoruba,0.009,0.023605130680129278
sentence-transformers/paraphrase-multilingual-mpnet-base-v2,moore,albanian,0.004,0.01543491332262116
sentence-transformers/paraphrase-multilingual-mpnet-base-v2,moore,asante,0.015,0.028872885298803434
sentence-transformers/paraphrase-multilingual-mpnet-base-v2,moore,assamese,0.005,0.015483263361312186
sentence-transformers/paraphrase-multilingual-mpnet-base-v2,moore,azeri,0.002,0.012031360818677629
sentence-transformers/paraphrase-multilingual-mpnet-base-v2,moore,bosnian-mihanovich,0.005,0.016113979986959345
sentence-transformers/paraphrase-multilingual-mpnet-base-v2,moore,bosnian-rwwad,0.005,0.016233814627130427
sentence-transformers/paraphrase-multilingual-mpnet-base-v2,moore,chinese,0.003,0.012918244947871856
sentence-transformers/paraphrase-multilingual-mpnet-base-v2,moore,croatian,0.004,0.014779557207641774
sentence-transformers/paraphrase-multilingual-mpnet-base-v2,moore,dutch,0.005,0.01641891180160299
sentence-transformers/paraphrase-multilingual-mpnet-base-v2,moore,english,0.005,0.013620405670054042
sentence-transformers/paraphrase-multilingual-mpnet-base-v2,moore,french,0.005,0.015272330780374653
sentence-transformers/paraphrase-multilingual-mpnet-base-v2,moore,german,0.008,0.020076316852544927
sentence-transformers/paraphrase-multilingual-mpnet-base-v2,moore,gujarati,0.004,0.016241055478565747
sentence-transformers/paraphrase-multilingual-mpnet-base-v2,moore,hausa,0.005,0.01887835916199056
sentence-transformers/paraphrase-multilingual-mpnet-base-v2,moore,indonesian,0.008,0.018511567110117776
sentence-transformers/paraphrase-multilingual-mpnet-base-v2,moore,japanese,0.004,0.012890706811321062
sentence-transformers/paraphrase-multilingual-mpnet-base-v2,moore,kannada,0.003,0.013466368900040352
sentence-transformers/paraphrase-multilingual-mpnet-base-v2,moore,khmer,0.002,0.013292840571740544
sentence-transformers/paraphrase-multilingual-mpnet-base-v2,moore,kurdish,0.002,0.014342331731005771
sentence-transformers/paraphrase-multilingual-mpnet-base-v2,moore,kyrgyz,0.004,0.0142900560911522
sentence-transformers/paraphrase-multilingual-mpnet-base-v2,moore,lingala,0.004,0.013386529780510305
sentence-transformers/paraphrase-multilingual-mpnet-base-v2,moore,lithuanian,0.009,0.01838900523509503
sentence-transformers/paraphrase-multilingual-mpnet-base-v2,moore,macedonian,0.005,0.017005445854361985
sentence-transformers/paraphrase-multilingual-mpnet-base-v2,moore,malayalam,0.002,0.013223720663613462
sentence-transformers/paraphrase-multilingual-mpnet-base-v2,moore,oromo,0.01,0.024355767162031902
sentence-transformers/paraphrase-multilingual-mpnet-base-v2,moore,pashto,0.002,0.014359712025836063
sentence-transformers/paraphrase-multilingual-mpnet-base-v2,moore,persian,0.008,0.016180520616713715
sentence-transformers/paraphrase-multilingual-mpnet-base-v2,moore,portuguese,0.009,0.021055387939084753
sentence-transformers/paraphrase-multilingual-mpnet-base-v2,moore,romanian,0.006,0.01593165716721119
sentence-transformers/paraphrase-multilingual-mpnet-base-v2,moore,serbian,0.003,0.014432286956649769
sentence-transformers/paraphrase-multilingual-mpnet-base-v2,moore,spanish,0.006,0.016462454392628088
sentence-transformers/paraphrase-multilingual-mpnet-base-v2,moore,tagalog,0.006,0.018189173064680347
sentence-transformers/paraphrase-multilingual-mpnet-base-v2,moore,tajik,0.01,0.022082894428018248
sentence-transformers/paraphrase-multilingual-mpnet-base-v2,moore,tamil,0.002,0.01402828828903657
sentence-transformers/paraphrase-multilingual-mpnet-base-v2,moore,turkish,0.003,0.013641995356652845
sentence-transformers/paraphrase-multilingual-mpnet-base-v2,moore,urdu,0.005,0.013493882596435322
sentence-transformers/paraphrase-multilingual-mpnet-base-v2,moore,uyghur,0.004,0.01325986924172317
sentence-transformers/paraphrase-multilingual-mpnet-base-v2,moore,uzbek,0.003,0.020396163635472087
sentence-transformers/paraphrase-multilingual-mpnet-base-v2,moore,vietnamese,0.007,0.019081645375965947
sentence-transformers/paraphrase-multilingual-mpnet-base-v2,moore,yoruba,0.006,0.021220213128553822
sentence-transformers/paraphrase-multilingual-mpnet-base-v2,oromo,albanian,0.006,0.01707711106342147
sentence-transformers/paraphrase-multilingual-mpnet-base-v2,oromo,asante,0.011,0.026586464947026833
sentence-transformers/paraphrase-multilingual-mpnet-base-v2,oromo,assamese,0.005,0.014828030522899825
sentence-transformers/paraphrase-multilingual-mpnet-base-v2,oromo,azeri,0.007,0.01541957692994139
sentence-transformers/paraphrase-multilingual-mpnet-base-v2,oromo,bosnian-mihanovich,0.005,0.016358707881484528
sentence-transformers/paraphrase-multilingual-mpnet-base-v2,oromo,bosnian-rwwad,0.003,0.01454226105687212
sentence-transformers/paraphrase-multilingual-mpnet-base-v2,oromo,chinese,0.002,0.012048323806999248
sentence-transformers/paraphrase-multilingual-mpnet-base-v2,oromo,croatian,0.001,0.013298325770145628
sentence-transformers/paraphrase-multilingual-mpnet-base-v2,oromo,dutch,0.004,0.017085838174266583
sentence-transformers/paraphrase-multilingual-mpnet-base-v2,oromo,english,0.003,0.013708483779686087
sentence-transformers/paraphrase-multilingual-mpnet-base-v2,oromo,french,0.004,0.013934662634511522
sentence-transformers/paraphrase-multilingual-mpnet-base-v2,oromo,german,0.008,0.019984686326442083
sentence-transformers/paraphrase-multilingual-mpnet-base-v2,oromo,gujarati,0.004,0.015989987866999004
sentence-transformers/paraphrase-multilingual-mpnet-base-v2,oromo,hausa,0.015,0.0362038603696971
sentence-transformers/paraphrase-multilingual-mpnet-base-v2,oromo,indonesian,0.006,0.018125005444691675
sentence-transformers/paraphrase-multilingual-mpnet-base-v2,oromo,japanese,0.003,0.012353509603331536
sentence-transformers/paraphrase-multilingual-mpnet-base-v2,oromo,kannada,0.006,0.018045902833490557
sentence-transformers/paraphrase-multilingual-mpnet-base-v2,oromo,khmer,0.001,0.009667131879614871
sentence-transformers/paraphrase-multilingual-mpnet-base-v2,oromo,kurdish,0.004,0.013420803264926782
sentence-transformers/paraphrase-multilingual-mpnet-base-v2,oromo,kyrgyz,0.002,0.012006940492351303
sentence-transformers/paraphrase-multilingual-mpnet-base-v2,oromo,lingala,0.008,0.019134210787434065
sentence-transformers/paraphrase-multilingual-mpnet-base-v2,oromo,lithuanian,0.002,0.012310955584149906
sentence-transformers/paraphrase-multilingual-mpnet-base-v2,oromo,macedonian,0.002,0.013279705327717188
sentence-transformers/paraphrase-multilingual-mpnet-base-v2,oromo,malayalam,0.002,0.012276735861492444
sentence-transformers/paraphrase-multilingual-mpnet-base-v2,oromo,moore,0.011,0.024400330466245172
sentence-transformers/paraphrase-multilingual-mpnet-base-v2,oromo,pashto,0.006,0.01691855461507716
sentence-transformers/paraphrase-multilingual-mpnet-base-v2,oromo,persian,0.002,0.01328391410263708
sentence-transformers/paraphrase-multilingual-mpnet-base-v2,oromo,portuguese,0.006,0.018985964674783314
sentence-transformers/paraphrase-multilingual-mpnet-base-v2,oromo,romanian,0.002,0.01279729017425118
sentence-transformers/paraphrase-multilingual-mpnet-base-v2,oromo,serbian,0.002,0.01255008427544249
sentence-transformers/paraphrase-multilingual-mpnet-base-v2,oromo,spanish,0.002,0.013739374605693532
sentence-transformers/paraphrase-multilingual-mpnet-base-v2,oromo,tagalog,0.009,0.025798010514245823
sentence-transformers/paraphrase-multilingual-mpnet-base-v2,oromo,tajik,0.007,0.021342474625214075
sentence-transformers/paraphrase-multilingual-mpnet-base-v2,oromo,tamil,0.003,0.01340639582779662
sentence-transformers/paraphrase-multilingual-mpnet-base-v2,oromo,turkish,0.004,0.0134434503537327
sentence-transformers/paraphrase-multilingual-mpnet-base-v2,oromo,urdu,0.004,0.013887568185618126
sentence-transformers/paraphrase-multilingual-mpnet-base-v2,oromo,uyghur,0.004,0.013043453091135132
sentence-transformers/paraphrase-multilingual-mpnet-base-v2,oromo,uzbek,0.001,0.014444467855634883
sentence-transformers/paraphrase-multilingual-mpnet-base-v2,oromo,vietnamese,0.004,0.017288756013150497
sentence-transformers/paraphrase-multilingual-mpnet-base-v2,oromo,yoruba,0.003,0.017212309845447575
sentence-transformers/paraphrase-multilingual-mpnet-base-v2,pashto,albanian,0.334,0.4345072471023998
sentence-transformers/paraphrase-multilingual-mpnet-base-v2,pashto,asante,0.005,0.017262161771364762
sentence-transformers/paraphrase-multilingual-mpnet-base-v2,pashto,assamese,0.111,0.17751897327051444
sentence-transformers/paraphrase-multilingual-mpnet-base-v2,pashto,azeri,0.303,0.3931485363819644
sentence-transformers/paraphrase-multilingual-mpnet-base-v2,pashto,bosnian-mihanovich,0.27,0.37306021542942325
sentence-transformers/paraphrase-multilingual-mpnet-base-v2,pashto,bosnian-rwwad,0.278,0.37544131569401784
sentence-transformers/paraphrase-multilingual-mpnet-base-v2,pashto,chinese,0.214,0.30348901813513646
sentence-transformers/paraphrase-multilingual-mpnet-base-v2,pashto,croatian,0.297,0.3918739365343137
sentence-transformers/paraphrase-multilingual-mpnet-base-v2,pashto,dutch,0.291,0.38642618982949284
sentence-transformers/paraphrase-multilingual-mpnet-base-v2,pashto,english,0.321,0.42131824291946757
sentence-transformers/paraphrase-multilingual-mpnet-base-v2,pashto,french,0.251,0.3478822353691568
sentence-transformers/paraphrase-multilingual-mpnet-base-v2,pashto,german,0.292,0.3836217353116327
sentence-transformers/paraphrase-multilingual-mpnet-base-v2,pashto,gujarati,0.134,0.18081462808886367
sentence-transformers/paraphrase-multilingual-mpnet-base-v2,pashto,hausa,0.003,0.01459641051856161
sentence-transformers/paraphrase-multilingual-mpnet-base-v2,pashto,indonesian,0.354,0.4508915552816913
sentence-transformers/paraphrase-multilingual-mpnet-base-v2,pashto,japanese,0.217,0.3094627587137528
sentence-transformers/paraphrase-multilingual-mpnet-base-v2,pashto,kannada,0.207,0.28538966723177633
sentence-transformers/paraphrase-multilingual-mpnet-base-v2,pashto,khmer,0.187,0.26301200629634147
sentence-transformers/paraphrase-multilingual-mpnet-base-v2,pashto,kurdish,0.129,0.19915947597684727
sentence-transformers/paraphrase-multilingual-mpnet-base-v2,pashto,kyrgyz,0.145,0.22161263964159092
sentence-transformers/paraphrase-multilingual-mpnet-base-v2,pashto,lingala,0.005,0.01559719972889781
sentence-transformers/paraphrase-multilingual-mpnet-base-v2,pashto,lithuanian,0.241,0.3450068055285263
sentence-transformers/paraphrase-multilingual-mpnet-base-v2,pashto,macedonian,0.297,0.4048763576896563
sentence-transformers/paraphrase-multilingual-mpnet-base-v2,pashto,malayalam,0.254,0.34935234734728965
sentence-transformers/paraphrase-multilingual-mpnet-base-v2,pashto,moore,0.006,0.019510468459518236
sentence-transformers/paraphrase-multilingual-mpnet-base-v2,pashto,oromo,0.005,0.014971647201659862
sentence-transformers/paraphrase-multilingual-mpnet-base-v2,pashto,persian,0.387,0.47703323264983644
sentence-transformers/paraphrase-multilingual-mpnet-base-v2,pashto,portuguese,0.312,0.40901134082067464
sentence-transformers/paraphrase-multilingual-mpnet-base-v2,pashto,romanian,0.283,0.38115238066845575
sentence-transformers/paraphrase-multilingual-mpnet-base-v2,pashto,serbian,0.289,0.394478244722095
sentence-transformers/paraphrase-multilingual-mpnet-base-v2,pashto,spanish,0.272,0.36069740387899984
sentence-transformers/paraphrase-multilingual-mpnet-base-v2,pashto,tagalog,0.014,0.030410109035455705
sentence-transformers/paraphrase-multilingual-mpnet-base-v2,pashto,tajik,0.002,0.012615245453109023
sentence-transformers/paraphrase-multilingual-mpnet-base-v2,pashto,tamil,0.234,0.3264817771109532
sentence-transformers/paraphrase-multilingual-mpnet-base-v2,pashto,turkish,0.361,0.4553747565347904
sentence-transformers/paraphrase-multilingual-mpnet-base-v2,pashto,urdu,0.374,0.46132676053565946
sentence-transformers/paraphrase-multilingual-mpnet-base-v2,pashto,uyghur,0.152,0.23028198070047867
sentence-transformers/paraphrase-multilingual-mpnet-base-v2,pashto,uzbek,0.007,0.02320070410020634
sentence-transformers/paraphrase-multilingual-mpnet-base-v2,pashto,vietnamese,0.252,0.3523406247563373
sentence-transformers/paraphrase-multilingual-mpnet-base-v2,pashto,yoruba,0.003,0.018193949472129413
sentence-transformers/paraphrase-multilingual-mpnet-base-v2,persian,albanian,0.624,0.7028997672411179
sentence-transformers/paraphrase-multilingual-mpnet-base-v2,persian,asante,0.006,0.018381717614914295
sentence-transformers/paraphrase-multilingual-mpnet-base-v2,persian,assamese,0.186,0.2619974718695818
sentence-transformers/paraphrase-multilingual-mpnet-base-v2,persian,azeri,0.593,0.6686583868095666
sentence-transformers/paraphrase-multilingual-mpnet-base-v2,persian,bosnian-mihanovich,0.545,0.6321741474362674
sentence-transformers/paraphrase-multilingual-mpnet-base-v2,persian,bosnian-rwwad,0.555,0.6362316337864883
sentence-transformers/paraphrase-multilingual-mpnet-base-v2,persian,chinese,0.423,0.5024512389181041
sentence-transformers/paraphrase-multilingual-mpnet-base-v2,persian,croatian,0.579,0.6575535273013609
sentence-transformers/paraphrase-multilingual-mpnet-base-v2,persian,dutch,0.536,0.6282059468937404
sentence-transformers/paraphrase-multilingual-mpnet-base-v2,persian,english,0.639,0.712652245045332
sentence-transformers/paraphrase-multilingual-mpnet-base-v2,persian,french,0.508,0.5962586621649371
sentence-transformers/paraphrase-multilingual-mpnet-base-v2,persian,german,0.522,0.6148122048431474
sentence-transformers/paraphrase-multilingual-mpnet-base-v2,persian,gujarati,0.2,0.25131039137926725
sentence-transformers/paraphrase-multilingual-mpnet-base-v2,persian,hausa,0.005,0.016991064722562628
sentence-transformers/paraphrase-multilingual-mpnet-base-v2,persian,indonesian,0.661,0.7368671722391891
sentence-transformers/paraphrase-multilingual-mpnet-base-v2,persian,japanese,0.545,0.6316808935594204
sentence-transformers/paraphrase-multilingual-mpnet-base-v2,persian,kannada,0.376,0.4566181984924657
sentence-transformers/paraphrase-multilingual-mpnet-base-v2,persian,khmer,0.312,0.3965201512156606
sentence-transformers/paraphrase-multilingual-mpnet-base-v2,persian,kurdish,0.23,0.3077796284339902
sentence-transformers/paraphrase-multilingual-mpnet-base-v2,persian,kyrgyz,0.275,0.3531408817139981
sentence-transformers/paraphrase-multilingual-mpnet-base-v2,persian,lingala,0.006,0.015777230712196555
sentence-transformers/paraphrase-multilingual-mpnet-base-v2,persian,lithuanian,0.541,0.6301631694118226
sentence-transformers/paraphrase-multilingual-mpnet-base-v2,persian,macedonian,0.598,0.6695438123481932
sentence-transformers/paraphrase-multilingual-mpnet-base-v2,persian,malayalam,0.413,0.5042793273302157
sentence-transformers/paraphrase-multilingual-mpnet-base-v2,persian,moore,0.006,0.01658122992409686
sentence-transformers/paraphrase-multilingual-mpnet-base-v2,persian,oromo,0.004,0.013752935676472898
sentence-transformers/paraphrase-multilingual-mpnet-base-v2,persian,pashto,0.321,0.39892099325127617
sentence-transformers/paraphrase-multilingual-mpnet-base-v2,persian,portuguese,0.536,0.6204947312547099
sentence-transformers/paraphrase-multilingual-mpnet-base-v2,persian,romanian,0.561,0.648855614717309
sentence-transformers/paraphrase-multilingual-mpnet-base-v2,persian,serbian,0.58,0.6592717906823684
sentence-transformers/paraphrase-multilingual-mpnet-base-v2,persian,spanish,0.539,0.6249992844838753
sentence-transformers/paraphrase-multilingual-mpnet-base-v2,persian,tagalog,0.013,0.03189498651087016
sentence-transformers/paraphrase-multilingual-mpnet-base-v2,persian,tajik,0.004,0.01514558344047364
sentence-transformers/paraphrase-multilingual-mpnet-base-v2,persian,tamil,0.466,0.55460719867202
sentence-transformers/paraphrase-multilingual-mpnet-base-v2,persian,turkish,0.638,0.7017435212105654
sentence-transformers/paraphrase-multilingual-mpnet-base-v2,persian,urdu,0.576,0.6488290008201829
sentence-transformers/paraphrase-multilingual-mpnet-base-v2,persian,uyghur,0.291,0.3780037202275864
sentence-transformers/paraphrase-multilingual-mpnet-base-v2,persian,uzbek,0.011,0.027141532573561986
sentence-transformers/paraphrase-multilingual-mpnet-base-v2,persian,vietnamese,0.561,0.6514262354039718
sentence-transformers/paraphrase-multilingual-mpnet-base-v2,persian,yoruba,0.005,0.021594796638716364
sentence-transformers/paraphrase-multilingual-mpnet-base-v2,portuguese,albanian,0.772,0.8287019781615574
sentence-transformers/paraphrase-multilingual-mpnet-base-v2,portuguese,asante,0.009,0.02368264685214512
sentence-transformers/paraphrase-multilingual-mpnet-base-v2,portuguese,assamese,0.219,0.3061026920763379
sentence-transformers/paraphrase-multilingual-mpnet-base-v2,portuguese,azeri,0.603,0.6858945897781195
sentence-transformers/paraphrase-multilingual-mpnet-base-v2,portuguese,bosnian-mihanovich,0.798,0.8494748283292824
sentence-transformers/paraphrase-multilingual-mpnet-base-v2,portuguese,bosnian-rwwad,0.804,0.8520225404465995
sentence-transformers/paraphrase-multilingual-mpnet-base-v2,portuguese,chinese,0.605,0.6956319527670292
sentence-transformers/paraphrase-multilingual-mpnet-base-v2,portuguese,croatian,0.806,0.8527561569271731
sentence-transformers/paraphrase-multilingual-mpnet-base-v2,portuguese,dutch,0.858,0.8928622986583084
sentence-transformers/paraphrase-multilingual-mpnet-base-v2,portuguese,english,0.88,0.9134267205720689
sentence-transformers/paraphrase-multilingual-mpnet-base-v2,portuguese,french,0.781,0.8259778436172808
sentence-transformers/paraphrase-multilingual-mpnet-base-v2,portuguese,german,0.854,0.8913079856561608
sentence-transformers/paraphrase-multilingual-mpnet-base-v2,portuguese,gujarati,0.284,0.3566132058123561
sentence-transformers/paraphrase-multilingual-mpnet-base-v2,portuguese,hausa,0.005,0.022127388008148452
sentence-transformers/paraphrase-multilingual-mpnet-base-v2,portuguese,indonesian,0.681,0.7512710567874775
sentence-transformers/paraphrase-multilingual-mpnet-base-v2,portuguese,japanese,0.717,0.788049752824432
sentence-transformers/paraphrase-multilingual-mpnet-base-v2,portuguese,kannada,0.495,0.5846736353890024
sentence-transformers/paraphrase-multilingual-mpnet-base-v2,portuguese,khmer,0.503,0.59697951571654
sentence-transformers/paraphrase-multilingual-mpnet-base-v2,portuguese,kurdish,0.294,0.3765439105961841
sentence-transformers/paraphrase-multilingual-mpnet-base-v2,portuguese,kyrgyz,0.369,0.46644899714043153
sentence-transformers/paraphrase-multilingual-mpnet-base-v2,portuguese,lingala,0.004,0.01823223919980154
sentence-transformers/paraphrase-multilingual-mpnet-base-v2,portuguese,lithuanian,0.79,0.8416334184432535
sentence-transformers/paraphrase-multilingual-mpnet-base-v2,portuguese,macedonian,0.81,0.856374317452166
sentence-transformers/paraphrase-multilingual-mpnet-base-v2,portuguese,malayalam,0.561,0.6576765669196739
sentence-transformers/paraphrase-multilingual-mpnet-base-v2,portuguese,moore,0.011,0.024208486000425387
sentence-transformers/paraphrase-multilingual-mpnet-base-v2,portuguese,oromo,0.006,0.019196410460928962
sentence-transformers/paraphrase-multilingual-mpnet-base-v2,portuguese,pashto,0.333,0.42771803751095405
sentence-transformers/paraphrase-multilingual-mpnet-base-v2,portuguese,persian,0.661,0.7461216739103702
sentence-transformers/paraphrase-multilingual-mpnet-base-v2,portuguese,romanian,0.859,0.8934589898963329
sentence-transformers/paraphrase-multilingual-mpnet-base-v2,portuguese,serbian,0.799,0.8465491799040892
sentence-transformers/paraphrase-multilingual-mpnet-base-v2,portuguese,spanish,0.784,0.8400271680382664
sentence-transformers/paraphrase-multilingual-mpnet-base-v2,portuguese,tagalog,0.024,0.050962605770647026
sentence-transformers/paraphrase-multilingual-mpnet-base-v2,portuguese,tajik,0.006,0.016676413812183852
sentence-transformers/paraphrase-multilingual-mpnet-base-v2,portuguese,tamil,0.585,0.6743960237110007
sentence-transformers/paraphrase-multilingual-mpnet-base-v2,portuguese,turkish,0.701,0.7725862342037542
sentence-transformers/paraphrase-multilingual-mpnet-base-v2,portuguese,urdu,0.692,0.7637323580729387
sentence-transformers/paraphrase-multilingual-mpnet-base-v2,portuguese,uyghur,0.349,0.4351209787568002
sentence-transformers/paraphrase-multilingual-mpnet-base-v2,portuguese,uzbek,0.012,0.032408867038378544
sentence-transformers/paraphrase-multilingual-mpnet-base-v2,portuguese,vietnamese,0.792,0.8457897282886122
sentence-transformers/paraphrase-multilingual-mpnet-base-v2,portuguese,yoruba,0.009,0.027146277987944643
sentence-transformers/paraphrase-multilingual-mpnet-base-v2,romanian,albanian,0.768,0.831789192044677
sentence-transformers/paraphrase-multilingual-mpnet-base-v2,romanian,asante,0.01,0.025684909999251368
sentence-transformers/paraphrase-multilingual-mpnet-base-v2,romanian,assamese,0.19,0.27949008057021196
sentence-transformers/paraphrase-multilingual-mpnet-base-v2,romanian,azeri,0.616,0.6928820329921691
sentence-transformers/paraphrase-multilingual-mpnet-base-v2,romanian,bosnian-mihanovich,0.792,0.8394591226012983
sentence-transformers/paraphrase-multilingual-mpnet-base-v2,romanian,bosnian-rwwad,0.777,0.8297148840446354
sentence-transformers/paraphrase-multilingual-mpnet-base-v2,romanian,chinese,0.572,0.6656879293399948
sentence-transformers/paraphrase-multilingual-mpnet-base-v2,romanian,croatian,0.783,0.8335962527744588
sentence-transformers/paraphrase-multilingual-mpnet-base-v2,romanian,dutch,0.826,0.865172536873984
sentence-transformers/paraphrase-multilingual-mpnet-base-v2,romanian,english,0.851,0.8923505421201371
sentence-transformers/paraphrase-multilingual-mpnet-base-v2,romanian,french,0.741,0.7965878407452567
sentence-transformers/paraphrase-multilingual-mpnet-base-v2,romanian,german,0.82,0.859942532426122
sentence-transformers/paraphrase-multilingual-mpnet-base-v2,romanian,gujarati,0.294,0.3607447492684422
sentence-transformers/paraphrase-multilingual-mpnet-base-v2,romanian,hausa,0.003,0.01833695526067172
sentence-transformers/paraphrase-multilingual-mpnet-base-v2,romanian,indonesian,0.666,0.7425913323564444
sentence-transformers/paraphrase-multilingual-mpnet-base-v2,romanian,japanese,0.695,0.7637702401980341
sentence-transformers/paraphrase-multilingual-mpnet-base-v2,romanian,kannada,0.483,0.5654341779354229
sentence-transformers/paraphrase-multilingual-mpnet-base-v2,romanian,khmer,0.45,0.5449998537936883
sentence-transformers/paraphrase-multilingual-mpnet-base-v2,romanian,kurdish,0.268,0.35456269995614376
sentence-transformers/paraphrase-multilingual-mpnet-base-v2,romanian,kyrgyz,0.396,0.4723483852640256
sentence-transformers/paraphrase-multilingual-mpnet-base-v2,romanian,lingala,0.006,0.01834042258660491
sentence-transformers/paraphrase-multilingual-mpnet-base-v2,romanian,lithuanian,0.775,0.829935669423808
sentence-transformers/paraphrase-multilingual-mpnet-base-v2,romanian,macedonian,0.792,0.8433464611498562
sentence-transformers/paraphrase-multilingual-mpnet-base-v2,romanian,malayalam,0.519,0.6189233533047737
sentence-transformers/paraphrase-multilingual-mpnet-base-v2,romanian,moore,0.011,0.024880929159754768
sentence-transformers/paraphrase-multilingual-mpnet-base-v2,romanian,oromo,0.008,0.018824091006900114
sentence-transformers/paraphrase-multilingual-mpnet-base-v2,romanian,pashto,0.304,0.39068736329486936
sentence-transformers/paraphrase-multilingual-mpnet-base-v2,romanian,persian,0.668,0.7453184797697128
sentence-transformers/paraphrase-multilingual-mpnet-base-v2,romanian,portuguese,0.834,0.8679184379641555
sentence-transformers/paraphrase-multilingual-mpnet-base-v2,romanian,serbian,0.785,0.8325860802930963
sentence-transformers/paraphrase-multilingual-mpnet-base-v2,romanian,spanish,0.754,0.8114816254407631
sentence-transformers/paraphrase-multilingual-mpnet-base-v2,romanian,tagalog,0.026,0.05184811701333289
sentence-transformers/paraphrase-multilingual-mpnet-base-v2,romanian,tajik,0.004,0.015356489282934684
sentence-transformers/paraphrase-multilingual-mpnet-base-v2,romanian,tamil,0.555,0.6489463109224967
sentence-transformers/paraphrase-multilingual-mpnet-base-v2,romanian,turkish,0.662,0.741911794227188
sentence-transformers/paraphrase-multilingual-mpnet-base-v2,romanian,urdu,0.671,0.7396631656130025
sentence-transformers/paraphrase-multilingual-mpnet-base-v2,romanian,uyghur,0.357,0.44638596899356275
sentence-transformers/paraphrase-multilingual-mpnet-base-v2,romanian,uzbek,0.013,0.03426700646172436
sentence-transformers/paraphrase-multilingual-mpnet-base-v2,romanian,vietnamese,0.784,0.8351414001195948
sentence-transformers/paraphrase-multilingual-mpnet-base-v2,romanian,yoruba,0.008,0.027573180536257166
sentence-transformers/paraphrase-multilingual-mpnet-base-v2,serbian,albanian,0.823,0.872630141705606
sentence-transformers/paraphrase-multilingual-mpnet-base-v2,serbian,asante,0.008,0.020719797416218398
sentence-transformers/paraphrase-multilingual-mpnet-base-v2,serbian,assamese,0.201,0.28948337034158655
sentence-transformers/paraphrase-multilingual-mpnet-base-v2,serbian,azeri,0.656,0.7281325403658495
sentence-transformers/paraphrase-multilingual-mpnet-base-v2,serbian,bosnian-mihanovich,0.938,0.954918805256607
sentence-transformers/paraphrase-multilingual-mpnet-base-v2,serbian,bosnian-rwwad,0.944,0.9623603602982266
sentence-transformers/paraphrase-multilingual-mpnet-base-v2,serbian,chinese,0.627,0.7116604172019882
sentence-transformers/paraphrase-multilingual-mpnet-base-v2,serbian,croatian,0.949,0.9654004160050312
sentence-transformers/paraphrase-multilingual-mpnet-base-v2,serbian,dutch,0.803,0.8527707799707913
sentence-transformers/paraphrase-multilingual-mpnet-base-v2,serbian,english,0.864,0.8991267788993488
sentence-transformers/paraphrase-multilingual-mpnet-base-v2,serbian,french,0.738,0.7987052037459147
sentence-transformers/paraphrase-multilingual-mpnet-base-v2,serbian,german,0.821,0.8636847527067518
sentence-transformers/paraphrase-multilingual-mpnet-base-v2,serbian,gujarati,0.294,0.36570922194902267
sentence-transformers/paraphrase-multilingual-mpnet-base-v2,serbian,hausa,0.004,0.01843339991680331
sentence-transformers/paraphrase-multilingual-mpnet-base-v2,serbian,indonesian,0.716,0.7882053257123811
sentence-transformers/paraphrase-multilingual-mpnet-base-v2,serbian,japanese,0.698,0.777783714923849
sentence-transformers/paraphrase-multilingual-mpnet-base-v2,serbian,kannada,0.503,0.5893391299202515
sentence-transformers/paraphrase-multilingual-mpnet-base-v2,serbian,khmer,0.496,0.5850990431858354
sentence-transformers/paraphrase-multilingual-mpnet-base-v2,serbian,kurdish,0.295,0.3784156564305804
sentence-transformers/paraphrase-multilingual-mpnet-base-v2,serbian,kyrgyz,0.4,0.4951101834970016
sentence-transformers/paraphrase-multilingual-mpnet-base-v2,serbian,lingala,0.008,0.020004727378791522
sentence-transformers/paraphrase-multilingual-mpnet-base-v2,serbian,lithuanian,0.771,0.8234495660108269
sentence-transformers/paraphrase-multilingual-mpnet-base-v2,serbian,macedonian,0.922,0.9403892202301916
sentence-transformers/paraphrase-multilingual-mpnet-base-v2,serbian,malayalam,0.577,0.6692214682882818
sentence-transformers/paraphrase-multilingual-mpnet-base-v2,serbian,moore,0.005,0.0188652719494775
sentence-transformers/paraphrase-multilingual-mpnet-base-v2,serbian,oromo,0.003,0.013601067033483457
sentence-transformers/paraphrase-multilingual-mpnet-base-v2,serbian,pashto,0.339,0.4347084348812678
sentence-transformers/paraphrase-multilingual-mpnet-base-v2,serbian,persian,0.719,0.7927794902443361
sentence-transformers/paraphrase-multilingual-mpnet-base-v2,serbian,portuguese,0.797,0.8443407845540878
sentence-transformers/paraphrase-multilingual-mpnet-base-v2,serbian,romanian,0.807,0.857024844083107
sentence-transformers/paraphrase-multilingual-mpnet-base-v2,serbian,spanish,0.757,0.8136884824592981
sentence-transformers/paraphrase-multilingual-mpnet-base-v2,serbian,tagalog,0.023,0.0462144492585825
sentence-transformers/paraphrase-multilingual-mpnet-base-v2,serbian,tajik,0.003,0.015180928642372032
sentence-transformers/paraphrase-multilingual-mpnet-base-v2,serbian,tamil,0.589,0.6786561273199765
sentence-transformers/paraphrase-multilingual-mpnet-base-v2,serbian,turkish,0.737,0.7999806909230154
sentence-transformers/paraphrase-multilingual-mpnet-base-v2,serbian,urdu,0.711,0.7787073309100249
sentence-transformers/paraphrase-multilingual-mpnet-base-v2,serbian,uyghur,0.387,0.4790275192236033
sentence-transformers/paraphrase-multilingual-mpnet-base-v2,serbian,uzbek,0.015,0.03603088701588367
sentence-transformers/paraphrase-multilingual-mpnet-base-v2,serbian,vietnamese,0.764,0.8253035769439463
sentence-transformers/paraphrase-multilingual-mpnet-base-v2,serbian,yoruba,0.009,0.0262358455395656
sentence-transformers/paraphrase-multilingual-mpnet-base-v2,spanish,albanian,0.753,0.8112784447439632
sentence-transformers/paraphrase-multilingual-mpnet-base-v2,spanish,asante,0.011,0.024799551165515788
sentence-transformers/paraphrase-multilingual-mpnet-base-v2,spanish,assamese,0.19,0.2810928595529652
sentence-transformers/paraphrase-multilingual-mpnet-base-v2,spanish,azeri,0.596,0.6751418194382484
sentence-transformers/paraphrase-multilingual-mpnet-base-v2,spanish,bosnian-mihanovich,0.725,0.7803624063210151
sentence-transformers/paraphrase-multilingual-mpnet-base-v2,spanish,bosnian-rwwad,0.74,0.7901059582457086
sentence-transformers/paraphrase-multilingual-mpnet-base-v2,spanish,chinese,0.615,0.7012357057855264
sentence-transformers/paraphrase-multilingual-mpnet-base-v2,spanish,croatian,0.754,0.8017490696418696
sentence-transformers/paraphrase-multilingual-mpnet-base-v2,spanish,dutch,0.777,0.8328770722461519
sentence-transformers/paraphrase-multilingual-mpnet-base-v2,spanish,english,0.844,0.8873901337817065
sentence-transformers/paraphrase-multilingual-mpnet-base-v2,spanish,french,0.728,0.7876747608609176
sentence-transformers/paraphrase-multilingual-mpnet-base-v2,spanish,german,0.738,0.7932612484099429
sentence-transformers/paraphrase-multilingual-mpnet-base-v2,spanish,gujarati,0.27,0.3383424464921447
sentence-transformers/paraphrase-multilingual-mpnet-base-v2,spanish,hausa,0.005,0.019005249298113945
sentence-transformers/paraphrase-multilingual-mpnet-base-v2,spanish,indonesian,0.665,0.7446478416042049
sentence-transformers/paraphrase-multilingual-mpnet-base-v2,spanish,japanese,0.714,0.7807024475319407
sentence-transformers/paraphrase-multilingual-mpnet-base-v2,spanish,kannada,0.464,0.5521379802872195
sentence-transformers/paraphrase-multilingual-mpnet-base-v2,spanish,khmer,0.497,0.5836657818263224
sentence-transformers/paraphrase-multilingual-mpnet-base-v2,spanish,kurdish,0.265,0.34986572613966643
sentence-transformers/paraphrase-multilingual-mpnet-base-v2,spanish,kyrgyz,0.355,0.4444791093267066
sentence-transformers/paraphrase-multilingual-mpnet-base-v2,spanish,lingala,0.004,0.015084469193736415
sentence-transformers/paraphrase-multilingual-mpnet-base-v2,spanish,lithuanian,0.75,0.8110024594690294
sentence-transformers/paraphrase-multilingual-mpnet-base-v2,spanish,macedonian,0.728,0.7807457511313751
sentence-transformers/paraphrase-multilingual-mpnet-base-v2,spanish,malayalam,0.492,0.5914576990021299
sentence-transformers/paraphrase-multilingual-mpnet-base-v2,spanish,moore,0.01,0.023773809962776785
sentence-transformers/paraphrase-multilingual-mpnet-base-v2,spanish,oromo,0.008,0.01930914616814001
sentence-transformers/paraphrase-multilingual-mpnet-base-v2,spanish,pashto,0.293,0.38617532926220144
sentence-transformers/paraphrase-multilingual-mpnet-base-v2,spanish,persian,0.702,0.7752083261670548
sentence-transformers/paraphrase-multilingual-mpnet-base-v2,spanish,portuguese,0.781,0.8304032010158388
sentence-transformers/paraphrase-multilingual-mpnet-base-v2,spanish,romanian,0.764,0.8126471901680159
sentence-transformers/paraphrase-multilingual-mpnet-base-v2,spanish,serbian,0.768,0.8108353951860604
sentence-transformers/paraphrase-multilingual-mpnet-base-v2,spanish,tagalog,0.029,0.05058974722026602
sentence-transformers/paraphrase-multilingual-mpnet-base-v2,spanish,tajik,0.004,0.014273470755062884
sentence-transformers/paraphrase-multilingual-mpnet-base-v2,spanish,tamil,0.535,0.6305216384732528
sentence-transformers/paraphrase-multilingual-mpnet-base-v2,spanish,turkish,0.666,0.7382696953379495
sentence-transformers/paraphrase-multilingual-mpnet-base-v2,spanish,urdu,0.653,0.7265559368776063
sentence-transformers/paraphrase-multilingual-mpnet-base-v2,spanish,uyghur,0.364,0.4511196222750371
sentence-transformers/paraphrase-multilingual-mpnet-base-v2,spanish,uzbek,0.012,0.02886434364615998
sentence-transformers/paraphrase-multilingual-mpnet-base-v2,spanish,vietnamese,0.803,0.8489512851188102
sentence-transformers/paraphrase-multilingual-mpnet-base-v2,spanish,yoruba,0.01,0.02742890055433528
sentence-transformers/paraphrase-multilingual-mpnet-base-v2,tagalog,albanian,0.016,0.03849258318601119
sentence-transformers/paraphrase-multilingual-mpnet-base-v2,tagalog,asante,0.006,0.023113138992761104
sentence-transformers/paraphrase-multilingual-mpnet-base-v2,tagalog,assamese,0.009,0.021833960224393753
sentence-transformers/paraphrase-multilingual-mpnet-base-v2,tagalog,azeri,0.009,0.026474948526524177
sentence-transformers/paraphrase-multilingual-mpnet-base-v2,tagalog,bosnian-mihanovich,0.009,0.032070298748751704
sentence-transformers/paraphrase-multilingual-mpnet-base-v2,tagalog,bosnian-rwwad,0.008,0.03162153306510707
sentence-transformers/paraphrase-multilingual-mpnet-base-v2,tagalog,chinese,0.006,0.021221902992791187
sentence-transformers/paraphrase-multilingual-mpnet-base-v2,tagalog,croatian,0.008,0.029073133967271472
sentence-transformers/paraphrase-multilingual-mpnet-base-v2,tagalog,dutch,0.008,0.034815392627148244
sentence-transformers/paraphrase-multilingual-mpnet-base-v2,tagalog,english,0.019,0.03944933949776144
sentence-transformers/paraphrase-multilingual-mpnet-base-v2,tagalog,french,0.014,0.03571450890979487
sentence-transformers/paraphrase-multilingual-mpnet-base-v2,tagalog,german,0.018,0.04099477459906288
sentence-transformers/paraphrase-multilingual-mpnet-base-v2,tagalog,gujarati,0.011,0.03017092704911603
sentence-transformers/paraphrase-multilingual-mpnet-base-v2,tagalog,hausa,0.005,0.02959300695476087
sentence-transformers/paraphrase-multilingual-mpnet-base-v2,tagalog,indonesian,0.014,0.03316110298866071
sentence-transformers/paraphrase-multilingual-mpnet-base-v2,tagalog,japanese,0.012,0.028382920045151562
sentence-transformers/paraphrase-multilingual-mpnet-base-v2,tagalog,kannada,0.008,0.026822523388222382
sentence-transformers/paraphrase-multilingual-mpnet-base-v2,tagalog,khmer,0.006,0.01962368496607373
sentence-transformers/paraphrase-multilingual-mpnet-base-v2,tagalog,kurdish,0.006,0.02143629821585065
sentence-transformers/paraphrase-multilingual-mpnet-base-v2,tagalog,kyrgyz,0.01,0.028498731189515424
sentence-transformers/paraphrase-multilingual-mpnet-base-v2,tagalog,lingala,0.009,0.0230962996532892
sentence-transformers/paraphrase-multilingual-mpnet-base-v2,tagalog,lithuanian,0.013,0.03876328886718966
sentence-transformers/paraphrase-multilingual-mpnet-base-v2,tagalog,macedonian,0.011,0.036293134241337004
sentence-transformers/paraphrase-multilingual-mpnet-base-v2,tagalog,malayalam,0.006,0.024011676256482338
sentence-transformers/paraphrase-multilingual-mpnet-base-v2,tagalog,moore,0.006,0.01688722688994059
sentence-transformers/paraphrase-multilingual-mpnet-base-v2,tagalog,oromo,0.009,0.0241224232257536
sentence-transformers/paraphrase-multilingual-mpnet-base-v2,tagalog,pashto,0.01,0.02708311687591832
sentence-transformers/paraphrase-multilingual-mpnet-base-v2,tagalog,persian,0.01,0.028636854510365267
sentence-transformers/paraphrase-multilingual-mpnet-base-v2,tagalog,portuguese,0.02,0.04458893525076689
sentence-transformers/paraphrase-multilingual-mpnet-base-v2,tagalog,romanian,0.013,0.03867824970766201
sentence-transformers/paraphrase-multilingual-mpnet-base-v2,tagalog,serbian,0.008,0.03014477145298871
sentence-transformers/paraphrase-multilingual-mpnet-base-v2,tagalog,spanish,0.017,0.03754114285633795
sentence-transformers/paraphrase-multilingual-mpnet-base-v2,tagalog,tajik,0.005,0.017765983519872783
sentence-transformers/paraphrase-multilingual-mpnet-base-v2,tagalog,tamil,0.01,0.028775433549988554
sentence-transformers/paraphrase-multilingual-mpnet-base-v2,tagalog,turkish,0.007,0.02440843932506743
sentence-transformers/paraphrase-multilingual-mpnet-base-v2,tagalog,urdu,0.006,0.02443442327308997
sentence-transformers/paraphrase-multilingual-mpnet-base-v2,tagalog,uyghur,0.008,0.024837971297554304
sentence-transformers/paraphrase-multilingual-mpnet-base-v2,tagalog,uzbek,0.003,0.013065123973236363
sentence-transformers/paraphrase-multilingual-mpnet-base-v2,tagalog,vietnamese,0.021,0.04302004092559136
sentence-transformers/paraphrase-multilingual-mpnet-base-v2,tagalog,yoruba,0.009,0.023286679255882948
sentence-transformers/paraphrase-multilingual-mpnet-base-v2,tajik,albanian,0.004,0.014640603601640576
sentence-transformers/paraphrase-multilingual-mpnet-base-v2,tajik,asante,0.007,0.017976403914926477
sentence-transformers/paraphrase-multilingual-mpnet-base-v2,tajik,assamese,0.002,0.012607170818932506
sentence-transformers/paraphrase-multilingual-mpnet-base-v2,tajik,azeri,0.003,0.01297847944671146
sentence-transformers/paraphrase-multilingual-mpnet-base-v2,tajik,bosnian-mihanovich,0.002,0.013209772454574114
sentence-transformers/paraphrase-multilingual-mpnet-base-v2,tajik,bosnian-rwwad,0.003,0.012522482887301394
sentence-transformers/paraphrase-multilingual-mpnet-base-v2,tajik,chinese,0.003,0.012047726971483944
sentence-transformers/paraphrase-multilingual-mpnet-base-v2,tajik,croatian,0.001,0.01143145010787626
sentence-transformers/paraphrase-multilingual-mpnet-base-v2,tajik,dutch,0.001,0.014177417350737843
sentence-transformers/paraphrase-multilingual-mpnet-base-v2,tajik,english,0.002,0.011557752575094764
sentence-transformers/paraphrase-multilingual-mpnet-base-v2,tajik,french,0.003,0.013715211986361862
sentence-transformers/paraphrase-multilingual-mpnet-base-v2,tajik,german,0.002,0.014168724867399939
sentence-transformers/paraphrase-multilingual-mpnet-base-v2,tajik,gujarati,0.003,0.015365022752388042
sentence-transformers/paraphrase-multilingual-mpnet-base-v2,tajik,hausa,0.005,0.020298356793711753
sentence-transformers/paraphrase-multilingual-mpnet-base-v2,tajik,indonesian,0.003,0.013034246208925406
sentence-transformers/paraphrase-multilingual-mpnet-base-v2,tajik,japanese,0.003,0.01218941932985182
sentence-transformers/paraphrase-multilingual-mpnet-base-v2,tajik,kannada,0.003,0.013486081754739736
sentence-transformers/paraphrase-multilingual-mpnet-base-v2,tajik,khmer,0.001,0.009894648200395017
sentence-transformers/paraphrase-multilingual-mpnet-base-v2,tajik,kurdish,0.003,0.01279394071121733
sentence-transformers/paraphrase-multilingual-mpnet-base-v2,tajik,kyrgyz,0.005,0.015165798260655434
sentence-transformers/paraphrase-multilingual-mpnet-base-v2,tajik,lingala,0.005,0.016459667154436922
sentence-transformers/paraphrase-multilingual-mpnet-base-v2,tajik,lithuanian,0.003,0.013842726203626246
sentence-transformers/paraphrase-multilingual-mpnet-base-v2,tajik,macedonian,0.004,0.015024330006671676
sentence-transformers/paraphrase-multilingual-mpnet-base-v2,tajik,malayalam,0.003,0.01222041731131229
sentence-transformers/paraphrase-multilingual-mpnet-base-v2,tajik,moore,0.005,0.017152738670940203
sentence-transformers/paraphrase-multilingual-mpnet-base-v2,tajik,oromo,0.005,0.02016046848591103
sentence-transformers/paraphrase-multilingual-mpnet-base-v2,tajik,pashto,0.002,0.011846886585155833
sentence-transformers/paraphrase-multilingual-mpnet-base-v2,tajik,persian,0.002,0.011895777273315884
sentence-transformers/paraphrase-multilingual-mpnet-base-v2,tajik,portuguese,0.005,0.016856692580467677
sentence-transformers/paraphrase-multilingual-mpnet-base-v2,tajik,romanian,0.003,0.011781164653568509
sentence-transformers/paraphrase-multilingual-mpnet-base-v2,tajik,serbian,0.004,0.014756738217328803
sentence-transformers/paraphrase-multilingual-mpnet-base-v2,tajik,spanish,0.005,0.01467514244384423
sentence-transformers/paraphrase-multilingual-mpnet-base-v2,tajik,tagalog,0.005,0.017972761589255547
sentence-transformers/paraphrase-multilingual-mpnet-base-v2,tajik,tamil,0.003,0.01349404793968441
sentence-transformers/paraphrase-multilingual-mpnet-base-v2,tajik,turkish,0.003,0.01180663783020944
sentence-transformers/paraphrase-multilingual-mpnet-base-v2,tajik,urdu,0.002,0.010099893507845886
sentence-transformers/paraphrase-multilingual-mpnet-base-v2,tajik,uyghur,0.003,0.014039274744190646
sentence-transformers/paraphrase-multilingual-mpnet-base-v2,tajik,uzbek,0.019,0.041733167810374186
sentence-transformers/paraphrase-multilingual-mpnet-base-v2,tajik,vietnamese,0.004,0.014278736064412888
sentence-transformers/paraphrase-multilingual-mpnet-base-v2,tajik,yoruba,0.002,0.014712296623494516
sentence-transformers/paraphrase-multilingual-mpnet-base-v2,tamil,albanian,0.515,0.6053027024282274
sentence-transformers/paraphrase-multilingual-mpnet-base-v2,tamil,asante,0.001,0.010177359824572888
sentence-transformers/paraphrase-multilingual-mpnet-base-v2,tamil,assamese,0.191,0.2660386983155686
sentence-transformers/paraphrase-multilingual-mpnet-base-v2,tamil,azeri,0.503,0.5921053434276764
sentence-transformers/paraphrase-multilingual-mpnet-base-v2,tamil,bosnian-mihanovich,0.51,0.6081683806035574
sentence-transformers/paraphrase-multilingual-mpnet-base-v2,tamil,bosnian-rwwad,0.514,0.6085924066094999
sentence-transformers/paraphrase-multilingual-mpnet-base-v2,tamil,chinese,0.375,0.4635288773109172
sentence-transformers/paraphrase-multilingual-mpnet-base-v2,tamil,croatian,0.506,0.6011948071469722
sentence-transformers/paraphrase-multilingual-mpnet-base-v2,tamil,dutch,0.537,0.6261852404746121
sentence-transformers/paraphrase-multilingual-mpnet-base-v2,tamil,english,0.577,0.6639513809754144
sentence-transformers/paraphrase-multilingual-mpnet-base-v2,tamil,french,0.429,0.5326730184345456
sentence-transformers/paraphrase-multilingual-mpnet-base-v2,tamil,german,0.522,0.6152974252330796
sentence-transformers/paraphrase-multilingual-mpnet-base-v2,tamil,gujarati,0.221,0.28030927944860345
sentence-transformers/paraphrase-multilingual-mpnet-base-v2,tamil,hausa,0.005,0.018699273262827287
sentence-transformers/paraphrase-multilingual-mpnet-base-v2,tamil,indonesian,0.511,0.5974516538647986
sentence-transformers/paraphrase-multilingual-mpnet-base-v2,tamil,japanese,0.48,0.5760715363277976
sentence-transformers/paraphrase-multilingual-mpnet-base-v2,tamil,kannada,0.456,0.5335793281625839
sentence-transformers/paraphrase-multilingual-mpnet-base-v2,tamil,khmer,0.33,0.42114579434838756
sentence-transformers/paraphrase-multilingual-mpnet-base-v2,tamil,kurdish,0.193,0.2721485846377126
sentence-transformers/paraphrase-multilingual-mpnet-base-v2,tamil,kyrgyz,0.287,0.37550774440593143
sentence-transformers/paraphrase-multilingual-mpnet-base-v2,tamil,lingala,0.004,0.01663165639758697
sentence-transformers/paraphrase-multilingual-mpnet-base-v2,tamil,lithuanian,0.529,0.61719743426034
sentence-transformers/paraphrase-multilingual-mpnet-base-v2,tamil,macedonian,0.546,0.6285463094681113
sentence-transformers/paraphrase-multilingual-mpnet-base-v2,tamil,malayalam,0.479,0.564399529554895
sentence-transformers/paraphrase-multilingual-mpnet-base-v2,tamil,moore,0.004,0.0163653000716994
sentence-transformers/paraphrase-multilingual-mpnet-base-v2,tamil,oromo,0.005,0.016286050379654277
sentence-transformers/paraphrase-multilingual-mpnet-base-v2,tamil,pashto,0.211,0.29185110911550277
sentence-transformers/paraphrase-multilingual-mpnet-base-v2,tamil,persian,0.531,0.6159000618505803
sentence-transformers/paraphrase-multilingual-mpnet-base-v2,tamil,portuguese,0.516,0.6081890670183302
sentence-transformers/paraphrase-multilingual-mpnet-base-v2,tamil,romanian,0.537,0.6250220791118918
sentence-transformers/paraphrase-multilingual-mpnet-base-v2,tamil,serbian,0.519,0.6089659921488062
sentence-transformers/paraphrase-multilingual-mpnet-base-v2,tamil,spanish,0.435,0.5381870893304205
sentence-transformers/paraphrase-multilingual-mpnet-base-v2,tamil,tagalog,0.014,0.0319970040325357
sentence-transformers/paraphrase-multilingual-mpnet-base-v2,tamil,tajik,0.003,0.015602775438963323
sentence-transformers/paraphrase-multilingual-mpnet-base-v2,tamil,turkish,0.511,0.5984617712862841
sentence-transformers/paraphrase-multilingual-mpnet-base-v2,tamil,urdu,0.483,0.5660622785911035
sentence-transformers/paraphrase-multilingual-mpnet-base-v2,tamil,uyghur,0.287,0.38279753058107746
sentence-transformers/paraphrase-multilingual-mpnet-base-v2,tamil,uzbek,0.012,0.030612778754759918
sentence-transformers/paraphrase-multilingual-mpnet-base-v2,tamil,vietnamese,0.509,0.6056333420180638
sentence-transformers/paraphrase-multilingual-mpnet-base-v2,tamil,yoruba,0.011,0.026647769351438356
sentence-transformers/paraphrase-multilingual-mpnet-base-v2,turkish,albanian,0.758,0.8189446850817286
sentence-transformers/paraphrase-multilingual-mpnet-base-v2,turkish,asante,0.007,0.018228377497660635
sentence-transformers/paraphrase-multilingual-mpnet-base-v2,turkish,assamese,0.219,0.30025041803627484
sentence-transformers/paraphrase-multilingual-mpnet-base-v2,turkish,azeri,0.777,0.8266901644704217
sentence-transformers/paraphrase-multilingual-mpnet-base-v2,turkish,bosnian-mihanovich,0.707,0.7761516278871531
sentence-transformers/paraphrase-multilingual-mpnet-base-v2,turkish,bosnian-rwwad,0.706,0.7746512161752517
sentence-transformers/paraphrase-multilingual-mpnet-base-v2,turkish,chinese,0.581,0.6627158120822308
sentence-transformers/paraphrase-multilingual-mpnet-base-v2,turkish,croatian,0.718,0.7822679318713084
sentence-transformers/paraphrase-multilingual-mpnet-base-v2,turkish,dutch,0.701,0.7746349250422826
sentence-transformers/paraphrase-multilingual-mpnet-base-v2,turkish,english,0.737,0.8067297663491946
sentence-transformers/paraphrase-multilingual-mpnet-base-v2,turkish,french,0.601,0.6832032549961166
sentence-transformers/paraphrase-multilingual-mpnet-base-v2,turkish,german,0.7,0.7710442746482081
sentence-transformers/paraphrase-multilingual-mpnet-base-v2,turkish,gujarati,0.272,0.3370687592226996
sentence-transformers/paraphrase-multilingual-mpnet-base-v2,turkish,hausa,0.007,0.020006448253306396
sentence-transformers/paraphrase-multilingual-mpnet-base-v2,turkish,indonesian,0.793,0.8410959286928714
sentence-transformers/paraphrase-multilingual-mpnet-base-v2,turkish,japanese,0.639,0.7199635454771444
sentence-transformers/paraphrase-multilingual-mpnet-base-v2,turkish,kannada,0.498,0.5843463470869947
sentence-transformers/paraphrase-multilingual-mpnet-base-v2,turkish,khmer,0.426,0.5193285474108941
sentence-transformers/paraphrase-multilingual-mpnet-base-v2,turkish,kurdish,0.303,0.39292287957858174
sentence-transformers/paraphrase-multilingual-mpnet-base-v2,turkish,kyrgyz,0.402,0.48409212058121465
sentence-transformers/paraphrase-multilingual-mpnet-base-v2,turkish,lingala,0.005,0.01791773390686508
sentence-transformers/paraphrase-multilingual-mpnet-base-v2,turkish,lithuanian,0.655,0.7337740833300407
sentence-transformers/paraphrase-multilingual-mpnet-base-v2,turkish,macedonian,0.734,0.795963775723199
sentence-transformers/paraphrase-multilingual-mpnet-base-v2,turkish,malayalam,0.566,0.6539706472975807
sentence-transformers/paraphrase-multilingual-mpnet-base-v2,turkish,moore,0.006,0.020822160916897887
sentence-transformers/paraphrase-multilingual-mpnet-base-v2,turkish,oromo,0.005,0.015559262577857166
sentence-transformers/paraphrase-multilingual-mpnet-base-v2,turkish,pashto,0.401,0.4866387581310597
sentence-transformers/paraphrase-multilingual-mpnet-base-v2,turkish,persian,0.781,0.8337764904073227
sentence-transformers/paraphrase-multilingual-mpnet-base-v2,turkish,portuguese,0.702,0.7667072484356954
sentence-transformers/paraphrase-multilingual-mpnet-base-v2,turkish,romanian,0.699,0.7683437155371348
sentence-transformers/paraphrase-multilingual-mpnet-base-v2,turkish,serbian,0.715,0.788505075269422
sentence-transformers/paraphrase-multilingual-mpnet-base-v2,turkish,spanish,0.632,0.7154037058440982
sentence-transformers/paraphrase-multilingual-mpnet-base-v2,turkish,tagalog,0.019,0.03856359091196879
sentence-transformers/paraphrase-multilingual-mpnet-base-v2,turkish,tajik,0.003,0.013366969709808019
sentence-transformers/paraphrase-multilingual-mpnet-base-v2,turkish,tamil,0.598,0.6885270593303917
sentence-transformers/paraphrase-multilingual-mpnet-base-v2,turkish,urdu,0.7,0.7709143361835934
sentence-transformers/paraphrase-multilingual-mpnet-base-v2,turkish,uyghur,0.399,0.48813926906066446
sentence-transformers/paraphrase-multilingual-mpnet-base-v2,turkish,uzbek,0.017,0.03651245178665666
sentence-transformers/paraphrase-multilingual-mpnet-base-v2,turkish,vietnamese,0.671,0.7571181352870806
sentence-transformers/paraphrase-multilingual-mpnet-base-v2,turkish,yoruba,0.006,0.024427715153752666
sentence-transformers/paraphrase-multilingual-mpnet-base-v2,urdu,albanian,0.657,0.7343171286443444
sentence-transformers/paraphrase-multilingual-mpnet-base-v2,urdu,asante,0.003,0.01660076107939151
sentence-transformers/paraphrase-multilingual-mpnet-base-v2,urdu,assamese,0.195,0.27471275648888616
sentence-transformers/paraphrase-multilingual-mpnet-base-v2,urdu,azeri,0.577,0.6508786192572832
sentence-transformers/paraphrase-multilingual-mpnet-base-v2,urdu,bosnian-mihanovich,0.63,0.7108238487669749
sentence-transformers/paraphrase-multilingual-mpnet-base-v2,urdu,bosnian-rwwad,0.639,0.7132885100032125
sentence-transformers/paraphrase-multilingual-mpnet-base-v2,urdu,chinese,0.479,0.5787263874981383
sentence-transformers/paraphrase-multilingual-mpnet-base-v2,urdu,croatian,0.664,0.7331612231659801
sentence-transformers/paraphrase-multilingual-mpnet-base-v2,urdu,dutch,0.657,0.7390883167891429
sentence-transformers/paraphrase-multilingual-mpnet-base-v2,urdu,english,0.736,0.7988894009992182
sentence-transformers/paraphrase-multilingual-mpnet-base-v2,urdu,french,0.603,0.688917197090323
sentence-transformers/paraphrase-multilingual-mpnet-base-v2,urdu,german,0.661,0.736728816143722
sentence-transformers/paraphrase-multilingual-mpnet-base-v2,urdu,gujarati,0.359,0.41834248356263315
sentence-transformers/paraphrase-multilingual-mpnet-base-v2,urdu,hausa,0.004,0.017334181818450554
sentence-transformers/paraphrase-multilingual-mpnet-base-v2,urdu,indonesian,0.645,0.7196524812747018
sentence-transformers/paraphrase-multilingual-mpnet-base-v2,urdu,japanese,0.553,0.6470143572137195
sentence-transformers/paraphrase-multilingual-mpnet-base-v2,urdu,kannada,0.465,0.5489196309539882
sentence-transformers/paraphrase-multilingual-mpnet-base-v2,urdu,khmer,0.387,0.47514517427070213
sentence-transformers/paraphrase-multilingual-mpnet-base-v2,urdu,kurdish,0.246,0.3252810361561759
sentence-transformers/paraphrase-multilingual-mpnet-base-v2,urdu,kyrgyz,0.323,0.40888177345094184
sentence-transformers/paraphrase-multilingual-mpnet-base-v2,urdu,lingala,0.005,0.016613893630300778
sentence-transformers/paraphrase-multilingual-mpnet-base-v2,urdu,lithuanian,0.618,0.6986701754827199
sentence-transformers/paraphrase-multilingual-mpnet-base-v2,urdu,macedonian,0.672,0.7420568059259277
sentence-transformers/paraphrase-multilingual-mpnet-base-v2,urdu,malayalam,0.497,0.5886867437625267
sentence-transformers/paraphrase-multilingual-mpnet-base-v2,urdu,moore,0.006,0.017658837254525432
sentence-transformers/paraphrase-multilingual-mpnet-base-v2,urdu,oromo,0.006,0.014899194055319713
sentence-transformers/paraphrase-multilingual-mpnet-base-v2,urdu,pashto,0.361,0.4486474851399859
sentence-transformers/paraphrase-multilingual-mpnet-base-v2,urdu,persian,0.709,0.7709454310448931
sentence-transformers/paraphrase-multilingual-mpnet-base-v2,urdu,portuguese,0.647,0.718947720187059
sentence-transformers/paraphrase-multilingual-mpnet-base-v2,urdu,romanian,0.659,0.7293327232540762
sentence-transformers/paraphrase-multilingual-mpnet-base-v2,urdu,serbian,0.668,0.7342567839838499
sentence-transformers/paraphrase-multilingual-mpnet-base-v2,urdu,spanish,0.592,0.6748562229568249
sentence-transformers/paraphrase-multilingual-mpnet-base-v2,urdu,tagalog,0.017,0.03539829130874884
sentence-transformers/paraphrase-multilingual-mpnet-base-v2,urdu,tajik,0.002,0.01067436231362609
sentence-transformers/paraphrase-multilingual-mpnet-base-v2,urdu,tamil,0.515,0.6041929944122981
sentence-transformers/paraphrase-multilingual-mpnet-base-v2,urdu,turkish,0.646,0.7209957130028044
sentence-transformers/paraphrase-multilingual-mpnet-base-v2,urdu,uyghur,0.336,0.42888260949282914
sentence-transformers/paraphrase-multilingual-mpnet-base-v2,urdu,uzbek,0.009,0.026822147793829135
sentence-transformers/paraphrase-multilingual-mpnet-base-v2,urdu,vietnamese,0.655,0.7315785589316804
sentence-transformers/paraphrase-multilingual-mpnet-base-v2,urdu,yoruba,0.008,0.023933179718144095
sentence-transformers/paraphrase-multilingual-mpnet-base-v2,uyghur,albanian,0.32,0.41695172880590925
sentence-transformers/paraphrase-multilingual-mpnet-base-v2,uyghur,asante,0.003,0.014129376103861765
sentence-transformers/paraphrase-multilingual-mpnet-base-v2,uyghur,assamese,0.117,0.18845175692535163
sentence-transformers/paraphrase-multilingual-mpnet-base-v2,uyghur,azeri,0.364,0.45637716857782257
sentence-transformers/paraphrase-multilingual-mpnet-base-v2,uyghur,bosnian-mihanovich,0.307,0.41161723080389845
sentence-transformers/paraphrase-multilingual-mpnet-base-v2,uyghur,bosnian-rwwad,0.315,0.42177869010111513
sentence-transformers/paraphrase-multilingual-mpnet-base-v2,uyghur,chinese,0.24,0.32072794660754955
sentence-transformers/paraphrase-multilingual-mpnet-base-v2,uyghur,croatian,0.311,0.41565525725706115
sentence-transformers/paraphrase-multilingual-mpnet-base-v2,uyghur,dutch,0.324,0.4214475140211108
sentence-transformers/paraphrase-multilingual-mpnet-base-v2,uyghur,english,0.358,0.45522891336665305
sentence-transformers/paraphrase-multilingual-mpnet-base-v2,uyghur,french,0.41,0.5041455265325525
sentence-transformers/paraphrase-multilingual-mpnet-base-v2,uyghur,german,0.294,0.39513329953651294
sentence-transformers/paraphrase-multilingual-mpnet-base-v2,uyghur,gujarati,0.207,0.26641708709568174
sentence-transformers/paraphrase-multilingual-mpnet-base-v2,uyghur,hausa,0.005,0.01776438572838383
sentence-transformers/paraphrase-multilingual-mpnet-base-v2,uyghur,indonesian,0.302,0.4033584902811945
sentence-transformers/paraphrase-multilingual-mpnet-base-v2,uyghur,japanese,0.257,0.3616341445751398
sentence-transformers/paraphrase-multilingual-mpnet-base-v2,uyghur,kannada,0.265,0.3511868405170076
sentence-transformers/paraphrase-multilingual-mpnet-base-v2,uyghur,khmer,0.204,0.2796016735265717
sentence-transformers/paraphrase-multilingual-mpnet-base-v2,uyghur,kurdish,0.139,0.20089573127917057
sentence-transformers/paraphrase-multilingual-mpnet-base-v2,uyghur,kyrgyz,0.242,0.33905274079320286
sentence-transformers/paraphrase-multilingual-mpnet-base-v2,uyghur,lingala,0.004,0.015501947569043151
sentence-transformers/paraphrase-multilingual-mpnet-base-v2,uyghur,lithuanian,0.428,0.5146338352061788
sentence-transformers/paraphrase-multilingual-mpnet-base-v2,uyghur,macedonian,0.497,0.5787575565730912
sentence-transformers/paraphrase-multilingual-mpnet-base-v2,uyghur,malayalam,0.259,0.35511271810427936
sentence-transformers/paraphrase-multilingual-mpnet-base-v2,uyghur,moore,0.005,0.017273432057198612
sentence-transformers/paraphrase-multilingual-mpnet-base-v2,uyghur,oromo,0.006,0.01611133642653799
sentence-transformers/paraphrase-multilingual-mpnet-base-v2,uyghur,pashto,0.153,0.22145882626633312
sentence-transformers/paraphrase-multilingual-mpnet-base-v2,uyghur,persian,0.341,0.4371989769963111
sentence-transformers/paraphrase-multilingual-mpnet-base-v2,uyghur,portuguese,0.311,0.40766214570574494
sentence-transformers/paraphrase-multilingual-mpnet-base-v2,uyghur,romanian,0.325,0.4274335375281106
sentence-transformers/paraphrase-multilingual-mpnet-base-v2,uyghur,serbian,0.338,0.43654805319503626
sentence-transformers/paraphrase-multilingual-mpnet-base-v2,uyghur,spanish,0.28,0.38133294193438055
sentence-transformers/paraphrase-multilingual-mpnet-base-v2,uyghur,tagalog,0.013,0.03187592627880929
sentence-transformers/paraphrase-multilingual-mpnet-base-v2,uyghur,tajik,0.003,0.013397841553017016
sentence-transformers/paraphrase-multilingual-mpnet-base-v2,uyghur,tamil,0.321,0.41605694509781144
sentence-transformers/paraphrase-multilingual-mpnet-base-v2,uyghur,turkish,0.32,0.41436231205847773
sentence-transformers/paraphrase-multilingual-mpnet-base-v2,uyghur,urdu,0.297,0.39089110116659664
sentence-transformers/paraphrase-multilingual-mpnet-base-v2,uyghur,uzbek,0.013,0.030124684902614832
sentence-transformers/paraphrase-multilingual-mpnet-base-v2,uyghur,vietnamese,0.322,0.4229431634682389
sentence-transformers/paraphrase-multilingual-mpnet-base-v2,uyghur,yoruba,0.009,0.026480118328820988
sentence-transformers/paraphrase-multilingual-mpnet-base-v2,uzbek,albanian,0.009,0.023224145774569285
sentence-transformers/paraphrase-multilingual-mpnet-base-v2,uzbek,asante,0.003,0.014378039366319538
sentence-transformers/paraphrase-multilingual-mpnet-base-v2,uzbek,assamese,0.004,0.01642971350589665
sentence-transformers/paraphrase-multilingual-mpnet-base-v2,uzbek,azeri,0.009,0.022955917979434113
sentence-transformers/paraphrase-multilingual-mpnet-base-v2,uzbek,bosnian-mihanovich,0.006,0.02358944592483574
sentence-transformers/paraphrase-multilingual-mpnet-base-v2,uzbek,bosnian-rwwad,0.005,0.02189002346930087
sentence-transformers/paraphrase-multilingual-mpnet-base-v2,uzbek,chinese,0.007,0.021690940505414914
sentence-transformers/paraphrase-multilingual-mpnet-base-v2,uzbek,croatian,0.006,0.020494735506856147
sentence-transformers/paraphrase-multilingual-mpnet-base-v2,uzbek,dutch,0.01,0.027464894802815748
sentence-transformers/paraphrase-multilingual-mpnet-base-v2,uzbek,english,0.005,0.022972247204021332
sentence-transformers/paraphrase-multilingual-mpnet-base-v2,uzbek,french,0.011,0.02684217996930931
sentence-transformers/paraphrase-multilingual-mpnet-base-v2,uzbek,german,0.009,0.025419404252181255
sentence-transformers/paraphrase-multilingual-mpnet-base-v2,uzbek,gujarati,0.012,0.029429005350049504
sentence-transformers/paraphrase-multilingual-mpnet-base-v2,uzbek,hausa,0.008,0.021756501659693398
sentence-transformers/paraphrase-multilingual-mpnet-base-v2,uzbek,indonesian,0.008,0.02238713770277125
sentence-transformers/paraphrase-multilingual-mpnet-base-v2,uzbek,japanese,0.005,0.01933361847217954
sentence-transformers/paraphrase-multilingual-mpnet-base-v2,uzbek,kannada,0.008,0.024055479124878633
sentence-transformers/paraphrase-multilingual-mpnet-base-v2,uzbek,khmer,0.009,0.02304569156766631
sentence-transformers/paraphrase-multilingual-mpnet-base-v2,uzbek,kurdish,0.005,0.019354827542854287
sentence-transformers/paraphrase-multilingual-mpnet-base-v2,uzbek,kyrgyz,0.01,0.027035367918948575
sentence-transformers/paraphrase-multilingual-mpnet-base-v2,uzbek,lingala,0.003,0.015474686343855702
sentence-transformers/paraphrase-multilingual-mpnet-base-v2,uzbek,lithuanian,0.008,0.024160137086229667
sentence-transformers/paraphrase-multilingual-mpnet-base-v2,uzbek,macedonian,0.011,0.02783725097781587
sentence-transformers/paraphrase-multilingual-mpnet-base-v2,uzbek,malayalam,0.008,0.0231149546503554
sentence-transformers/paraphrase-multilingual-mpnet-base-v2,uzbek,moore,0.006,0.021601346085598345
sentence-transformers/paraphrase-multilingual-mpnet-base-v2,uzbek,oromo,0.003,0.02015822512351833
sentence-transformers/paraphrase-multilingual-mpnet-base-v2,uzbek,pashto,0.002,0.014359495021769838
sentence-transformers/paraphrase-multilingual-mpnet-base-v2,uzbek,persian,0.003,0.01685363975489143
sentence-transformers/paraphrase-multilingual-mpnet-base-v2,uzbek,portuguese,0.005,0.026130361255816848
sentence-transformers/paraphrase-multilingual-mpnet-base-v2,uzbek,romanian,0.003,0.019803240823904864
sentence-transformers/paraphrase-multilingual-mpnet-base-v2,uzbek,serbian,0.009,0.023475914833329996
sentence-transformers/paraphrase-multilingual-mpnet-base-v2,uzbek,spanish,0.008,0.022108308065478654
sentence-transformers/paraphrase-multilingual-mpnet-base-v2,uzbek,tagalog,0.004,0.01602124418539661
sentence-transformers/paraphrase-multilingual-mpnet-base-v2,uzbek,tajik,0.02,0.050021155337798
sentence-transformers/paraphrase-multilingual-mpnet-base-v2,uzbek,tamil,0.007,0.023111881396083805
sentence-transformers/paraphrase-multilingual-mpnet-base-v2,uzbek,turkish,0.004,0.019246537931503282
sentence-transformers/paraphrase-multilingual-mpnet-base-v2,uzbek,urdu,0.009,0.01955769299077605
sentence-transformers/paraphrase-multilingual-mpnet-base-v2,uzbek,uyghur,0.003,0.019167126299417286
sentence-transformers/paraphrase-multilingual-mpnet-base-v2,uzbek,vietnamese,0.011,0.027376405349737655
sentence-transformers/paraphrase-multilingual-mpnet-base-v2,uzbek,yoruba,0.007,0.020531419732225113
sentence-transformers/paraphrase-multilingual-mpnet-base-v2,vietnamese,albanian,0.704,0.7732182038463504
sentence-transformers/paraphrase-multilingual-mpnet-base-v2,vietnamese,asante,0.01,0.026010889142685446
sentence-transformers/paraphrase-multilingual-mpnet-base-v2,vietnamese,assamese,0.203,0.28973076720753366
sentence-transformers/paraphrase-multilingual-mpnet-base-v2,vietnamese,azeri,0.56,0.6385311294409522
sentence-transformers/paraphrase-multilingual-mpnet-base-v2,vietnamese,bosnian-mihanovich,0.715,0.7700718242054573
sentence-transformers/paraphrase-multilingual-mpnet-base-v2,vietnamese,bosnian-rwwad,0.716,0.77259887131478
sentence-transformers/paraphrase-multilingual-mpnet-base-v2,vietnamese,chinese,0.603,0.6951182606124258
sentence-transformers/paraphrase-multilingual-mpnet-base-v2,vietnamese,croatian,0.718,0.7758319565501158
sentence-transformers/paraphrase-multilingual-mpnet-base-v2,vietnamese,dutch,0.793,0.8428263816018671
sentence-transformers/paraphrase-multilingual-mpnet-base-v2,vietnamese,english,0.809,0.8546392311668346
sentence-transformers/paraphrase-multilingual-mpnet-base-v2,vietnamese,french,0.676,0.7420966146997423
sentence-transformers/paraphrase-multilingual-mpnet-base-v2,vietnamese,german,0.732,0.789968390029339
sentence-transformers/paraphrase-multilingual-mpnet-base-v2,vietnamese,gujarati,0.275,0.3408477956641435
sentence-transformers/paraphrase-multilingual-mpnet-base-v2,vietnamese,hausa,0.005,0.020317952573602957
sentence-transformers/paraphrase-multilingual-mpnet-base-v2,vietnamese,indonesian,0.677,0.7542902528020283
sentence-transformers/paraphrase-multilingual-mpnet-base-v2,vietnamese,japanese,0.716,0.7861160332421432
sentence-transformers/paraphrase-multilingual-mpnet-base-v2,vietnamese,kannada,0.454,0.5353094673918746
sentence-transformers/paraphrase-multilingual-mpnet-base-v2,vietnamese,khmer,0.491,0.583560715144721
sentence-transformers/paraphrase-multilingual-mpnet-base-v2,vietnamese,kurdish,0.241,0.324246139447406
sentence-transformers/paraphrase-multilingual-mpnet-base-v2,vietnamese,kyrgyz,0.335,0.41958709489881574
sentence-transformers/paraphrase-multilingual-mpnet-base-v2,vietnamese,lingala,0.006,0.016983580722386392
sentence-transformers/paraphrase-multilingual-mpnet-base-v2,vietnamese,lithuanian,0.723,0.7864980638230081
sentence-transformers/paraphrase-multilingual-mpnet-base-v2,vietnamese,macedonian,0.711,0.7679152841222124
sentence-transformers/paraphrase-multilingual-mpnet-base-v2,vietnamese,malayalam,0.495,0.5942392382871787
sentence-transformers/paraphrase-multilingual-mpnet-base-v2,vietnamese,moore,0.014,0.029074434070317772
sentence-transformers/paraphrase-multilingual-mpnet-base-v2,vietnamese,oromo,0.008,0.019813647510879776
sentence-transformers/paraphrase-multilingual-mpnet-base-v2,vietnamese,pashto,0.277,0.3582297864663647
sentence-transformers/paraphrase-multilingual-mpnet-base-v2,vietnamese,persian,0.668,0.7479887475562496
sentence-transformers/paraphrase-multilingual-mpnet-base-v2,vietnamese,portuguese,0.741,0.7912370345280155
sentence-transformers/paraphrase-multilingual-mpnet-base-v2,vietnamese,romanian,0.757,0.8067917321383578
sentence-transformers/paraphrase-multilingual-mpnet-base-v2,vietnamese,serbian,0.712,0.7734112618672873
sentence-transformers/paraphrase-multilingual-mpnet-base-v2,vietnamese,spanish,0.746,0.8082321978830171
sentence-transformers/paraphrase-multilingual-mpnet-base-v2,vietnamese,tagalog,0.033,0.05709888594908633
sentence-transformers/paraphrase-multilingual-mpnet-base-v2,vietnamese,tajik,0.005,0.0172913158260931
sentence-transformers/paraphrase-multilingual-mpnet-base-v2,vietnamese,tamil,0.547,0.6326859519832707
sentence-transformers/paraphrase-multilingual-mpnet-base-v2,vietnamese,turkish,0.635,0.7158105115960198
sentence-transformers/paraphrase-multilingual-mpnet-base-v2,vietnamese,urdu,0.657,0.7227733793730897
sentence-transformers/paraphrase-multilingual-mpnet-base-v2,vietnamese,uyghur,0.335,0.42443860932694044
sentence-transformers/paraphrase-multilingual-mpnet-base-v2,vietnamese,uzbek,0.008,0.028366565438850938
sentence-transformers/paraphrase-multilingual-mpnet-base-v2,vietnamese,yoruba,0.008,0.02549861037434692
sentence-transformers/paraphrase-multilingual-mpnet-base-v2,yoruba,albanian,0.004,0.01730719231069213
sentence-transformers/paraphrase-multilingual-mpnet-base-v2,yoruba,asante,0.008,0.018733196031041628
sentence-transformers/paraphrase-multilingual-mpnet-base-v2,yoruba,assamese,0.001,0.014390957197183096
sentence-transformers/paraphrase-multilingual-mpnet-base-v2,yoruba,azeri,0.002,0.014110849193679439
sentence-transformers/paraphrase-multilingual-mpnet-base-v2,yoruba,bosnian-mihanovich,0.0,0.014296629667829415
sentence-transformers/paraphrase-multilingual-mpnet-base-v2,yoruba,bosnian-rwwad,0.001,0.013801291185434578
sentence-transformers/paraphrase-multilingual-mpnet-base-v2,yoruba,chinese,0.003,0.012991386597913192
sentence-transformers/paraphrase-multilingual-mpnet-base-v2,yoruba,croatian,0.0,0.01311883525986729
sentence-transformers/paraphrase-multilingual-mpnet-base-v2,yoruba,dutch,0.003,0.017512005721927446
sentence-transformers/paraphrase-multilingual-mpnet-base-v2,yoruba,english,0.005,0.018465521801583916
sentence-transformers/paraphrase-multilingual-mpnet-base-v2,yoruba,french,0.0,0.014535940600822615
sentence-transformers/paraphrase-multilingual-mpnet-base-v2,yoruba,german,0.003,0.017198917268755075
sentence-transformers/paraphrase-multilingual-mpnet-base-v2,yoruba,gujarati,0.002,0.015230611717135582
sentence-transformers/paraphrase-multilingual-mpnet-base-v2,yoruba,hausa,0.007,0.01975292149492923
sentence-transformers/paraphrase-multilingual-mpnet-base-v2,yoruba,indonesian,0.008,0.020510122504903527
sentence-transformers/paraphrase-multilingual-mpnet-base-v2,yoruba,japanese,0.001,0.01064915155277277
sentence-transformers/paraphrase-multilingual-mpnet-base-v2,yoruba,kannada,0.002,0.01336099025901201
sentence-transformers/paraphrase-multilingual-mpnet-base-v2,yoruba,khmer,0.002,0.013071713493905424
sentence-transformers/paraphrase-multilingual-mpnet-base-v2,yoruba,kurdish,0.004,0.015317031290163425
sentence-transformers/paraphrase-multilingual-mpnet-base-v2,yoruba,kyrgyz,0.003,0.01608110361281788
sentence-transformers/paraphrase-multilingual-mpnet-base-v2,yoruba,lingala,0.003,0.012379566731274943
sentence-transformers/paraphrase-multilingual-mpnet-base-v2,yoruba,lithuanian,0.003,0.015438854972663707
sentence-transformers/paraphrase-multilingual-mpnet-base-v2,yoruba,macedonian,0.002,0.014358325921685108
sentence-transformers/paraphrase-multilingual-mpnet-base-v2,yoruba,malayalam,0.002,0.013066201756615624
sentence-transformers/paraphrase-multilingual-mpnet-base-v2,yoruba,moore,0.004,0.01556455376101124
sentence-transformers/paraphrase-multilingual-mpnet-base-v2,yoruba,oromo,0.004,0.01684156334284036
sentence-transformers/paraphrase-multilingual-mpnet-base-v2,yoruba,pashto,0.002,0.013761628772880993
sentence-transformers/paraphrase-multilingual-mpnet-base-v2,yoruba,persian,0.006,0.016971768267266846
sentence-transformers/paraphrase-multilingual-mpnet-base-v2,yoruba,portuguese,0.006,0.020615898089223064
sentence-transformers/paraphrase-multilingual-mpnet-base-v2,yoruba,romanian,0.0,0.01106908085086765
sentence-transformers/paraphrase-multilingual-mpnet-base-v2,yoruba,serbian,0.001,0.01251817667169858
sentence-transformers/paraphrase-multilingual-mpnet-base-v2,yoruba,spanish,0.005,0.017684543509258993
sentence-transformers/paraphrase-multilingual-mpnet-base-v2,yoruba,tagalog,0.003,0.015428921767455174
sentence-transformers/paraphrase-multilingual-mpnet-base-v2,yoruba,tajik,0.001,0.015632917756985623
sentence-transformers/paraphrase-multilingual-mpnet-base-v2,yoruba,tamil,0.005,0.016133718569876145
sentence-transformers/paraphrase-multilingual-mpnet-base-v2,yoruba,turkish,0.002,0.013480684827336177
sentence-transformers/paraphrase-multilingual-mpnet-base-v2,yoruba,urdu,0.004,0.013390110035714962
sentence-transformers/paraphrase-multilingual-mpnet-base-v2,yoruba,uyghur,0.002,0.013650816739667383
sentence-transformers/paraphrase-multilingual-mpnet-base-v2,yoruba,uzbek,0.003,0.015892904484344657
sentence-transformers/paraphrase-multilingual-mpnet-base-v2,yoruba,vietnamese,0.005,0.01968410743150946
intfloat/multilingual-e5-base,albanian,asante,0.578,0.6765074680438022
intfloat/multilingual-e5-base,albanian,assamese,0.85,0.8998425656574357
intfloat/multilingual-e5-base,albanian,azeri,0.939,0.9569418307686972
intfloat/multilingual-e5-base,albanian,bosnian-mihanovich,0.922,0.9467363196171176
intfloat/multilingual-e5-base,albanian,bosnian-rwwad,0.917,0.9440449364100364
intfloat/multilingual-e5-base,albanian,chinese,0.474,0.5843523429858195
intfloat/multilingual-e5-base,albanian,croatian,0.92,0.9444942848072643
intfloat/multilingual-e5-base,albanian,dutch,0.801,0.8568960430177727
intfloat/multilingual-e5-base,albanian,english,0.874,0.9112965861007016
intfloat/multilingual-e5-base,albanian,french,0.721,0.7913511755114961
intfloat/multilingual-e5-base,albanian,german,0.714,0.786160734682031
intfloat/multilingual-e5-base,albanian,gujarati,0.825,0.8759697657178315
intfloat/multilingual-e5-base,albanian,hausa,0.778,0.8379771453078468
intfloat/multilingual-e5-base,albanian,indonesian,0.695,0.7545603843789492
intfloat/multilingual-e5-base,albanian,japanese,0.524,0.6363304686311725
intfloat/multilingual-e5-base,albanian,kannada,0.891,0.924374175330537
intfloat/multilingual-e5-base,albanian,khmer,0.784,0.845243331773459
intfloat/multilingual-e5-base,albanian,kurdish,0.747,0.8088159084483634
intfloat/multilingual-e5-base,albanian,kyrgyz,0.829,0.8785105819999487
intfloat/multilingual-e5-base,albanian,lingala,0.675,0.758423806850201
intfloat/multilingual-e5-base,albanian,lithuanian,0.634,0.7228257796528397
intfloat/multilingual-e5-base,albanian,macedonian,0.838,0.8832627558002646
intfloat/multilingual-e5-base,albanian,malayalam,0.91,0.9396325509494104
intfloat/multilingual-e5-base,albanian,moore,0.378,0.4850099719025648
intfloat/multilingual-e5-base,albanian,oromo,0.633,0.7139694331485116
intfloat/multilingual-e5-base,albanian,pashto,0.755,0.8117400490794683
intfloat/multilingual-e5-base,albanian,persian,0.891,0.9287182605263943
intfloat/multilingual-e5-base,albanian,portuguese,0.524,0.6247342056827847
intfloat/multilingual-e5-base,albanian,romanian,0.75,0.8175864053429277
intfloat/multilingual-e5-base,albanian,serbian,0.824,0.8710835771091437
intfloat/multilingual-e5-base,albanian,spanish,0.74,0.8123662537403474
intfloat/multilingual-e5-base,albanian,tagalog,0.855,0.8951209084133442
intfloat/multilingual-e5-base,albanian,tajik,0.855,0.897686655883741
intfloat/multilingual-e5-base,albanian,tamil,0.89,0.9272117891735011
intfloat/multilingual-e5-base,albanian,turkish,0.721,0.7912656122754729
intfloat/multilingual-e5-base,albanian,urdu,0.905,0.9380563789345329
intfloat/multilingual-e5-base,albanian,uyghur,0.854,0.8916375412912325
intfloat/multilingual-e5-base,albanian,uzbek,0.719,0.7798412595097798
intfloat/multilingual-e5-base,albanian,vietnamese,0.703,0.7790140588608196
intfloat/multilingual-e5-base,albanian,yoruba,0.475,0.58392673710912
intfloat/multilingual-e5-base,asante,albanian,0.495,0.5909977362453339
intfloat/multilingual-e5-base,asante,assamese,0.535,0.6386800645643361
intfloat/multilingual-e5-base,asante,azeri,0.628,0.7101856828699347
intfloat/multilingual-e5-base,asante,bosnian-mihanovich,0.477,0.5962396658800708
intfloat/multilingual-e5-base,asante,bosnian-rwwad,0.447,0.5610896176598265
intfloat/multilingual-e5-base,asante,chinese,0.161,0.2529553312043996
intfloat/multilingual-e5-base,asante,croatian,0.424,0.5430006807381617
intfloat/multilingual-e5-base,asante,dutch,0.419,0.5248556996095374
intfloat/multilingual-e5-base,asante,english,0.293,0.4024424689962735
intfloat/multilingual-e5-base,asante,french,0.291,0.3830644077966656
intfloat/multilingual-e5-base,asante,german,0.336,0.4566361101226931
intfloat/multilingual-e5-base,asante,gujarati,0.355,0.446110837299242
intfloat/multilingual-e5-base,asante,hausa,0.421,0.5323974445459361
intfloat/multilingual-e5-base,asante,indonesian,0.439,0.535959143065895
intfloat/multilingual-e5-base,asante,japanese,0.184,0.2814590036593338
intfloat/multilingual-e5-base,asante,kannada,0.47,0.5601400773757723
intfloat/multilingual-e5-base,asante,khmer,0.445,0.5465773032852339
intfloat/multilingual-e5-base,asante,kurdish,0.423,0.5307696728126434
intfloat/multilingual-e5-base,asante,kyrgyz,0.5,0.5954364601560099
intfloat/multilingual-e5-base,asante,lingala,0.42,0.5135196415726779
intfloat/multilingual-e5-base,asante,lithuanian,0.364,0.47567731821781545
intfloat/multilingual-e5-base,asante,macedonian,0.389,0.5018776862615741
intfloat/multilingual-e5-base,asante,malayalam,0.56,0.6461333760979969
intfloat/multilingual-e5-base,asante,moore,0.264,0.380559490132779
intfloat/multilingual-e5-base,asante,oromo,0.31,0.4155342112118402
intfloat/multilingual-e5-base,asante,pashto,0.396,0.48777273768558077
intfloat/multilingual-e5-base,asante,persian,0.496,0.601657066787822
intfloat/multilingual-e5-base,asante,portuguese,0.219,0.32588690413916366
intfloat/multilingual-e5-base,asante,romanian,0.287,0.39590092683770356
intfloat/multilingual-e5-base,asante,serbian,0.465,0.5463856499702919
intfloat/multilingual-e5-base,asante,spanish,0.24,0.35446047829275534
intfloat/multilingual-e5-base,asante,tagalog,0.501,0.6020898759773651
intfloat/multilingual-e5-base,asante,tajik,0.513,0.6018269843864948
intfloat/multilingual-e5-base,asante,tamil,0.535,0.626336095062144
intfloat/multilingual-e5-base,asante,turkish,0.282,0.3878368822908966
intfloat/multilingual-e5-base,asante,urdu,0.618,0.7011410516815617
intfloat/multilingual-e5-base,asante,uyghur,0.404,0.5301143217479555
intfloat/multilingual-e5-base,asante,uzbek,0.366,0.46963010669223365
intfloat/multilingual-e5-base,asante,vietnamese,0.179,0.28043315799480034
intfloat/multilingual-e5-base,asante,yoruba,0.352,0.457762518310153
intfloat/multilingual-e5-base,assamese,albanian,0.825,0.8736910677070429
intfloat/multilingual-e5-base,assamese,asante,0.53,0.6315307883114765
intfloat/multilingual-e5-base,assamese,azeri,0.901,0.9302316131423792
intfloat/multilingual-e5-base,assamese,bosnian-mihanovich,0.866,0.9093870252461735
intfloat/multilingual-e5-base,assamese,bosnian-rwwad,0.856,0.8994855434607084
intfloat/multilingual-e5-base,assamese,chinese,0.432,0.5347321998908717
intfloat/multilingual-e5-base,assamese,croatian,0.847,0.8941336469034844
intfloat/multilingual-e5-base,assamese,dutch,0.762,0.8228374645426805
intfloat/multilingual-e5-base,assamese,english,0.795,0.8520264423195931
intfloat/multilingual-e5-base,assamese,french,0.521,0.6110707985497249
intfloat/multilingual-e5-base,assamese,german,0.668,0.7477380763338154
intfloat/multilingual-e5-base,assamese,gujarati,0.649,0.7280186646479209
intfloat/multilingual-e5-base,assamese,hausa,0.696,0.7743928985191595
intfloat/multilingual-e5-base,assamese,indonesian,0.71,0.7747454416191408
intfloat/multilingual-e5-base,assamese,japanese,0.503,0.6133604390505007
intfloat/multilingual-e5-base,assamese,kannada,0.765,0.821598042594251
intfloat/multilingual-e5-base,assamese,khmer,0.72,0.7970442181425946
intfloat/multilingual-e5-base,assamese,kurdish,0.66,0.7415199906364031
intfloat/multilingual-e5-base,assamese,kyrgyz,0.768,0.8328384733173413
intfloat/multilingual-e5-base,assamese,lingala,0.636,0.7213549433977038
intfloat/multilingual-e5-base,assamese,lithuanian,0.597,0.7013666836614546
intfloat/multilingual-e5-base,assamese,macedonian,0.72,0.787722501118632
intfloat/multilingual-e5-base,assamese,malayalam,0.852,0.8905851837546441
intfloat/multilingual-e5-base,assamese,moore,0.382,0.487720319345466
intfloat/multilingual-e5-base,assamese,oromo,0.549,0.6377419149794227
intfloat/multilingual-e5-base,assamese,pashto,0.689,0.7557616172425705
intfloat/multilingual-e5-base,assamese,persian,0.842,0.8871084932290991
intfloat/multilingual-e5-base,assamese,portuguese,0.512,0.6192510302015153
intfloat/multilingual-e5-base,assamese,romanian,0.633,0.7162421028148981
intfloat/multilingual-e5-base,assamese,serbian,0.716,0.7828794098593268
intfloat/multilingual-e5-base,assamese,spanish,0.679,0.7651128426712263
intfloat/multilingual-e5-base,assamese,tagalog,0.79,0.8491190579419565
intfloat/multilingual-e5-base,assamese,tajik,0.794,0.8507055300295108
intfloat/multilingual-e5-base,assamese,tamil,0.854,0.8916966397938205
intfloat/multilingual-e5-base,assamese,turkish,0.618,0.7184908502697982
intfloat/multilingual-e5-base,assamese,urdu,0.902,0.9327720735962398
intfloat/multilingual-e5-base,assamese,uyghur,0.761,0.8247125697324732
intfloat/multilingual-e5-base,assamese,uzbek,0.603,0.6912381043175126
intfloat/multilingual-e5-base,assamese,vietnamese,0.557,0.6595850983946376
intfloat/multilingual-e5-base,assamese,yoruba,0.417,0.524106411642665
intfloat/multilingual-e5-base,azeri,albanian,0.917,0.945108253208665
intfloat/multilingual-e5-base,azeri,asante,0.624,0.715855669438649
intfloat/multilingual-e5-base,azeri,assamese,0.878,0.9186001891623404
intfloat/multilingual-e5-base,azeri,bosnian-mihanovich,0.924,0.9470425946426676
intfloat/multilingual-e5-base,azeri,bosnian-rwwad,0.916,0.9429012341192207
intfloat/multilingual-e5-base,azeri,chinese,0.475,0.5894691513844171
intfloat/multilingual-e5-base,azeri,croatian,0.915,0.9423277439236188
intfloat/multilingual-e5-base,azeri,dutch,0.761,0.8292244405049002
intfloat/multilingual-e5-base,azeri,english,0.866,0.9027972157637648
intfloat/multilingual-e5-base,azeri,french,0.706,0.7726856039105463
intfloat/multilingual-e5-base,azeri,german,0.684,0.7746358667440716
intfloat/multilingual-e5-base,azeri,gujarati,0.877,0.9160642812351345
intfloat/multilingual-e5-base,azeri,hausa,0.807,0.8638903165328261
intfloat/multilingual-e5-base,azeri,indonesian,0.653,0.713666734196381
intfloat/multilingual-e5-base,azeri,japanese,0.582,0.689897405351358
intfloat/multilingual-e5-base,azeri,kannada,0.924,0.9498098946239018
intfloat/multilingual-e5-base,azeri,khmer,0.796,0.8497761030277639
intfloat/multilingual-e5-base,azeri,kurdish,0.802,0.860170357787039
intfloat/multilingual-e5-base,azeri,kyrgyz,0.885,0.9195571416257835
intfloat/multilingual-e5-base,azeri,lingala,0.728,0.7978707418035257
intfloat/multilingual-e5-base,azeri,lithuanian,0.587,0.6859145409089022
intfloat/multilingual-e5-base,azeri,macedonian,0.766,0.8359136846411365
intfloat/multilingual-e5-base,azeri,malayalam,0.937,0.9596540649896612
intfloat/multilingual-e5-base,azeri,moore,0.45,0.5505830157204255
intfloat/multilingual-e5-base,azeri,oromo,0.672,0.7447648111113094
intfloat/multilingual-e5-base,azeri,pashto,0.815,0.8669817119648323
intfloat/multilingual-e5-base,azeri,persian,0.921,0.9496084173019055
intfloat/multilingual-e5-base,azeri,portuguese,0.51,0.6186970963433259
intfloat/multilingual-e5-base,azeri,romanian,0.729,0.8016614663091718
intfloat/multilingual-e5-base,azeri,serbian,0.765,0.8227797409449158
intfloat/multilingual-e5-base,azeri,spanish,0.736,0.8078636306211442
intfloat/multilingual-e5-base,azeri,tagalog,0.896,0.9273739924029818
intfloat/multilingual-e5-base,azeri,tajik,0.892,0.9269509183544151
intfloat/multilingual-e5-base,azeri,tamil,0.925,0.9525737577455224
intfloat/multilingual-e5-base,azeri,turkish,0.777,0.8479370066034304
intfloat/multilingual-e5-base,azeri,urdu,0.921,0.9486316114441116
intfloat/multilingual-e5-base,azeri,uyghur,0.9,0.9283415193275389
intfloat/multilingual-e5-base,azeri,uzbek,0.776,0.8257789259099673
intfloat/multilingual-e5-base,azeri,vietnamese,0.731,0.799823808675432
intfloat/multilingual-e5-base,azeri,yoruba,0.529,0.6292596851833848
intfloat/multilingual-e5-base,bosnian-mihanovich,albanian,0.894,0.9296672008168989
intfloat/multilingual-e5-base,bosnian-mihanovich,asante,0.618,0.7065048540824522
intfloat/multilingual-e5-base,bosnian-mihanovich,assamese,0.875,0.9179983391775872
intfloat/multilingual-e5-base,bosnian-mihanovich,azeri,0.915,0.9397960055649853
intfloat/multilingual-e5-base,bosnian-mihanovich,bosnian-rwwad,0.985,0.9908428571428571
intfloat/multilingual-e5-base,bosnian-mihanovich,chinese,0.403,0.5212006725174954
intfloat/multilingual-e5-base,bosnian-mihanovich,croatian,0.986,0.9910428571428572
intfloat/multilingual-e5-base,bosnian-mihanovich,dutch,0.713,0.7846702001114213
intfloat/multilingual-e5-base,bosnian-mihanovich,english,0.888,0.9227526085047768
intfloat/multilingual-e5-base,bosnian-mihanovich,french,0.692,0.7743149949550612
intfloat/multilingual-e5-base,bosnian-mihanovich,german,0.657,0.7448329213364946
intfloat/multilingual-e5-base,bosnian-mihanovich,gujarati,0.844,0.8891186130013946
intfloat/multilingual-e5-base,bosnian-mihanovich,hausa,0.814,0.8653586272646179
intfloat/multilingual-e5-base,bosnian-mihanovich,indonesian,0.619,0.682849171967965
intfloat/multilingual-e5-base,bosnian-mihanovich,japanese,0.453,0.5817291906648074
intfloat/multilingual-e5-base,bosnian-mihanovich,kannada,0.896,0.9273369031693687
intfloat/multilingual-e5-base,bosnian-mihanovich,khmer,0.752,0.8161737835324382
intfloat/multilingual-e5-base,bosnian-mihanovich,kurdish,0.794,0.8485425097854636
intfloat/multilingual-e5-base,bosnian-mihanovich,kyrgyz,0.801,0.8465084234927189
intfloat/multilingual-e5-base,bosnian-mihanovich,lingala,0.737,0.8068706812356955
intfloat/multilingual-e5-base,bosnian-mihanovich,lithuanian,0.574,0.6711582791408347
intfloat/multilingual-e5-base,bosnian-mihanovich,macedonian,0.882,0.9216681533179445
intfloat/multilingual-e5-base,bosnian-mihanovich,malayalam,0.921,0.9470491500873854
intfloat/multilingual-e5-base,bosnian-mihanovich,moore,0.484,0.5877698928678883
intfloat/multilingual-e5-base,bosnian-mihanovich,oromo,0.655,0.7341169336916749
intfloat/multilingual-e5-base,bosnian-mihanovich,pashto,0.827,0.8739947732789722
intfloat/multilingual-e5-base,bosnian-mihanovich,persian,0.849,0.8937447521236702
intfloat/multilingual-e5-base,bosnian-mihanovich,portuguese,0.535,0.6400178169999441
intfloat/multilingual-e5-base,bosnian-mihanovich,romanian,0.69,0.7670341980197395
intfloat/multilingual-e5-base,bosnian-mihanovich,serbian,0.904,0.9309368315103984
intfloat/multilingual-e5-base,bosnian-mihanovich,spanish,0.682,0.7694406391002743
intfloat/multilingual-e5-base,bosnian-mihanovich,tagalog,0.868,0.9046065753656205
intfloat/multilingual-e5-base,bosnian-mihanovich,tajik,0.857,0.8993341111175569
intfloat/multilingual-e5-base,bosnian-mihanovich,tamil,0.896,0.9308493103086776
intfloat/multilingual-e5-base,bosnian-mihanovich,turkish,0.578,0.6808642618642836
intfloat/multilingual-e5-base,bosnian-mihanovich,urdu,0.898,0.9321906959492906
intfloat/multilingual-e5-base,bosnian-mihanovich,uyghur,0.819,0.8656607573815598
intfloat/multilingual-e5-base,bosnian-mihanovich,uzbek,0.718,0.7855176731272289
intfloat/multilingual-e5-base,bosnian-mihanovich,vietnamese,0.666,0.7517166297529903
intfloat/multilingual-e5-base,bosnian-mihanovich,yoruba,0.512,0.614511666562067
intfloat/multilingual-e5-base,bosnian-rwwad,albanian,0.915,0.9428169944300147
intfloat/multilingual-e5-base,bosnian-rwwad,asante,0.595,0.6913150871209268
intfloat/multilingual-e5-base,bosnian-rwwad,assamese,0.873,0.9138376781041506
intfloat/multilingual-e5-base,bosnian-rwwad,azeri,0.924,0.945384447184385
intfloat/multilingual-e5-base,bosnian-rwwad,bosnian-mihanovich,0.989,0.9931166666666665
intfloat/multilingual-e5-base,bosnian-rwwad,chinese,0.446,0.5546723618540157
intfloat/multilingual-e5-base,bosnian-rwwad,croatian,0.994,0.9964500000000001
intfloat/multilingual-e5-base,bosnian-rwwad,dutch,0.765,0.828426994550955
intfloat/multilingual-e5-base,bosnian-rwwad,english,0.88,0.914363153776905
intfloat/multilingual-e5-base,bosnian-rwwad,french,0.697,0.7755088028346508
intfloat/multilingual-e5-base,bosnian-rwwad,german,0.69,0.7725765184879799
intfloat/multilingual-e5-base,bosnian-rwwad,gujarati,0.838,0.8847135181498457
intfloat/multilingual-e5-base,bosnian-rwwad,hausa,0.794,0.8542790692872028
intfloat/multilingual-e5-base,bosnian-rwwad,indonesian,0.657,0.7126230159530258
intfloat/multilingual-e5-base,bosnian-rwwad,japanese,0.464,0.587870630149733
intfloat/multilingual-e5-base,bosnian-rwwad,kannada,0.892,0.9218071040197492
intfloat/multilingual-e5-base,bosnian-rwwad,khmer,0.758,0.8202775632880821
intfloat/multilingual-e5-base,bosnian-rwwad,kurdish,0.774,0.8331462835406817
intfloat/multilingual-e5-base,bosnian-rwwad,kyrgyz,0.829,0.8719320816585012
intfloat/multilingual-e5-base,bosnian-rwwad,lingala,0.724,0.7955327304895281
intfloat/multilingual-e5-base,bosnian-rwwad,lithuanian,0.609,0.6994768581413627
intfloat/multilingual-e5-base,bosnian-rwwad,macedonian,0.916,0.9422168259531343
intfloat/multilingual-e5-base,bosnian-rwwad,malayalam,0.92,0.9464560109118142
intfloat/multilingual-e5-base,bosnian-rwwad,moore,0.467,0.5669287608868466
intfloat/multilingual-e5-base,bosnian-rwwad,oromo,0.667,0.7445663990975989
intfloat/multilingual-e5-base,bosnian-rwwad,pashto,0.819,0.8634350450040622
intfloat/multilingual-e5-base,bosnian-rwwad,persian,0.87,0.9126161984764443
intfloat/multilingual-e5-base,bosnian-rwwad,portuguese,0.524,0.6312706916441391
intfloat/multilingual-e5-base,bosnian-rwwad,romanian,0.71,0.7834878556827515
intfloat/multilingual-e5-base,bosnian-rwwad,serbian,0.943,0.9622313382857854
intfloat/multilingual-e5-base,bosnian-rwwad,spanish,0.71,0.7886075027214351
intfloat/multilingual-e5-base,bosnian-rwwad,tagalog,0.867,0.9041037075384415
intfloat/multilingual-e5-base,bosnian-rwwad,tajik,0.872,0.9106262845908224
intfloat/multilingual-e5-base,bosnian-rwwad,tamil,0.891,0.9261973499723641
intfloat/multilingual-e5-base,bosnian-rwwad,turkish,0.628,0.7211437799415699
intfloat/multilingual-e5-base,bosnian-rwwad,urdu,0.895,0.9300093569038006
intfloat/multilingual-e5-base,bosnian-rwwad,uyghur,0.838,0.8833898977502204
intfloat/multilingual-e5-base,bosnian-rwwad,uzbek,0.726,0.7915737313270219
intfloat/multilingual-e5-base,bosnian-rwwad,vietnamese,0.688,0.7685675748952684
intfloat/multilingual-e5-base,bosnian-rwwad,yoruba,0.494,0.601479032636696
intfloat/multilingual-e5-base,chinese,albanian,0.586,0.6650931374071921
intfloat/multilingual-e5-base,chinese,asante,0.29,0.39061660272449295
intfloat/multilingual-e5-base,chinese,assamese,0.654,0.7410744795727308
intfloat/multilingual-e5-base,chinese,azeri,0.66,0.7447628989177254
intfloat/multilingual-e5-base,chinese,bosnian-mihanovich,0.583,0.6823779849601247
intfloat/multilingual-e5-base,chinese,bosnian-rwwad,0.575,0.660580146274367
intfloat/multilingual-e5-base,chinese,croatian,0.552,0.6467457535852323
intfloat/multilingual-e5-base,chinese,dutch,0.79,0.8453059980854662
intfloat/multilingual-e5-base,chinese,english,0.75,0.8145014699335968
intfloat/multilingual-e5-base,chinese,french,0.651,0.7303343295789722
intfloat/multilingual-e5-base,chinese,german,0.772,0.8364465013483477
intfloat/multilingual-e5-base,chinese,gujarati,0.605,0.6938095207774382
intfloat/multilingual-e5-base,chinese,hausa,0.45,0.5636924983369836
intfloat/multilingual-e5-base,chinese,indonesian,0.7,0.769727878592617
intfloat/multilingual-e5-base,chinese,japanese,0.807,0.8639821113695176
intfloat/multilingual-e5-base,chinese,kannada,0.687,0.7729727132667169
intfloat/multilingual-e5-base,chinese,khmer,0.625,0.7029178050834357
intfloat/multilingual-e5-base,chinese,kurdish,0.469,0.5668684183691265
intfloat/multilingual-e5-base,chinese,kyrgyz,0.564,0.6629595614639433
intfloat/multilingual-e5-base,chinese,lingala,0.32,0.4387140168253387
intfloat/multilingual-e5-base,chinese,lithuanian,0.563,0.6606669342135055
intfloat/multilingual-e5-base,chinese,macedonian,0.749,0.8181709512625603
intfloat/multilingual-e5-base,chinese,malayalam,0.741,0.8128009798834139
intfloat/multilingual-e5-base,chinese,moore,0.089,0.16119468600923303
intfloat/multilingual-e5-base,chinese,oromo,0.336,0.4402125164581035
intfloat/multilingual-e5-base,chinese,pashto,0.482,0.5766064127881683
intfloat/multilingual-e5-base,chinese,persian,0.794,0.8492997515703197
intfloat/multilingual-e5-base,chinese,portuguese,0.577,0.6614416125419528
intfloat/multilingual-e5-base,chinese,romanian,0.751,0.8153072605765521
intfloat/multilingual-e5-base,chinese,serbian,0.69,0.7595080743254339
intfloat/multilingual-e5-base,chinese,spanish,0.748,0.8163188421282535
intfloat/multilingual-e5-base,chinese,tagalog,0.501,0.6070840469306534
intfloat/multilingual-e5-base,chinese,tajik,0.477,0.5864032725602119
intfloat/multilingual-e5-base,chinese,tamil,0.761,0.8260365916489386
intfloat/multilingual-e5-base,chinese,turkish,0.785,0.8398456948632624
intfloat/multilingual-e5-base,chinese,urdu,0.801,0.8592907558419641
intfloat/multilingual-e5-base,chinese,uyghur,0.581,0.6632820111567687
intfloat/multilingual-e5-base,chinese,uzbek,0.428,0.5159021662929185
intfloat/multilingual-e5-base,chinese,vietnamese,0.756,0.8213811391353892
intfloat/multilingual-e5-base,chinese,yoruba,0.217,0.3047593699097708
intfloat/multilingual-e5-base,croatian,albanian,0.914,0.941797306541364
intfloat/multilingual-e5-base,croatian,asante,0.596,0.689667985435645
intfloat/multilingual-e5-base,croatian,assamese,0.868,0.9111320405941505
intfloat/multilingual-e5-base,croatian,azeri,0.922,0.9444642167285663
intfloat/multilingual-e5-base,croatian,bosnian-mihanovich,0.988,0.9926166666666666
intfloat/multilingual-e5-base,croatian,bosnian-rwwad,0.994,0.99595
intfloat/multilingual-e5-base,croatian,chinese,0.442,0.5510821484218709
intfloat/multilingual-e5-base,croatian,dutch,0.768,0.8296543927963148
intfloat/multilingual-e5-base,croatian,english,0.878,0.9139129923250575
intfloat/multilingual-e5-base,croatian,french,0.702,0.7767904665652136
intfloat/multilingual-e5-base,croatian,german,0.689,0.7702512119311358
intfloat/multilingual-e5-base,croatian,gujarati,0.836,0.8825838878681354
intfloat/multilingual-e5-base,croatian,hausa,0.785,0.8476589891926231
intfloat/multilingual-e5-base,croatian,indonesian,0.652,0.7095253031956685
intfloat/multilingual-e5-base,croatian,japanese,0.455,0.5828032298915513
intfloat/multilingual-e5-base,croatian,kannada,0.89,0.9209723773863354
intfloat/multilingual-e5-base,croatian,khmer,0.763,0.8210325044713239
intfloat/multilingual-e5-base,croatian,kurdish,0.774,0.8332117012990566
intfloat/multilingual-e5-base,croatian,kyrgyz,0.819,0.8648798057923512
intfloat/multilingual-e5-base,croatian,lingala,0.714,0.7884288331891315
intfloat/multilingual-e5-base,croatian,lithuanian,0.601,0.6943346720674302
intfloat/multilingual-e5-base,croatian,macedonian,0.91,0.9385913835378705
intfloat/multilingual-e5-base,croatian,malayalam,0.916,0.943398637926721
intfloat/multilingual-e5-base,croatian,moore,0.458,0.5595275735171181
intfloat/multilingual-e5-base,croatian,oromo,0.654,0.734683251309782
intfloat/multilingual-e5-base,croatian,pashto,0.809,0.8573853457213123
intfloat/multilingual-e5-base,croatian,persian,0.862,0.9078987514600417
intfloat/multilingual-e5-base,croatian,portuguese,0.533,0.6354195362885349
intfloat/multilingual-e5-base,croatian,romanian,0.713,0.7842259677189284
intfloat/multilingual-e5-base,croatian,serbian,0.943,0.9626391408749292
intfloat/multilingual-e5-base,croatian,spanish,0.717,0.7915791664280304
intfloat/multilingual-e5-base,croatian,tagalog,0.866,0.902403790346895
intfloat/multilingual-e5-base,croatian,tajik,0.869,0.9074706008593941
intfloat/multilingual-e5-base,croatian,tamil,0.887,0.9244963455945214
intfloat/multilingual-e5-base,croatian,turkish,0.609,0.707506888069361
intfloat/multilingual-e5-base,croatian,urdu,0.892,0.927452283077556
intfloat/multilingual-e5-base,croatian,uyghur,0.836,0.8814482441957275
intfloat/multilingual-e5-base,croatian,uzbek,0.719,0.7850131806977808
intfloat/multilingual-e5-base,croatian,vietnamese,0.682,0.7631030096143352
intfloat/multilingual-e5-base,croatian,yoruba,0.485,0.5960552952082135
intfloat/multilingual-e5-base,dutch,albanian,0.867,0.9102709113137337
intfloat/multilingual-e5-base,dutch,asante,0.563,0.6651320054616559
intfloat/multilingual-e5-base,dutch,assamese,0.824,0.8779284862846596
intfloat/multilingual-e5-base,dutch,azeri,0.915,0.9427344466284125
intfloat/multilingual-e5-base,dutch,bosnian-mihanovich,0.85,0.897023078854021
intfloat/multilingual-e5-base,dutch,bosnian-rwwad,0.84,0.8880540041118669
intfloat/multilingual-e5-base,dutch,chinese,0.635,0.7153325515060199
intfloat/multilingual-e5-base,dutch,croatian,0.824,0.8793779137229526
intfloat/multilingual-e5-base,dutch,english,0.913,0.9396419484848684
intfloat/multilingual-e5-base,dutch,french,0.736,0.8051497906140702
intfloat/multilingual-e5-base,dutch,german,0.86,0.898438437505315
intfloat/multilingual-e5-base,dutch,gujarati,0.785,0.8437226937708373
intfloat/multilingual-e5-base,dutch,hausa,0.788,0.8414329375949184
intfloat/multilingual-e5-base,dutch,indonesian,0.83,0.870674539944579
intfloat/multilingual-e5-base,dutch,japanese,0.682,0.7610973373157844
intfloat/multilingual-e5-base,dutch,kannada,0.865,0.9040526859154268
intfloat/multilingual-e5-base,dutch,khmer,0.814,0.865330739034522
intfloat/multilingual-e5-base,dutch,kurdish,0.687,0.7641497554801607
intfloat/multilingual-e5-base,dutch,kyrgyz,0.822,0.872766072193478
intfloat/multilingual-e5-base,dutch,lingala,0.642,0.7277246738000486
intfloat/multilingual-e5-base,dutch,lithuanian,0.812,0.8632211259077267
intfloat/multilingual-e5-base,dutch,macedonian,0.845,0.8960815253782203
intfloat/multilingual-e5-base,dutch,malayalam,0.894,0.9276320738962575
intfloat/multilingual-e5-base,dutch,moore,0.314,0.42563461382008516
intfloat/multilingual-e5-base,dutch,oromo,0.532,0.6298728928047636
intfloat/multilingual-e5-base,dutch,pashto,0.687,0.7531868825723408
intfloat/multilingual-e5-base,dutch,persian,0.911,0.9436882442415608
intfloat/multilingual-e5-base,dutch,portuguese,0.623,0.7085450012943769
intfloat/multilingual-e5-base,dutch,romanian,0.827,0.8725048355619048
intfloat/multilingual-e5-base,dutch,serbian,0.848,0.8857973658599902
intfloat/multilingual-e5-base,dutch,spanish,0.811,0.8602405689663133
intfloat/multilingual-e5-base,dutch,tagalog,0.815,0.8669143637427823
intfloat/multilingual-e5-base,dutch,tajik,0.824,0.8779974689975041
intfloat/multilingual-e5-base,dutch,tamil,0.892,0.9262265765061084
intfloat/multilingual-e5-base,dutch,turkish,0.815,0.8704251213990151
intfloat/multilingual-e5-base,dutch,urdu,0.896,0.9257957369024806
intfloat/multilingual-e5-base,dutch,uyghur,0.831,0.8734652755347513
intfloat/multilingual-e5-base,dutch,uzbek,0.644,0.7219492986504217
intfloat/multilingual-e5-base,dutch,vietnamese,0.75,0.8111096087274803
intfloat/multilingual-e5-base,dutch,yoruba,0.444,0.5458682963895537
intfloat/multilingual-e5-base,english,albanian,0.88,0.9196566852957064
intfloat/multilingual-e5-base,english,asante,0.612,0.7027852895202648
intfloat/multilingual-e5-base,english,assamese,0.877,0.9159447535120485
intfloat/multilingual-e5-base,english,azeri,0.929,0.9518376328635768
intfloat/multilingual-e5-base,english,bosnian-mihanovich,0.926,0.9507571522366522
intfloat/multilingual-e5-base,english,bosnian-rwwad,0.903,0.9356461056839209
intfloat/multilingual-e5-base,english,chinese,0.828,0.8751095279101022
intfloat/multilingual-e5-base,english,croatian,0.894,0.930690138311211
intfloat/multilingual-e5-base,english,dutch,0.912,0.9400455888755602
intfloat/multilingual-e5-base,english,french,0.874,0.9151921493069782
intfloat/multilingual-e5-base,english,german,0.896,0.9250253496220486
intfloat/multilingual-e5-base,english,gujarati,0.83,0.8801805111563198
intfloat/multilingual-e5-base,english,hausa,0.759,0.8177685088296018
intfloat/multilingual-e5-base,english,indonesian,0.886,0.9186934339401831
intfloat/multilingual-e5-base,english,japanese,0.849,0.8989494326137039
intfloat/multilingual-e5-base,english,kannada,0.897,0.9307532735690143
intfloat/multilingual-e5-base,english,khmer,0.847,0.8880455554347861
intfloat/multilingual-e5-base,english,kurdish,0.751,0.8126388522985815
intfloat/multilingual-e5-base,english,kyrgyz,0.869,0.9095563303311719
intfloat/multilingual-e5-base,english,lingala,0.638,0.7356000762153261
intfloat/multilingual-e5-base,english,lithuanian,0.824,0.8735717820315331
intfloat/multilingual-e5-base,english,macedonian,0.876,0.9155159987800258
intfloat/multilingual-e5-base,english,malayalam,0.936,0.9582111758713745
intfloat/multilingual-e5-base,english,moore,0.337,0.4351956101870634
intfloat/multilingual-e5-base,english,oromo,0.581,0.67198635260224
intfloat/multilingual-e5-base,english,pashto,0.684,0.7550920653191285
intfloat/multilingual-e5-base,english,persian,0.889,0.9276834564959292
intfloat/multilingual-e5-base,english,portuguese,0.918,0.9426004483344524
intfloat/multilingual-e5-base,english,romanian,0.897,0.9272438067648927
intfloat/multilingual-e5-base,english,serbian,0.857,0.8954885934915278
intfloat/multilingual-e5-base,english,spanish,0.869,0.9068216510050716
intfloat/multilingual-e5-base,english,tagalog,0.842,0.8886044846047907
intfloat/multilingual-e5-base,english,tajik,0.84,0.8899300363898959
intfloat/multilingual-e5-base,english,tamil,0.916,0.9438044057595802
intfloat/multilingual-e5-base,english,turkish,0.847,0.8862229467545696
intfloat/multilingual-e5-base,english,urdu,0.914,0.9416046131997161
intfloat/multilingual-e5-base,english,uyghur,0.86,0.9028815572195752
intfloat/multilingual-e5-base,english,uzbek,0.658,0.7222033267730321
intfloat/multilingual-e5-base,english,vietnamese,0.829,0.875314380285198
intfloat/multilingual-e5-base,english,yoruba,0.402,0.5064023165776972
intfloat/multilingual-e5-base,french,albanian,0.653,0.721026382490829
intfloat/multilingual-e5-base,french,asante,0.466,0.5593683171589975
intfloat/multilingual-e5-base,french,assamese,0.613,0.7042472473105338
intfloat/multilingual-e5-base,french,azeri,0.702,0.778988819576573
intfloat/multilingual-e5-base,french,bosnian-mihanovich,0.6,0.7074530483015139
intfloat/multilingual-e5-base,french,bosnian-rwwad,0.568,0.6713509125260895
intfloat/multilingual-e5-base,french,chinese,0.696,0.763780171736563
intfloat/multilingual-e5-base,french,croatian,0.559,0.6657531901607429
intfloat/multilingual-e5-base,french,dutch,0.755,0.8172008575416505
intfloat/multilingual-e5-base,french,english,0.907,0.9347413464300762
intfloat/multilingual-e5-base,french,german,0.779,0.835273867033681
intfloat/multilingual-e5-base,french,gujarati,0.86,0.9030019543401213
intfloat/multilingual-e5-base,french,hausa,0.588,0.673252124186834
intfloat/multilingual-e5-base,french,indonesian,0.682,0.7478842383420446
intfloat/multilingual-e5-base,french,japanese,0.707,0.7782011364107779
intfloat/multilingual-e5-base,french,kannada,0.728,0.7928655469045787
intfloat/multilingual-e5-base,french,khmer,0.572,0.6490340259947716
intfloat/multilingual-e5-base,french,kurdish,0.596,0.6803604891094045
intfloat/multilingual-e5-base,french,kyrgyz,0.682,0.7611295494860406
intfloat/multilingual-e5-base,french,lingala,0.438,0.5525735542498189
intfloat/multilingual-e5-base,french,lithuanian,0.904,0.9323331380219056
intfloat/multilingual-e5-base,french,macedonian,0.941,0.9594675023071013
intfloat/multilingual-e5-base,french,malayalam,0.744,0.8137699504582216
intfloat/multilingual-e5-base,french,moore,0.166,0.26852705307582836
intfloat/multilingual-e5-base,french,oromo,0.272,0.37271025270146424
intfloat/multilingual-e5-base,french,pashto,0.51,0.6045075608139134
intfloat/multilingual-e5-base,french,persian,0.755,0.8163546343265299
intfloat/multilingual-e5-base,french,portuguese,0.82,0.8668614328414829
intfloat/multilingual-e5-base,french,romanian,0.787,0.838770078507225
intfloat/multilingual-e5-base,french,serbian,0.592,0.6706739732555522
intfloat/multilingual-e5-base,french,spanish,0.86,0.8932110826658173
intfloat/multilingual-e5-base,french,tagalog,0.504,0.6087157828320574
intfloat/multilingual-e5-base,french,tajik,0.546,0.65277225237348
intfloat/multilingual-e5-base,french,tamil,0.726,0.8049133907518967
intfloat/multilingual-e5-base,french,turkish,0.692,0.7565317379277811
intfloat/multilingual-e5-base,french,urdu,0.784,0.8458636894756922
intfloat/multilingual-e5-base,french,uyghur,0.854,0.892295872324486
intfloat/multilingual-e5-base,french,uzbek,0.433,0.5331974130647086
intfloat/multilingual-e5-base,french,vietnamese,0.751,0.8140713159418417
intfloat/multilingual-e5-base,french,yoruba,0.291,0.38990268736136363
intfloat/multilingual-e5-base,german,albanian,0.846,0.889934459708204
intfloat/multilingual-e5-base,german,asante,0.574,0.6731132850055783
intfloat/multilingual-e5-base,german,assamese,0.871,0.9181036996377806
intfloat/multilingual-e5-base,german,azeri,0.912,0.9436596672771673
intfloat/multilingual-e5-base,german,bosnian-mihanovich,0.879,0.9184721120425097
intfloat/multilingual-e5-base,german,bosnian-rwwad,0.862,0.9069106889965904
intfloat/multilingual-e5-base,german,chinese,0.699,0.7712487549224507
intfloat/multilingual-e5-base,german,croatian,0.849,0.8974841378356483
intfloat/multilingual-e5-base,german,dutch,0.91,0.9397598298457078
intfloat/multilingual-e5-base,german,english,0.919,0.942752574000016
intfloat/multilingual-e5-base,german,french,0.782,0.8336374264466274
intfloat/multilingual-e5-base,german,gujarati,0.798,0.8529183081528067
intfloat/multilingual-e5-base,german,hausa,0.784,0.8415328443267309
intfloat/multilingual-e5-base,german,indonesian,0.872,0.9078122713436847
intfloat/multilingual-e5-base,german,japanese,0.746,0.8163258921436639
intfloat/multilingual-e5-base,german,kannada,0.89,0.9219753338526703
intfloat/multilingual-e5-base,german,khmer,0.806,0.8600792671044116
intfloat/multilingual-e5-base,german,kurdish,0.703,0.783205778955357
intfloat/multilingual-e5-base,german,kyrgyz,0.843,0.8921197171982368
intfloat/multilingual-e5-base,german,lingala,0.686,0.7692706944255947
intfloat/multilingual-e5-base,german,lithuanian,0.792,0.8520468932519524
intfloat/multilingual-e5-base,german,macedonian,0.879,0.913897927642705
intfloat/multilingual-e5-base,german,malayalam,0.938,0.9586942940894821
intfloat/multilingual-e5-base,german,moore,0.346,0.4526586644787913
intfloat/multilingual-e5-base,german,oromo,0.544,0.6443214956120644
intfloat/multilingual-e5-base,german,pashto,0.726,0.7891489055953711
intfloat/multilingual-e5-base,german,persian,0.911,0.9408844008079648
intfloat/multilingual-e5-base,german,portuguese,0.781,0.8357499803102557
intfloat/multilingual-e5-base,german,romanian,0.862,0.9010262089198439
intfloat/multilingual-e5-base,german,serbian,0.852,0.8943695399361306
intfloat/multilingual-e5-base,german,spanish,0.835,0.8791871187832442
intfloat/multilingual-e5-base,german,tagalog,0.837,0.8891139376494566
intfloat/multilingual-e5-base,german,tajik,0.809,0.8696257508552142
intfloat/multilingual-e5-base,german,tamil,0.91,0.938476308358345
intfloat/multilingual-e5-base,german,turkish,0.869,0.9074880505104956
intfloat/multilingual-e5-base,german,urdu,0.911,0.9406563564783246
intfloat/multilingual-e5-base,german,uyghur,0.8,0.8558082631318789
intfloat/multilingual-e5-base,german,uzbek,0.681,0.751926528018464
intfloat/multilingual-e5-base,german,vietnamese,0.771,0.8309788390813464
intfloat/multilingual-e5-base,german,yoruba,0.446,0.5550904058189802
intfloat/multilingual-e5-base,gujarati,albanian,0.786,0.8447115235795859
intfloat/multilingual-e5-base,gujarati,asante,0.395,0.4992233309278832
intfloat/multilingual-e5-base,gujarati,assamese,0.836,0.8810824820325415
intfloat/multilingual-e5-base,gujarati,azeri,0.853,0.8958275881776611
intfloat/multilingual-e5-base,gujarati,bosnian-mihanovich,0.828,0.8747832311228454
intfloat/multilingual-e5-base,gujarati,bosnian-rwwad,0.797,0.8502613067641726
intfloat/multilingual-e5-base,gujarati,chinese,0.416,0.535718061381299
intfloat/multilingual-e5-base,gujarati,croatian,0.799,0.8513781465589209
intfloat/multilingual-e5-base,gujarati,dutch,0.586,0.6758170949657774
intfloat/multilingual-e5-base,gujarati,english,0.786,0.8464194637635686
intfloat/multilingual-e5-base,gujarati,french,0.734,0.8048150176983966
intfloat/multilingual-e5-base,gujarati,german,0.494,0.5983693255234969
intfloat/multilingual-e5-base,gujarati,hausa,0.522,0.626519634092374
intfloat/multilingual-e5-base,gujarati,indonesian,0.574,0.6390735802726715
intfloat/multilingual-e5-base,gujarati,japanese,0.446,0.5725076371629254
intfloat/multilingual-e5-base,gujarati,kannada,0.841,0.88454197767145
intfloat/multilingual-e5-base,gujarati,khmer,0.752,0.8163647201241222
intfloat/multilingual-e5-base,gujarati,kurdish,0.698,0.7749526880500018
intfloat/multilingual-e5-base,gujarati,kyrgyz,0.757,0.8135415329341922
intfloat/multilingual-e5-base,gujarati,lingala,0.497,0.5854905185572212
intfloat/multilingual-e5-base,gujarati,lithuanian,0.556,0.6617565238736863
intfloat/multilingual-e5-base,gujarati,macedonian,0.733,0.8082315773625719
intfloat/multilingual-e5-base,gujarati,malayalam,0.838,0.8768806831715911
intfloat/multilingual-e5-base,gujarati,moore,0.272,0.3563249454120462
intfloat/multilingual-e5-base,gujarati,oromo,0.426,0.5114992352217589
intfloat/multilingual-e5-base,gujarati,pashto,0.757,0.8160429719749885
intfloat/multilingual-e5-base,gujarati,persian,0.804,0.8612042687505336
intfloat/multilingual-e5-base,gujarati,portuguese,0.412,0.5311118547120135
intfloat/multilingual-e5-base,gujarati,romanian,0.504,0.6082961422144235
intfloat/multilingual-e5-base,gujarati,serbian,0.577,0.6483197348006609
intfloat/multilingual-e5-base,gujarati,spanish,0.582,0.6815043769249465
intfloat/multilingual-e5-base,gujarati,tagalog,0.75,0.8120647615065893
intfloat/multilingual-e5-base,gujarati,tajik,0.795,0.8489132758019923
intfloat/multilingual-e5-base,gujarati,tamil,0.825,0.8778819808074886
intfloat/multilingual-e5-base,gujarati,turkish,0.462,0.5738407346328427
intfloat/multilingual-e5-base,gujarati,urdu,0.904,0.9293716804666894
intfloat/multilingual-e5-base,gujarati,uyghur,0.835,0.8810824920994516
intfloat/multilingual-e5-base,gujarati,uzbek,0.548,0.6434085529378615
intfloat/multilingual-e5-base,gujarati,vietnamese,0.518,0.6263376376098262
intfloat/multilingual-e5-base,gujarati,yoruba,0.368,0.47220676028006514
intfloat/multilingual-e5-base,hausa,albanian,0.631,0.7145169903720486
intfloat/multilingual-e5-base,hausa,asante,0.411,0.5046252666380514
intfloat/multilingual-e5-base,hausa,assamese,0.643,0.7259721007260714
intfloat/multilingual-e5-base,hausa,azeri,0.769,0.8276293208708856
intfloat/multilingual-e5-base,hausa,bosnian-mihanovich,0.684,0.7677358131502158
intfloat/multilingual-e5-base,hausa,bosnian-rwwad,0.621,0.7139269987134708
intfloat/multilingual-e5-base,hausa,chinese,0.221,0.3182728038979179
intfloat/multilingual-e5-base,hausa,croatian,0.601,0.7010419065629032
intfloat/multilingual-e5-base,hausa,dutch,0.465,0.5701764378194941
intfloat/multilingual-e5-base,hausa,english,0.569,0.6540797198021383
intfloat/multilingual-e5-base,hausa,french,0.441,0.5306953167614569
intfloat/multilingual-e5-base,hausa,german,0.4,0.5013050102493145
intfloat/multilingual-e5-base,hausa,gujarati,0.439,0.5420071570160441
intfloat/multilingual-e5-base,hausa,indonesian,0.558,0.6473335289505567
intfloat/multilingual-e5-base,hausa,japanese,0.234,0.33630333643850174
intfloat/multilingual-e5-base,hausa,kannada,0.547,0.640672751378034
intfloat/multilingual-e5-base,hausa,khmer,0.491,0.5978435101750472
intfloat/multilingual-e5-base,hausa,kurdish,0.506,0.6131157141871054
intfloat/multilingual-e5-base,hausa,kyrgyz,0.571,0.6651174543079128
intfloat/multilingual-e5-base,hausa,lingala,0.474,0.566329361262554
intfloat/multilingual-e5-base,hausa,lithuanian,0.407,0.5279938396698435
intfloat/multilingual-e5-base,hausa,macedonian,0.494,0.5945894139865788
intfloat/multilingual-e5-base,hausa,malayalam,0.675,0.7454214802852008
intfloat/multilingual-e5-base,hausa,moore,0.382,0.4982432966708016
intfloat/multilingual-e5-base,hausa,oromo,0.335,0.44504281307459814
intfloat/multilingual-e5-base,hausa,pashto,0.515,0.5978539193027093
intfloat/multilingual-e5-base,hausa,persian,0.654,0.7419199501314206
intfloat/multilingual-e5-base,hausa,portuguese,0.419,0.5261724354413966
intfloat/multilingual-e5-base,hausa,romanian,0.37,0.482577452581163
intfloat/multilingual-e5-base,hausa,serbian,0.52,0.6200145051169181
intfloat/multilingual-e5-base,hausa,spanish,0.343,0.4546212843669964
intfloat/multilingual-e5-base,hausa,tagalog,0.644,0.7286130464902159
intfloat/multilingual-e5-base,hausa,tajik,0.666,0.7491411973595554
intfloat/multilingual-e5-base,hausa,tamil,0.674,0.7448562575443528
intfloat/multilingual-e5-base,hausa,turkish,0.418,0.5239093731648118
intfloat/multilingual-e5-base,hausa,urdu,0.732,0.7963349820625572
intfloat/multilingual-e5-base,hausa,uyghur,0.577,0.6739779080169528
intfloat/multilingual-e5-base,hausa,uzbek,0.499,0.5911193589516397
intfloat/multilingual-e5-base,hausa,vietnamese,0.198,0.29082983761327014
intfloat/multilingual-e5-base,hausa,yoruba,0.308,0.4106136840767786
intfloat/multilingual-e5-base,indonesian,albanian,0.805,0.848339735457354
intfloat/multilingual-e5-base,indonesian,asante,0.521,0.621073938478713
intfloat/multilingual-e5-base,indonesian,assamese,0.857,0.896905132193456
intfloat/multilingual-e5-base,indonesian,azeri,0.877,0.9159666423147286
intfloat/multilingual-e5-base,indonesian,bosnian-mihanovich,0.802,0.863114668487857
intfloat/multilingual-e5-base,indonesian,bosnian-rwwad,0.766,0.8281850349710219
intfloat/multilingual-e5-base,indonesian,chinese,0.554,0.6523589579443122
intfloat/multilingual-e5-base,indonesian,croatian,0.756,0.8199973977073164
intfloat/multilingual-e5-base,indonesian,dutch,0.786,0.8408638986465
intfloat/multilingual-e5-base,indonesian,english,0.901,0.9317164445292577
intfloat/multilingual-e5-base,indonesian,french,0.627,0.7121000631045917
intfloat/multilingual-e5-base,indonesian,german,0.704,0.779028032531833
intfloat/multilingual-e5-base,indonesian,gujarati,0.729,0.7968788434936014
intfloat/multilingual-e5-base,indonesian,hausa,0.791,0.8493851095084891
intfloat/multilingual-e5-base,indonesian,japanese,0.641,0.7302113830567911
intfloat/multilingual-e5-base,indonesian,kannada,0.822,0.8708247509359713
intfloat/multilingual-e5-base,indonesian,khmer,0.751,0.8204108375274967
intfloat/multilingual-e5-base,indonesian,kurdish,0.626,0.710488789093379
intfloat/multilingual-e5-base,indonesian,kyrgyz,0.793,0.8464314884848695
intfloat/multilingual-e5-base,indonesian,lingala,0.602,0.697145690317404
intfloat/multilingual-e5-base,indonesian,lithuanian,0.623,0.7244471012122349
intfloat/multilingual-e5-base,indonesian,macedonian,0.769,0.8294701377288959
intfloat/multilingual-e5-base,indonesian,malayalam,0.87,0.903619657104832
intfloat/multilingual-e5-base,indonesian,moore,0.322,0.430631147537979
intfloat/multilingual-e5-base,indonesian,oromo,0.509,0.6147644952412357
intfloat/multilingual-e5-base,indonesian,pashto,0.641,0.7203368981499579
intfloat/multilingual-e5-base,indonesian,persian,0.885,0.9216463882688758
intfloat/multilingual-e5-base,indonesian,portuguese,0.62,0.710302267692577
intfloat/multilingual-e5-base,indonesian,romanian,0.71,0.7709008126460615
intfloat/multilingual-e5-base,indonesian,serbian,0.748,0.8046715439868918
intfloat/multilingual-e5-base,indonesian,spanish,0.707,0.779264454840268
intfloat/multilingual-e5-base,indonesian,tagalog,0.728,0.8027365953022799
intfloat/multilingual-e5-base,indonesian,tajik,0.729,0.8060503322413054
intfloat/multilingual-e5-base,indonesian,tamil,0.865,0.9019299932594717
intfloat/multilingual-e5-base,indonesian,turkish,0.736,0.8060867400061007
intfloat/multilingual-e5-base,indonesian,urdu,0.899,0.9284677572840196
intfloat/multilingual-e5-base,indonesian,uyghur,0.745,0.799887477805645
intfloat/multilingual-e5-base,indonesian,uzbek,0.583,0.661188436322304
intfloat/multilingual-e5-base,indonesian,vietnamese,0.607,0.6904713925647293
intfloat/multilingual-e5-base,indonesian,yoruba,0.393,0.4975296853009047
intfloat/multilingual-e5-base,japanese,albanian,0.603,0.6726503450086775
intfloat/multilingual-e5-base,japanese,asante,0.311,0.41540167726178207
intfloat/multilingual-e5-base,japanese,assamese,0.672,0.7553448862070561
intfloat/multilingual-e5-base,japanese,azeri,0.698,0.7781527198233235
intfloat/multilingual-e5-base,japanese,bosnian-mihanovich,0.563,0.6660082877367602
intfloat/multilingual-e5-base,japanese,bosnian-rwwad,0.556,0.6446162568205341
intfloat/multilingual-e5-base,japanese,chinese,0.799,0.8510960958707087
intfloat/multilingual-e5-base,japanese,croatian,0.557,0.6458723708627228
intfloat/multilingual-e5-base,japanese,dutch,0.808,0.8590793525943771
intfloat/multilingual-e5-base,japanese,english,0.64,0.719834007370843
intfloat/multilingual-e5-base,japanese,french,0.578,0.6595212524936888
intfloat/multilingual-e5-base,japanese,german,0.807,0.8615886547828554
intfloat/multilingual-e5-base,japanese,gujarati,0.613,0.6961871183522289
intfloat/multilingual-e5-base,japanese,hausa,0.427,0.5397540104690677
intfloat/multilingual-e5-base,japanese,indonesian,0.658,0.7331118694839018
intfloat/multilingual-e5-base,japanese,kannada,0.677,0.7597937735474832
intfloat/multilingual-e5-base,japanese,khmer,0.634,0.7164987243610755
intfloat/multilingual-e5-base,japanese,kurdish,0.496,0.5941120361067694
intfloat/multilingual-e5-base,japanese,kyrgyz,0.601,0.6972203967594158
intfloat/multilingual-e5-base,japanese,lingala,0.319,0.42549793637496514
intfloat/multilingual-e5-base,japanese,lithuanian,0.662,0.7422691218965005
intfloat/multilingual-e5-base,japanese,macedonian,0.751,0.8179555291771746
intfloat/multilingual-e5-base,japanese,malayalam,0.783,0.8444593236607921
intfloat/multilingual-e5-base,japanese,moore,0.104,0.17536260242703405
intfloat/multilingual-e5-base,japanese,oromo,0.326,0.4241440709434938
intfloat/multilingual-e5-base,japanese,pashto,0.474,0.5678826233676592
intfloat/multilingual-e5-base,japanese,persian,0.772,0.8362282680793506
intfloat/multilingual-e5-base,japanese,portuguese,0.446,0.5398125966682629
intfloat/multilingual-e5-base,japanese,romanian,0.766,0.8246902945294685
intfloat/multilingual-e5-base,japanese,serbian,0.682,0.7473908013545155
intfloat/multilingual-e5-base,japanese,spanish,0.694,0.7698043511982428
intfloat/multilingual-e5-base,japanese,tagalog,0.512,0.60443875319998
intfloat/multilingual-e5-base,japanese,tajik,0.5,0.5993241125966499
intfloat/multilingual-e5-base,japanese,tamil,0.766,0.8335959163194568
intfloat/multilingual-e5-base,japanese,turkish,0.781,0.8359604194139568
intfloat/multilingual-e5-base,japanese,urdu,0.778,0.8431822067806349
intfloat/multilingual-e5-base,japanese,uyghur,0.569,0.652386344463691
intfloat/multilingual-e5-base,japanese,uzbek,0.449,0.5316322810698554
intfloat/multilingual-e5-base,japanese,vietnamese,0.765,0.8318109681220284
intfloat/multilingual-e5-base,japanese,yoruba,0.199,0.2840681125575787
intfloat/multilingual-e5-base,kannada,albanian,0.901,0.9331852852985606
intfloat/multilingual-e5-base,kannada,asante,0.641,0.7266520417149238
intfloat/multilingual-e5-base,kannada,assamese,0.904,0.9382572616627933
intfloat/multilingual-e5-base,kannada,azeri,0.941,0.9610555331161889
intfloat/multilingual-e5-base,kannada,bosnian-mihanovich,0.92,0.9450583375211786
intfloat/multilingual-e5-base,kannada,bosnian-rwwad,0.9,0.9323262330061243
intfloat/multilingual-e5-base,kannada,chinese,0.598,0.6941530458454372
intfloat/multilingual-e5-base,kannada,croatian,0.909,0.9359184163019902
intfloat/multilingual-e5-base,kannada,dutch,0.822,0.8713796592894976
intfloat/multilingual-e5-base,kannada,english,0.904,0.9335802574063211
intfloat/multilingual-e5-base,kannada,french,0.675,0.7521531309841346
intfloat/multilingual-e5-base,kannada,german,0.758,0.8264008163724051
intfloat/multilingual-e5-base,kannada,gujarati,0.88,0.9150304319948506
intfloat/multilingual-e5-base,kannada,hausa,0.751,0.8262753771491127
intfloat/multilingual-e5-base,kannada,indonesian,0.739,0.7924360173646062
intfloat/multilingual-e5-base,kannada,japanese,0.702,0.7853794204251746
intfloat/multilingual-e5-base,kannada,khmer,0.857,0.8941712675465655
intfloat/multilingual-e5-base,kannada,kurdish,0.761,0.8249355477984931
intfloat/multilingual-e5-base,kannada,kyrgyz,0.856,0.8981096686938501
intfloat/multilingual-e5-base,kannada,lingala,0.729,0.8037658258693877
intfloat/multilingual-e5-base,kannada,lithuanian,0.644,0.7378140121499444
intfloat/multilingual-e5-base,kannada,macedonian,0.762,0.8308817194010201
intfloat/multilingual-e5-base,kannada,malayalam,0.955,0.9716921624127507
intfloat/multilingual-e5-base,kannada,moore,0.453,0.5577994015572695
intfloat/multilingual-e5-base,kannada,oromo,0.701,0.775382175913667
intfloat/multilingual-e5-base,kannada,pashto,0.793,0.8493587734981852
intfloat/multilingual-e5-base,kannada,persian,0.89,0.9285620650718461
intfloat/multilingual-e5-base,kannada,portuguese,0.605,0.7047896142155282
intfloat/multilingual-e5-base,kannada,romanian,0.714,0.7915552183692057
intfloat/multilingual-e5-base,kannada,serbian,0.778,0.8343547152745583
intfloat/multilingual-e5-base,kannada,spanish,0.784,0.8434124387326972
intfloat/multilingual-e5-base,kannada,tagalog,0.887,0.9224820051159903
intfloat/multilingual-e5-base,kannada,tajik,0.85,0.895250451891717
intfloat/multilingual-e5-base,kannada,tamil,0.927,0.9530949730931066
intfloat/multilingual-e5-base,kannada,turkish,0.721,0.7993896984543383
intfloat/multilingual-e5-base,kannada,urdu,0.944,0.9653200138941518
intfloat/multilingual-e5-base,kannada,uyghur,0.857,0.896362830407204
intfloat/multilingual-e5-base,kannada,uzbek,0.717,0.780815345003727
intfloat/multilingual-e5-base,kannada,vietnamese,0.73,0.8023072215519235
intfloat/multilingual-e5-base,kannada,yoruba,0.498,0.5992104428837642
intfloat/multilingual-e5-base,khmer,albanian,0.799,0.8576582710875228
intfloat/multilingual-e5-base,khmer,asante,0.412,0.5316761339135495
intfloat/multilingual-e5-base,khmer,assamese,0.763,0.8319903860215944
intfloat/multilingual-e5-base,khmer,azeri,0.855,0.8954212239729468
intfloat/multilingual-e5-base,khmer,bosnian-mihanovich,0.831,0.8780957358563098
intfloat/multilingual-e5-base,khmer,bosnian-rwwad,0.804,0.8605466125500641
intfloat/multilingual-e5-base,khmer,chinese,0.424,0.5285883281242731
intfloat/multilingual-e5-base,khmer,croatian,0.794,0.8547138235250411
intfloat/multilingual-e5-base,khmer,dutch,0.637,0.7172405736343381
intfloat/multilingual-e5-base,khmer,english,0.551,0.6636258502736361
intfloat/multilingual-e5-base,khmer,french,0.371,0.48109105205658037
intfloat/multilingual-e5-base,khmer,german,0.554,0.6567579715691998
intfloat/multilingual-e5-base,khmer,gujarati,0.774,0.8444545138712718
intfloat/multilingual-e5-base,khmer,hausa,0.559,0.6647425651661049
intfloat/multilingual-e5-base,khmer,indonesian,0.668,0.7304443048963178
intfloat/multilingual-e5-base,khmer,japanese,0.471,0.5967237439459577
intfloat/multilingual-e5-base,khmer,kannada,0.848,0.8881794655170028
intfloat/multilingual-e5-base,khmer,kurdish,0.703,0.7798537935721827
intfloat/multilingual-e5-base,khmer,kyrgyz,0.758,0.8198071057158848
intfloat/multilingual-e5-base,khmer,lingala,0.527,0.634315781042662
intfloat/multilingual-e5-base,khmer,lithuanian,0.463,0.5758725526753483
intfloat/multilingual-e5-base,khmer,macedonian,0.609,0.689660523190742
intfloat/multilingual-e5-base,khmer,malayalam,0.833,0.8838303262760753
intfloat/multilingual-e5-base,khmer,moore,0.256,0.3463961094772914
intfloat/multilingual-e5-base,khmer,oromo,0.517,0.6162032926206855
intfloat/multilingual-e5-base,khmer,pashto,0.678,0.7447521930789558
intfloat/multilingual-e5-base,khmer,persian,0.786,0.8478593510155317
intfloat/multilingual-e5-base,khmer,portuguese,0.279,0.37942914947590917
intfloat/multilingual-e5-base,khmer,romanian,0.554,0.6564738955400921
intfloat/multilingual-e5-base,khmer,serbian,0.635,0.7040880021974456
intfloat/multilingual-e5-base,khmer,spanish,0.527,0.6326171563546377
intfloat/multilingual-e5-base,khmer,tagalog,0.802,0.8573194196185016
intfloat/multilingual-e5-base,khmer,tajik,0.767,0.8347149862639421
intfloat/multilingual-e5-base,khmer,tamil,0.854,0.9023949373799212
intfloat/multilingual-e5-base,khmer,turkish,0.491,0.5948552700116714
intfloat/multilingual-e5-base,khmer,urdu,0.808,0.8664070243409685
intfloat/multilingual-e5-base,khmer,uyghur,0.732,0.8014909438189305
intfloat/multilingual-e5-base,khmer,uzbek,0.649,0.7255451503731513
intfloat/multilingual-e5-base,khmer,vietnamese,0.605,0.7036421346357051
intfloat/multilingual-e5-base,khmer,yoruba,0.391,0.5082154592145907
intfloat/multilingual-e5-base,kurdish,albanian,0.675,0.7496006821858536
intfloat/multilingual-e5-base,kurdish,asante,0.454,0.5583349069219954
intfloat/multilingual-e5-base,kurdish,assamese,0.673,0.7596407744992664
intfloat/multilingual-e5-base,kurdish,azeri,0.783,0.8391247380226762
intfloat/multilingual-e5-base,kurdish,bosnian-mihanovich,0.793,0.8452680574281795
intfloat/multilingual-e5-base,kurdish,bosnian-rwwad,0.726,0.7940585114056902
intfloat/multilingual-e5-base,kurdish,chinese,0.232,0.3375881265026311
intfloat/multilingual-e5-base,kurdish,croatian,0.727,0.7963075826304881
intfloat/multilingual-e5-base,kurdish,dutch,0.437,0.5336254706617227
intfloat/multilingual-e5-base,kurdish,english,0.612,0.6997960783330659
intfloat/multilingual-e5-base,kurdish,french,0.433,0.5421180588742267
intfloat/multilingual-e5-base,kurdish,german,0.367,0.48149241472882304
intfloat/multilingual-e5-base,kurdish,gujarati,0.734,0.8035062519659288
intfloat/multilingual-e5-base,kurdish,hausa,0.571,0.6662470717317669
intfloat/multilingual-e5-base,kurdish,indonesian,0.419,0.4981717335567968
intfloat/multilingual-e5-base,kurdish,japanese,0.286,0.4075060380015018
intfloat/multilingual-e5-base,kurdish,kannada,0.717,0.7874912839386506
intfloat/multilingual-e5-base,kurdish,khmer,0.626,0.7041777176058391
intfloat/multilingual-e5-base,kurdish,kyrgyz,0.636,0.7142385291331127
intfloat/multilingual-e5-base,kurdish,lingala,0.543,0.6403657555881364
intfloat/multilingual-e5-base,kurdish,lithuanian,0.315,0.42289428090253683
intfloat/multilingual-e5-base,kurdish,macedonian,0.394,0.5008075985596228
intfloat/multilingual-e5-base,kurdish,malayalam,0.782,0.8427055626949602
intfloat/multilingual-e5-base,kurdish,moore,0.309,0.40980554843731604
intfloat/multilingual-e5-base,kurdish,oromo,0.47,0.5596903153834888
intfloat/multilingual-e5-base,kurdish,pashto,0.689,0.7665251331596405
intfloat/multilingual-e5-base,kurdish,persian,0.725,0.7975317116646138
intfloat/multilingual-e5-base,kurdish,portuguese,0.3,0.41455617834606895
intfloat/multilingual-e5-base,kurdish,romanian,0.379,0.49420664663700187
intfloat/multilingual-e5-base,kurdish,serbian,0.492,0.5675793878203115
intfloat/multilingual-e5-base,kurdish,spanish,0.442,0.5594353123488781
intfloat/multilingual-e5-base,kurdish,tagalog,0.717,0.7867579721489267
intfloat/multilingual-e5-base,kurdish,tajik,0.791,0.8458091006267555
intfloat/multilingual-e5-base,kurdish,tamil,0.772,0.8346656484387694
intfloat/multilingual-e5-base,kurdish,turkish,0.288,0.3910737541872651
intfloat/multilingual-e5-base,kurdish,urdu,0.742,0.81587653129052
intfloat/multilingual-e5-base,kurdish,uyghur,0.704,0.7676344415954011
intfloat/multilingual-e5-base,kurdish,uzbek,0.551,0.6406917025051208
intfloat/multilingual-e5-base,kurdish,vietnamese,0.426,0.5361575260685543
intfloat/multilingual-e5-base,kurdish,yoruba,0.374,0.4819544367036231
intfloat/multilingual-e5-base,kyrgyz,albanian,0.857,0.8977173802935116
intfloat/multilingual-e5-base,kyrgyz,asante,0.52,0.6221199483313273
intfloat/multilingual-e5-base,kyrgyz,assamese,0.8,0.8605339421274423
intfloat/multilingual-e5-base,kyrgyz,azeri,0.91,0.9391991597312136
intfloat/multilingual-e5-base,kyrgyz,bosnian-mihanovich,0.855,0.8950458202465775
intfloat/multilingual-e5-base,kyrgyz,bosnian-rwwad,0.857,0.895985088982127
intfloat/multilingual-e5-base,kyrgyz,chinese,0.461,0.5654829467385848
intfloat/multilingual-e5-base,kyrgyz,croatian,0.856,0.8956660757279249
intfloat/multilingual-e5-base,kyrgyz,dutch,0.724,0.7983939215796001
intfloat/multilingual-e5-base,kyrgyz,english,0.773,0.8323833326008198
intfloat/multilingual-e5-base,kyrgyz,french,0.597,0.6872647647085982
intfloat/multilingual-e5-base,kyrgyz,german,0.645,0.7369061224393192
intfloat/multilingual-e5-base,kyrgyz,gujarati,0.822,0.8738811264618999
intfloat/multilingual-e5-base,kyrgyz,hausa,0.672,0.755308114760099
intfloat/multilingual-e5-base,kyrgyz,indonesian,0.618,0.6782281917702624
intfloat/multilingual-e5-base,kyrgyz,japanese,0.58,0.6869726929758921
intfloat/multilingual-e5-base,kyrgyz,kannada,0.843,0.8891271248942523
intfloat/multilingual-e5-base,kyrgyz,khmer,0.783,0.8421592729542251
intfloat/multilingual-e5-base,kyrgyz,kurdish,0.721,0.79360664049124
intfloat/multilingual-e5-base,kyrgyz,lingala,0.618,0.6929808164912952
intfloat/multilingual-e5-base,kyrgyz,lithuanian,0.576,0.67225589145751
intfloat/multilingual-e5-base,kyrgyz,macedonian,0.679,0.759359387361777
intfloat/multilingual-e5-base,kyrgyz,malayalam,0.854,0.9040108200609874
intfloat/multilingual-e5-base,kyrgyz,moore,0.322,0.4133552658771344
intfloat/multilingual-e5-base,kyrgyz,oromo,0.567,0.6468564252078702
intfloat/multilingual-e5-base,kyrgyz,pashto,0.719,0.784600075685367
intfloat/multilingual-e5-base,kyrgyz,persian,0.881,0.9148458300779071
intfloat/multilingual-e5-base,kyrgyz,portuguese,0.388,0.5027087206845926
intfloat/multilingual-e5-base,kyrgyz,romanian,0.661,0.7455878113230143
intfloat/multilingual-e5-base,kyrgyz,serbian,0.721,0.7866042760747951
intfloat/multilingual-e5-base,kyrgyz,spanish,0.671,0.7535431660398406
intfloat/multilingual-e5-base,kyrgyz,tagalog,0.827,0.8749610890347527
intfloat/multilingual-e5-base,kyrgyz,tajik,0.833,0.879518702647468
intfloat/multilingual-e5-base,kyrgyz,tamil,0.877,0.9157816373612787
intfloat/multilingual-e5-base,kyrgyz,turkish,0.643,0.7298707326846847
intfloat/multilingual-e5-base,kyrgyz,urdu,0.864,0.9069838773218974
intfloat/multilingual-e5-base,kyrgyz,uyghur,0.862,0.8993890382120806
intfloat/multilingual-e5-base,kyrgyz,uzbek,0.727,0.7882834678586379
intfloat/multilingual-e5-base,kyrgyz,vietnamese,0.666,0.7494632197131456
intfloat/multilingual-e5-base,kyrgyz,yoruba,0.454,0.5597099376928525
intfloat/multilingual-e5-base,lingala,albanian,0.674,0.7484195860436177
intfloat/multilingual-e5-base,lingala,asante,0.464,0.5667325958614505
intfloat/multilingual-e5-base,lingala,assamese,0.663,0.7445702202912877
intfloat/multilingual-e5-base,lingala,azeri,0.734,0.8038913712790081
intfloat/multilingual-e5-base,lingala,bosnian-mihanovich,0.731,0.7980324919665215
intfloat/multilingual-e5-base,lingala,bosnian-rwwad,0.693,0.7672201014776046
intfloat/multilingual-e5-base,lingala,chinese,0.189,0.2856534252659802
intfloat/multilingual-e5-base,lingala,croatian,0.66,0.744141878411468
intfloat/multilingual-e5-base,lingala,dutch,0.418,0.5303475871639889
intfloat/multilingual-e5-base,lingala,english,0.44,0.5482132885380094
intfloat/multilingual-e5-base,lingala,french,0.383,0.49309970228954886
intfloat/multilingual-e5-base,lingala,german,0.364,0.4766734524067814
intfloat/multilingual-e5-base,lingala,gujarati,0.554,0.6470625620116791
intfloat/multilingual-e5-base,lingala,hausa,0.582,0.6787165081999306
intfloat/multilingual-e5-base,lingala,indonesian,0.465,0.5461106980630672
intfloat/multilingual-e5-base,lingala,japanese,0.182,0.2828433483456059
intfloat/multilingual-e5-base,lingala,kannada,0.629,0.7126161574391285
intfloat/multilingual-e5-base,lingala,khmer,0.552,0.644478972297913
intfloat/multilingual-e5-base,lingala,kurdish,0.578,0.6687451642560653
intfloat/multilingual-e5-base,lingala,kyrgyz,0.581,0.665570188901423
intfloat/multilingual-e5-base,lingala,lithuanian,0.328,0.4304335024150709
intfloat/multilingual-e5-base,lingala,macedonian,0.368,0.48308143260696385
intfloat/multilingual-e5-base,lingala,malayalam,0.728,0.79233346731998
intfloat/multilingual-e5-base,lingala,moore,0.4,0.5030523248341481
intfloat/multilingual-e5-base,lingala,oromo,0.384,0.49258604704251285
intfloat/multilingual-e5-base,lingala,pashto,0.604,0.6898058773244418
intfloat/multilingual-e5-base,lingala,persian,0.637,0.7165314307743835
intfloat/multilingual-e5-base,lingala,portuguese,0.216,0.3297085412268865
intfloat/multilingual-e5-base,lingala,romanian,0.318,0.436313670107046
intfloat/multilingual-e5-base,lingala,serbian,0.507,0.5915811125632743
intfloat/multilingual-e5-base,lingala,spanish,0.281,0.4033643269046878
intfloat/multilingual-e5-base,lingala,tagalog,0.645,0.7243213530476194
intfloat/multilingual-e5-base,lingala,tajik,0.628,0.7205184212733261
intfloat/multilingual-e5-base,lingala,tamil,0.72,0.7882261204661775
intfloat/multilingual-e5-base,lingala,turkish,0.308,0.4222111266942704
intfloat/multilingual-e5-base,lingala,urdu,0.734,0.8083423293295452
intfloat/multilingual-e5-base,lingala,uyghur,0.589,0.6792659068383723
intfloat/multilingual-e5-base,lingala,uzbek,0.461,0.5519336692690311
intfloat/multilingual-e5-base,lingala,vietnamese,0.256,0.3578457977231588
intfloat/multilingual-e5-base,lingala,yoruba,0.362,0.46178397979506963
intfloat/multilingual-e5-base,lithuanian,albanian,0.694,0.7613348709513684
intfloat/multilingual-e5-base,lithuanian,asante,0.465,0.5688942149875206
intfloat/multilingual-e5-base,lithuanian,assamese,0.746,0.8148728003183662
intfloat/multilingual-e5-base,lithuanian,azeri,0.758,0.821769526175085
intfloat/multilingual-e5-base,lithuanian,bosnian-mihanovich,0.669,0.7521117760460378
intfloat/multilingual-e5-base,lithuanian,bosnian-rwwad,0.666,0.742216567984849
intfloat/multilingual-e5-base,lithuanian,chinese,0.524,0.6147560658672612
intfloat/multilingual-e5-base,lithuanian,croatian,0.674,0.7465093698951778
intfloat/multilingual-e5-base,lithuanian,dutch,0.851,0.8919914120429142
intfloat/multilingual-e5-base,lithuanian,english,0.672,0.7463326831355042
intfloat/multilingual-e5-base,lithuanian,french,0.861,0.8976443098545026
intfloat/multilingual-e5-base,lithuanian,german,0.794,0.8414426816820293
intfloat/multilingual-e5-base,lithuanian,gujarati,0.859,0.9019160841556167
intfloat/multilingual-e5-base,lithuanian,hausa,0.618,0.7151289198426946
intfloat/multilingual-e5-base,lithuanian,indonesian,0.739,0.7986133574734025
intfloat/multilingual-e5-base,lithuanian,japanese,0.601,0.693335227412779
intfloat/multilingual-e5-base,lithuanian,kannada,0.75,0.8086972121097893
intfloat/multilingual-e5-base,lithuanian,khmer,0.699,0.7743722035400807
intfloat/multilingual-e5-base,lithuanian,kurdish,0.6,0.6846968002228129
intfloat/multilingual-e5-base,lithuanian,kyrgyz,0.687,0.7587800786516029
intfloat/multilingual-e5-base,lithuanian,lingala,0.5,0.5979895063592177
intfloat/multilingual-e5-base,lithuanian,macedonian,0.949,0.9640714594250778
intfloat/multilingual-e5-base,lithuanian,malayalam,0.762,0.8246356460179366
intfloat/multilingual-e5-base,lithuanian,moore,0.235,0.3388888671326904
intfloat/multilingual-e5-base,lithuanian,oromo,0.414,0.5198421434738075
intfloat/multilingual-e5-base,lithuanian,pashto,0.624,0.6979608474687505
intfloat/multilingual-e5-base,lithuanian,persian,0.803,0.8624610267865269
intfloat/multilingual-e5-base,lithuanian,portuguese,0.584,0.6656931751815186
intfloat/multilingual-e5-base,lithuanian,romanian,0.76,0.8198262623002724
intfloat/multilingual-e5-base,lithuanian,serbian,0.765,0.8207868003335524
intfloat/multilingual-e5-base,lithuanian,spanish,0.713,0.7731085635749197
intfloat/multilingual-e5-base,lithuanian,tagalog,0.695,0.7642449946073537
intfloat/multilingual-e5-base,lithuanian,tajik,0.67,0.7496383528059846
intfloat/multilingual-e5-base,lithuanian,tamil,0.78,0.8372389984049363
intfloat/multilingual-e5-base,lithuanian,turkish,0.728,0.7959068989620605
intfloat/multilingual-e5-base,lithuanian,urdu,0.776,0.8378777870382702
intfloat/multilingual-e5-base,lithuanian,uyghur,0.858,0.8951040844261168
intfloat/multilingual-e5-base,lithuanian,uzbek,0.543,0.628922611750957
intfloat/multilingual-e5-base,lithuanian,vietnamese,0.648,0.7251177963844674
intfloat/multilingual-e5-base,lithuanian,yoruba,0.386,0.49809226197541284
intfloat/multilingual-e5-base,macedonian,albanian,0.876,0.9098061556502315
intfloat/multilingual-e5-base,macedonian,asante,0.507,0.6185310968574441
intfloat/multilingual-e5-base,macedonian,assamese,0.809,0.8624697709317445
intfloat/multilingual-e5-base,macedonian,azeri,0.895,0.9277964081561226
intfloat/multilingual-e5-base,macedonian,bosnian-mihanovich,0.967,0.9793099807210334
intfloat/multilingual-e5-base,macedonian,bosnian-rwwad,0.965,0.9771731128245541
intfloat/multilingual-e5-base,macedonian,chinese,0.651,0.7260805706763744
intfloat/multilingual-e5-base,macedonian,croatian,0.96,0.9732564967994178
intfloat/multilingual-e5-base,macedonian,dutch,0.853,0.8973879803683793
intfloat/multilingual-e5-base,macedonian,english,0.754,0.817877186049278
intfloat/multilingual-e5-base,macedonian,french,0.905,0.9337377876007672
intfloat/multilingual-e5-base,macedonian,german,0.84,0.884126368152582
intfloat/multilingual-e5-base,macedonian,gujarati,0.928,0.9512960331696879
intfloat/multilingual-e5-base,macedonian,hausa,0.679,0.7667809671040235
intfloat/multilingual-e5-base,macedonian,indonesian,0.779,0.830052954607647
intfloat/multilingual-e5-base,macedonian,japanese,0.655,0.7414523516397554
intfloat/multilingual-e5-base,macedonian,kannada,0.853,0.8923066647371167
intfloat/multilingual-e5-base,macedonian,khmer,0.783,0.8392268734846005
intfloat/multilingual-e5-base,macedonian,kurdish,0.661,0.7465522994765095
intfloat/multilingual-e5-base,macedonian,kyrgyz,0.787,0.8488422769151824
intfloat/multilingual-e5-base,macedonian,lingala,0.579,0.6793082114138252
intfloat/multilingual-e5-base,macedonian,lithuanian,0.934,0.9524735273382764
intfloat/multilingual-e5-base,macedonian,malayalam,0.86,0.9028705174540336
intfloat/multilingual-e5-base,macedonian,moore,0.258,0.3733903954849674
intfloat/multilingual-e5-base,macedonian,oromo,0.498,0.5973663147541106
intfloat/multilingual-e5-base,macedonian,pashto,0.716,0.780134150372369
intfloat/multilingual-e5-base,macedonian,persian,0.882,0.9206191309834904
intfloat/multilingual-e5-base,macedonian,portuguese,0.56,0.6551984477840694
intfloat/multilingual-e5-base,macedonian,romanian,0.811,0.8629842701851766
intfloat/multilingual-e5-base,macedonian,serbian,0.954,0.968652003834901
intfloat/multilingual-e5-base,macedonian,spanish,0.741,0.8067889623901668
intfloat/multilingual-e5-base,macedonian,tagalog,0.787,0.8441925132762532
intfloat/multilingual-e5-base,macedonian,tajik,0.769,0.8353360687803547
intfloat/multilingual-e5-base,macedonian,tamil,0.867,0.9084233184305142
intfloat/multilingual-e5-base,macedonian,turkish,0.785,0.8473842153298805
intfloat/multilingual-e5-base,macedonian,urdu,0.895,0.9274537304856056
intfloat/multilingual-e5-base,macedonian,uyghur,0.922,0.9448442913744031
intfloat/multilingual-e5-base,macedonian,uzbek,0.647,0.7188242077061291
intfloat/multilingual-e5-base,macedonian,vietnamese,0.721,0.7855374668127277
intfloat/multilingual-e5-base,macedonian,yoruba,0.368,0.4872283591908167
intfloat/multilingual-e5-base,malayalam,albanian,0.904,0.9393739111352574
intfloat/multilingual-e5-base,malayalam,asante,0.589,0.6828155029630808
intfloat/multilingual-e5-base,malayalam,assamese,0.889,0.924848673448626
intfloat/multilingual-e5-base,malayalam,azeri,0.922,0.9478537493148833
intfloat/multilingual-e5-base,malayalam,bosnian-mihanovich,0.92,0.9463213232421152
intfloat/multilingual-e5-base,malayalam,bosnian-rwwad,0.904,0.934186269612912
intfloat/multilingual-e5-base,malayalam,chinese,0.512,0.6143797795141576
intfloat/multilingual-e5-base,malayalam,croatian,0.904,0.9349218435464581
intfloat/multilingual-e5-base,malayalam,dutch,0.777,0.839823447573724
intfloat/multilingual-e5-base,malayalam,english,0.885,0.922969747567008
intfloat/multilingual-e5-base,malayalam,french,0.638,0.7206461779939776
intfloat/multilingual-e5-base,malayalam,german,0.743,0.8144650663173221
intfloat/multilingual-e5-base,malayalam,gujarati,0.721,0.7856913497450901
intfloat/multilingual-e5-base,malayalam,hausa,0.809,0.8593736631858383
intfloat/multilingual-e5-base,malayalam,indonesian,0.722,0.7893113462958905
intfloat/multilingual-e5-base,malayalam,japanese,0.615,0.7153397143182485
intfloat/multilingual-e5-base,malayalam,kannada,0.881,0.915048576072963
intfloat/multilingual-e5-base,malayalam,khmer,0.8,0.8570959424226189
intfloat/multilingual-e5-base,malayalam,kurdish,0.734,0.8046993289593174
intfloat/multilingual-e5-base,malayalam,kyrgyz,0.815,0.8692655881132365
intfloat/multilingual-e5-base,malayalam,lingala,0.705,0.7799824238151215
intfloat/multilingual-e5-base,malayalam,lithuanian,0.623,0.7178747416841134
intfloat/multilingual-e5-base,malayalam,macedonian,0.753,0.8206091246410931
intfloat/multilingual-e5-base,malayalam,moore,0.414,0.5225599706224429
intfloat/multilingual-e5-base,malayalam,oromo,0.608,0.6939802260553154
intfloat/multilingual-e5-base,malayalam,pashto,0.761,0.817977341216295
intfloat/multilingual-e5-base,malayalam,persian,0.894,0.9266090354298457
intfloat/multilingual-e5-base,malayalam,portuguese,0.611,0.7117495793432336
intfloat/multilingual-e5-base,malayalam,romanian,0.695,0.7730256227392538
intfloat/multilingual-e5-base,malayalam,serbian,0.757,0.8165058352852678
intfloat/multilingual-e5-base,malayalam,spanish,0.735,0.8121590352650876
intfloat/multilingual-e5-base,malayalam,tagalog,0.873,0.9150316788444663
intfloat/multilingual-e5-base,malayalam,tajik,0.849,0.8940210102198908
intfloat/multilingual-e5-base,malayalam,tamil,0.932,0.9538716496105522
intfloat/multilingual-e5-base,malayalam,turkish,0.693,0.7775914736477787
intfloat/multilingual-e5-base,malayalam,urdu,0.934,0.956944716574007
intfloat/multilingual-e5-base,malayalam,uyghur,0.832,0.8766698319660837
intfloat/multilingual-e5-base,malayalam,uzbek,0.675,0.7454265682081173
intfloat/multilingual-e5-base,malayalam,vietnamese,0.651,0.7415193544791753
intfloat/multilingual-e5-base,malayalam,yoruba,0.51,0.6128784175646887
intfloat/multilingual-e5-base,moore,albanian,0.344,0.44265224401355147
intfloat/multilingual-e5-base,moore,asante,0.289,0.3983777208516608
intfloat/multilingual-e5-base,moore,assamese,0.338,0.4543946776708522
intfloat/multilingual-e5-base,moore,azeri,0.4,0.5083706436985431
intfloat/multilingual-e5-base,moore,bosnian-mihanovich,0.41,0.5183810647953869
intfloat/multilingual-e5-base,moore,bosnian-rwwad,0.381,0.48701811753995206
intfloat/multilingual-e5-base,moore,chinese,0.053,0.10325358467832518
intfloat/multilingual-e5-base,moore,croatian,0.365,0.47212177282490697
intfloat/multilingual-e5-base,moore,dutch,0.16,0.23766335170122535
intfloat/multilingual-e5-base,moore,english,0.114,0.20009119640744102
intfloat/multilingual-e5-base,moore,french,0.07,0.14390802226905702
intfloat/multilingual-e5-base,moore,german,0.127,0.20587696492593213
intfloat/multilingual-e5-base,moore,gujarati,0.309,0.40897812850052834
intfloat/multilingual-e5-base,moore,hausa,0.225,0.33912777682546236
intfloat/multilingual-e5-base,moore,indonesian,0.211,0.28147041291582825
intfloat/multilingual-e5-base,moore,japanese,0.045,0.1018674420789772
intfloat/multilingual-e5-base,moore,kannada,0.337,0.44500163063120307
intfloat/multilingual-e5-base,moore,khmer,0.239,0.3335707255758667
intfloat/multilingual-e5-base,moore,kurdish,0.288,0.39183268896700996
intfloat/multilingual-e5-base,moore,kyrgyz,0.302,0.3965230440210414
intfloat/multilingual-e5-base,moore,lingala,0.346,0.4575887159733624
intfloat/multilingual-e5-base,moore,lithuanian,0.091,0.16575189153418543
intfloat/multilingual-e5-base,moore,macedonian,0.13,0.20116108021376256
intfloat/multilingual-e5-base,moore,malayalam,0.377,0.4947310120312694
intfloat/multilingual-e5-base,moore,oromo,0.283,0.39283479464438176
intfloat/multilingual-e5-base,moore,pashto,0.331,0.4371312373791596
intfloat/multilingual-e5-base,moore,persian,0.234,0.334112618607546
intfloat/multilingual-e5-base,moore,portuguese,0.053,0.11966356047361072
intfloat/multilingual-e5-base,moore,romanian,0.084,0.16721299191051373
intfloat/multilingual-e5-base,moore,serbian,0.191,0.27699244689177627
intfloat/multilingual-e5-base,moore,spanish,0.067,0.14992727542756695
intfloat/multilingual-e5-base,moore,tagalog,0.361,0.4741491402490045
intfloat/multilingual-e5-base,moore,tajik,0.338,0.4469087437094764
intfloat/multilingual-e5-base,moore,tamil,0.403,0.5094098223596473
intfloat/multilingual-e5-base,moore,turkish,0.085,0.15219793469744666
intfloat/multilingual-e5-base,moore,urdu,0.385,0.4909776678036306
intfloat/multilingual-e5-base,moore,uyghur,0.302,0.4007102009939167
intfloat/multilingual-e5-base,moore,uzbek,0.23,0.32717244597276735
intfloat/multilingual-e5-base,moore,vietnamese,0.075,0.14410714529959143
intfloat/multilingual-e5-base,moore,yoruba,0.241,0.34413415486970167
intfloat/multilingual-e5-base,oromo,albanian,0.631,0.7138413421408397
intfloat/multilingual-e5-base,oromo,asante,0.48,0.5785553684696203
intfloat/multilingual-e5-base,oromo,assamese,0.605,0.6960704282016131
intfloat/multilingual-e5-base,oromo,azeri,0.709,0.780776992027757
intfloat/multilingual-e5-base,oromo,bosnian-mihanovich,0.662,0.7436472773536608
intfloat/multilingual-e5-base,oromo,bosnian-rwwad,0.641,0.7238271520026165
intfloat/multilingual-e5-base,oromo,chinese,0.211,0.30826410633354895
intfloat/multilingual-e5-base,oromo,croatian,0.633,0.7177265638606145
intfloat/multilingual-e5-base,oromo,dutch,0.428,0.5399552337920208
intfloat/multilingual-e5-base,oromo,english,0.407,0.49495978419285536
intfloat/multilingual-e5-base,oromo,french,0.338,0.42605448717138167
intfloat/multilingual-e5-base,oromo,german,0.342,0.4574720676099218
intfloat/multilingual-e5-base,oromo,gujarati,0.569,0.6554462436591055
intfloat/multilingual-e5-base,oromo,hausa,0.599,0.6829572477868137
intfloat/multilingual-e5-base,oromo,indonesian,0.449,0.5327210341155023
intfloat/multilingual-e5-base,oromo,japanese,0.211,0.31669867328563744
intfloat/multilingual-e5-base,oromo,kannada,0.695,0.766564732856661
intfloat/multilingual-e5-base,oromo,khmer,0.521,0.6205008473796306
intfloat/multilingual-e5-base,oromo,kurdish,0.547,0.6359220265879619
intfloat/multilingual-e5-base,oromo,kyrgyz,0.575,0.6612080881541266
intfloat/multilingual-e5-base,oromo,lingala,0.533,0.6225544383378401
intfloat/multilingual-e5-base,oromo,lithuanian,0.295,0.40663318592042447
intfloat/multilingual-e5-base,oromo,macedonian,0.368,0.476290046409582
intfloat/multilingual-e5-base,oromo,malayalam,0.706,0.7795215494251673
intfloat/multilingual-e5-base,oromo,moore,0.36,0.4753617955167827
intfloat/multilingual-e5-base,oromo,pashto,0.61,0.6945857282897089
intfloat/multilingual-e5-base,oromo,persian,0.599,0.6889106185477801
intfloat/multilingual-e5-base,oromo,portuguese,0.216,0.329425333523615
intfloat/multilingual-e5-base,oromo,romanian,0.36,0.46733620169435275
intfloat/multilingual-e5-base,oromo,serbian,0.461,0.5670434525457313
intfloat/multilingual-e5-base,oromo,spanish,0.283,0.4023551432312423
intfloat/multilingual-e5-base,oromo,tagalog,0.658,0.7380466823064384
intfloat/multilingual-e5-base,oromo,tajik,0.601,0.690724613401175
intfloat/multilingual-e5-base,oromo,tamil,0.706,0.7815115190031201
intfloat/multilingual-e5-base,oromo,turkish,0.332,0.4432026782793608
intfloat/multilingual-e5-base,oromo,urdu,0.678,0.7598896491232094
intfloat/multilingual-e5-base,oromo,uyghur,0.593,0.6721330661476528
intfloat/multilingual-e5-base,oromo,uzbek,0.546,0.628103730403415
intfloat/multilingual-e5-base,oromo,vietnamese,0.298,0.3989842218618266
intfloat/multilingual-e5-base,oromo,yoruba,0.36,0.47001882561333186
intfloat/multilingual-e5-base,pashto,albanian,0.727,0.801285266591168
intfloat/multilingual-e5-base,pashto,asante,0.413,0.5254721406526767
intfloat/multilingual-e5-base,pashto,assamese,0.787,0.8457500347006174
intfloat/multilingual-e5-base,pashto,azeri,0.816,0.8687941333345784
intfloat/multilingual-e5-base,pashto,bosnian-mihanovich,0.803,0.8599469022029352
intfloat/multilingual-e5-base,pashto,bosnian-rwwad,0.768,0.8261282841790315
intfloat/multilingual-e5-base,pashto,chinese,0.252,0.364736190880731
intfloat/multilingual-e5-base,pashto,croatian,0.771,0.8281128951604537
intfloat/multilingual-e5-base,pashto,dutch,0.503,0.5976499519532983
intfloat/multilingual-e5-base,pashto,english,0.666,0.7436051586738774
intfloat/multilingual-e5-base,pashto,french,0.381,0.47643597854217373
intfloat/multilingual-e5-base,pashto,german,0.421,0.5314672466065652
intfloat/multilingual-e5-base,pashto,gujarati,0.705,0.7801194438525055
intfloat/multilingual-e5-base,pashto,hausa,0.626,0.7089966463037635
intfloat/multilingual-e5-base,pashto,indonesian,0.53,0.6172189359194601
intfloat/multilingual-e5-base,pashto,japanese,0.269,0.3974355265213595
intfloat/multilingual-e5-base,pashto,kannada,0.755,0.8196033689803986
intfloat/multilingual-e5-base,pashto,khmer,0.585,0.6836059907576737
intfloat/multilingual-e5-base,pashto,kurdish,0.651,0.7371938009299864
intfloat/multilingual-e5-base,pashto,kyrgyz,0.625,0.712102028282141
intfloat/multilingual-e5-base,pashto,lingala,0.585,0.6778603760098221
intfloat/multilingual-e5-base,pashto,lithuanian,0.354,0.4629595500264637
intfloat/multilingual-e5-base,pashto,macedonian,0.487,0.5894302389887605
intfloat/multilingual-e5-base,pashto,malayalam,0.811,0.8663402334494188
intfloat/multilingual-e5-base,pashto,moore,0.327,0.43498318369042654
intfloat/multilingual-e5-base,pashto,oromo,0.495,0.5971631206439029
intfloat/multilingual-e5-base,pashto,persian,0.735,0.8012225188524703
intfloat/multilingual-e5-base,pashto,portuguese,0.39,0.5093800404191661
intfloat/multilingual-e5-base,pashto,romanian,0.392,0.5034177864080265
intfloat/multilingual-e5-base,pashto,serbian,0.505,0.5939450077254568
intfloat/multilingual-e5-base,pashto,spanish,0.485,0.582742207341873
intfloat/multilingual-e5-base,pashto,tagalog,0.708,0.7834627892772326
intfloat/multilingual-e5-base,pashto,tajik,0.698,0.7769712522157888
intfloat/multilingual-e5-base,pashto,tamil,0.798,0.8521559587962784
intfloat/multilingual-e5-base,pashto,turkish,0.373,0.47617839990017785
intfloat/multilingual-e5-base,pashto,urdu,0.86,0.9023243862591543
intfloat/multilingual-e5-base,pashto,uyghur,0.687,0.7624034368351518
intfloat/multilingual-e5-base,pashto,uzbek,0.561,0.6440902035716123
intfloat/multilingual-e5-base,pashto,vietnamese,0.358,0.47023602232681905
intfloat/multilingual-e5-base,pashto,yoruba,0.386,0.4934511236977943
intfloat/multilingual-e5-base,persian,albanian,0.883,0.9196856267906689
intfloat/multilingual-e5-base,persian,asante,0.535,0.6371231235048287
intfloat/multilingual-e5-base,persian,assamese,0.865,0.9072508384884029
intfloat/multilingual-e5-base,persian,azeri,0.928,0.9513445506873505
intfloat/multilingual-e5-base,persian,bosnian-mihanovich,0.879,0.9148690351566705
intfloat/multilingual-e5-base,persian,bosnian-rwwad,0.851,0.8982527944768266
intfloat/multilingual-e5-base,persian,chinese,0.473,0.5873189691617747
intfloat/multilingual-e5-base,persian,croatian,0.852,0.8969753912047924
intfloat/multilingual-e5-base,persian,dutch,0.778,0.8342748802439481
intfloat/multilingual-e5-base,persian,english,0.855,0.8960662886962805
intfloat/multilingual-e5-base,persian,french,0.577,0.6590459509136276
intfloat/multilingual-e5-base,persian,german,0.696,0.7682538407121663
intfloat/multilingual-e5-base,persian,gujarati,0.748,0.8203719926903329
intfloat/multilingual-e5-base,persian,hausa,0.773,0.8326437016164616
intfloat/multilingual-e5-base,persian,indonesian,0.823,0.8670029819313719
intfloat/multilingual-e5-base,persian,japanese,0.626,0.7171086114668103
intfloat/multilingual-e5-base,persian,kannada,0.839,0.8872887321369348
intfloat/multilingual-e5-base,persian,khmer,0.794,0.8527865688864525
intfloat/multilingual-e5-base,persian,kurdish,0.676,0.7550174471238377
intfloat/multilingual-e5-base,persian,kyrgyz,0.807,0.8647144666566963
intfloat/multilingual-e5-base,persian,lingala,0.627,0.7139207446700903
intfloat/multilingual-e5-base,persian,lithuanian,0.623,0.7147487851978128
intfloat/multilingual-e5-base,persian,macedonian,0.754,0.8250045981175117
intfloat/multilingual-e5-base,persian,malayalam,0.874,0.908493023115818
intfloat/multilingual-e5-base,persian,moore,0.318,0.42589041569586056
intfloat/multilingual-e5-base,persian,oromo,0.568,0.6661434531640491
intfloat/multilingual-e5-base,persian,pashto,0.656,0.7278651546804737
intfloat/multilingual-e5-base,persian,portuguese,0.601,0.6951748494578078
intfloat/multilingual-e5-base,persian,romanian,0.7,0.7657887773793259
intfloat/multilingual-e5-base,persian,serbian,0.762,0.818890783883904
intfloat/multilingual-e5-base,persian,spanish,0.734,0.807360655029351
intfloat/multilingual-e5-base,persian,tagalog,0.771,0.8345388516824745
intfloat/multilingual-e5-base,persian,tajik,0.966,0.9788222222222223
intfloat/multilingual-e5-base,persian,tamil,0.894,0.9233827769347218
intfloat/multilingual-e5-base,persian,turkish,0.727,0.7923992605135004
intfloat/multilingual-e5-base,persian,urdu,0.92,0.9449171361126127
intfloat/multilingual-e5-base,persian,uyghur,0.842,0.888531461525647
intfloat/multilingual-e5-base,persian,uzbek,0.626,0.7054209581668583
intfloat/multilingual-e5-base,persian,vietnamese,0.585,0.6835800859304456
intfloat/multilingual-e5-base,persian,yoruba,0.44,0.5457689294872077
intfloat/multilingual-e5-base,portuguese,albanian,0.466,0.5391564827556243
intfloat/multilingual-e5-base,portuguese,asante,0.33,0.4498740887723765
intfloat/multilingual-e5-base,portuguese,assamese,0.623,0.7183863779281057
intfloat/multilingual-e5-base,portuguese,azeri,0.449,0.5633601964446714
intfloat/multilingual-e5-base,portuguese,bosnian-mihanovich,0.386,0.5149581224493236
intfloat/multilingual-e5-base,portuguese,bosnian-rwwad,0.369,0.46285791262188525
intfloat/multilingual-e5-base,portuguese,chinese,0.52,0.6149584014057465
intfloat/multilingual-e5-base,portuguese,croatian,0.372,0.46582641137171055
intfloat/multilingual-e5-base,portuguese,dutch,0.737,0.7944575288322171
intfloat/multilingual-e5-base,portuguese,english,0.913,0.9397383316848794
intfloat/multilingual-e5-base,portuguese,french,0.785,0.8401348102380396
intfloat/multilingual-e5-base,portuguese,german,0.74,0.7940448961129464
intfloat/multilingual-e5-base,portuguese,gujarati,0.433,0.5464293280817558
intfloat/multilingual-e5-base,portuguese,hausa,0.63,0.7143718769548995
intfloat/multilingual-e5-base,portuguese,indonesian,0.504,0.5495237799862577
intfloat/multilingual-e5-base,portuguese,japanese,0.66,0.7402293828418558
intfloat/multilingual-e5-base,portuguese,kannada,0.607,0.6973914680526955
intfloat/multilingual-e5-base,portuguese,khmer,0.321,0.45276845534888893
intfloat/multilingual-e5-base,portuguese,kurdish,0.427,0.5397682871790185
intfloat/multilingual-e5-base,portuguese,kyrgyz,0.446,0.5455981861213655
intfloat/multilingual-e5-base,portuguese,lingala,0.268,0.4112270459355875
intfloat/multilingual-e5-base,portuguese,lithuanian,0.586,0.6842029924394597
intfloat/multilingual-e5-base,portuguese,macedonian,0.666,0.7464973297690072
intfloat/multilingual-e5-base,portuguese,malayalam,0.671,0.7479512875691462
intfloat/multilingual-e5-base,portuguese,moore,0.128,0.21609246472474786
intfloat/multilingual-e5-base,portuguese,oromo,0.225,0.3546435511907706
intfloat/multilingual-e5-base,portuguese,pashto,0.457,0.5471423174059328
intfloat/multilingual-e5-base,portuguese,persian,0.608,0.6957882191705096
intfloat/multilingual-e5-base,portuguese,romanian,0.774,0.8256579463786252
intfloat/multilingual-e5-base,portuguese,serbian,0.503,0.5679380363720852
intfloat/multilingual-e5-base,portuguese,spanish,0.681,0.7419626799037037
intfloat/multilingual-e5-base,portuguese,tagalog,0.397,0.5070696220336992
intfloat/multilingual-e5-base,portuguese,tajik,0.276,0.42118224538199966
intfloat/multilingual-e5-base,portuguese,tamil,0.661,0.7308821199203448
intfloat/multilingual-e5-base,portuguese,turkish,0.639,0.7086081716160998
intfloat/multilingual-e5-base,portuguese,urdu,0.767,0.8252492611155964
intfloat/multilingual-e5-base,portuguese,uyghur,0.361,0.44772977762220745
intfloat/multilingual-e5-base,portuguese,uzbek,0.3,0.3912236917907494
intfloat/multilingual-e5-base,portuguese,vietnamese,0.472,0.5602355916112063
intfloat/multilingual-e5-base,portuguese,yoruba,0.207,0.30176817352430396
intfloat/multilingual-e5-base,romanian,albanian,0.705,0.7739941617510865
intfloat/multilingual-e5-base,romanian,asante,0.455,0.5714913080509132
intfloat/multilingual-e5-base,romanian,assamese,0.753,0.8218383690125248
intfloat/multilingual-e5-base,romanian,azeri,0.825,0.8795922922371493
intfloat/multilingual-e5-base,romanian,bosnian-mihanovich,0.711,0.7955018493376893
intfloat/multilingual-e5-base,romanian,bosnian-rwwad,0.686,0.7689699726042304
intfloat/multilingual-e5-base,romanian,chinese,0.654,0.7360858143446153
intfloat/multilingual-e5-base,romanian,croatian,0.654,0.7462060588144588
intfloat/multilingual-e5-base,romanian,dutch,0.873,0.9119953628691958
intfloat/multilingual-e5-base,romanian,english,0.899,0.9307931839887232
intfloat/multilingual-e5-base,romanian,french,0.745,0.8008221754072563
intfloat/multilingual-e5-base,romanian,german,0.857,0.8997664072491494
intfloat/multilingual-e5-base,romanian,gujarati,0.69,0.7643014998157255
intfloat/multilingual-e5-base,romanian,hausa,0.706,0.7854910381084227
intfloat/multilingual-e5-base,romanian,indonesian,0.819,0.8644194115715857
intfloat/multilingual-e5-base,romanian,japanese,0.716,0.7889365617272328
intfloat/multilingual-e5-base,romanian,kannada,0.796,0.8516932303666412
intfloat/multilingual-e5-base,romanian,khmer,0.702,0.7779069152755217
intfloat/multilingual-e5-base,romanian,kurdish,0.664,0.751110091211639
intfloat/multilingual-e5-base,romanian,kyrgyz,0.759,0.8264227718533422
intfloat/multilingual-e5-base,romanian,lingala,0.533,0.6429267541052973
intfloat/multilingual-e5-base,romanian,lithuanian,0.762,0.8282611827417379
intfloat/multilingual-e5-base,romanian,macedonian,0.861,0.9063305613190746
intfloat/multilingual-e5-base,romanian,malayalam,0.831,0.8818378445916418
intfloat/multilingual-e5-base,romanian,moore,0.181,0.3003141137919867
intfloat/multilingual-e5-base,romanian,oromo,0.458,0.5698974153410075
intfloat/multilingual-e5-base,romanian,pashto,0.603,0.6803138385786668
intfloat/multilingual-e5-base,romanian,persian,0.864,0.907492448118998
intfloat/multilingual-e5-base,romanian,portuguese,0.808,0.8605717196756595
intfloat/multilingual-e5-base,romanian,serbian,0.799,0.8473764466278537
intfloat/multilingual-e5-base,romanian,spanish,0.819,0.8712922895764093
intfloat/multilingual-e5-base,romanian,tagalog,0.751,0.8152379732079755
intfloat/multilingual-e5-base,romanian,tajik,0.726,0.804403119504112
intfloat/multilingual-e5-base,romanian,tamil,0.817,0.8651039433083393
intfloat/multilingual-e5-base,romanian,turkish,0.817,0.8708558139283495
intfloat/multilingual-e5-base,romanian,urdu,0.86,0.9001107581653053
intfloat/multilingual-e5-base,romanian,uyghur,0.716,0.7883364687471739
intfloat/multilingual-e5-base,romanian,uzbek,0.592,0.6707470027125018
intfloat/multilingual-e5-base,romanian,vietnamese,0.711,0.7800316797346781
intfloat/multilingual-e5-base,romanian,yoruba,0.379,0.48713096384153587
intfloat/multilingual-e5-base,serbian,albanian,0.876,0.9125660753112522
intfloat/multilingual-e5-base,serbian,asante,0.532,0.6336620396049623
intfloat/multilingual-e5-base,serbian,assamese,0.848,0.8943257539925773
intfloat/multilingual-e5-base,serbian,azeri,0.905,0.9356498633373291
intfloat/multilingual-e5-base,serbian,bosnian-mihanovich,0.94,0.9600084168755221
intfloat/multilingual-e5-base,serbian,bosnian-rwwad,0.96,0.9727908836332749
intfloat/multilingual-e5-base,serbian,chinese,0.549,0.6465173198109637
intfloat/multilingual-e5-base,serbian,croatian,0.962,0.9738787304800464
intfloat/multilingual-e5-base,serbian,dutch,0.838,0.8836576117696257
intfloat/multilingual-e5-base,serbian,english,0.822,0.8734593144456789
intfloat/multilingual-e5-base,serbian,french,0.666,0.7348586300512445
intfloat/multilingual-e5-base,serbian,german,0.786,0.837004154356149
intfloat/multilingual-e5-base,serbian,gujarati,0.785,0.8410035812443958
intfloat/multilingual-e5-base,serbian,hausa,0.747,0.8146458880413674
intfloat/multilingual-e5-base,serbian,indonesian,0.769,0.8153566832621255
intfloat/multilingual-e5-base,serbian,japanese,0.562,0.6627887402065714
intfloat/multilingual-e5-base,serbian,kannada,0.854,0.8942532431871524
intfloat/multilingual-e5-base,serbian,khmer,0.762,0.8267013710703123
intfloat/multilingual-e5-base,serbian,kurdish,0.668,0.7499908164781552
intfloat/multilingual-e5-base,serbian,kyrgyz,0.81,0.8617830216076474
intfloat/multilingual-e5-base,serbian,lingala,0.615,0.709009666831226
intfloat/multilingual-e5-base,serbian,lithuanian,0.704,0.7798477057497111
intfloat/multilingual-e5-base,serbian,macedonian,0.952,0.9682816802479098
intfloat/multilingual-e5-base,serbian,malayalam,0.875,0.9140799644930032
intfloat/multilingual-e5-base,serbian,moore,0.315,0.41474145735588197
intfloat/multilingual-e5-base,serbian,oromo,0.543,0.6500941313250613
intfloat/multilingual-e5-base,serbian,pashto,0.711,0.7741512284786087
intfloat/multilingual-e5-base,serbian,persian,0.896,0.9292769801217035
intfloat/multilingual-e5-base,serbian,portuguese,0.569,0.6572224208631849
intfloat/multilingual-e5-base,serbian,romanian,0.782,0.8352023196190853
intfloat/multilingual-e5-base,serbian,spanish,0.756,0.8176132228681923
intfloat/multilingual-e5-base,serbian,tagalog,0.805,0.8611804015224704
intfloat/multilingual-e5-base,serbian,tajik,0.798,0.8577553499613416
intfloat/multilingual-e5-base,serbian,tamil,0.875,0.912183737292985
intfloat/multilingual-e5-base,serbian,turkish,0.745,0.8116179529860176
intfloat/multilingual-e5-base,serbian,urdu,0.883,0.9182475304913978
intfloat/multilingual-e5-base,serbian,uyghur,0.808,0.856446003728174
intfloat/multilingual-e5-base,serbian,uzbek,0.679,0.7479186107461474
intfloat/multilingual-e5-base,serbian,vietnamese,0.687,0.7642663325228906
intfloat/multilingual-e5-base,serbian,yoruba,0.418,0.5264967172585555
intfloat/multilingual-e5-base,spanish,albanian,0.714,0.7768545744074322
intfloat/multilingual-e5-base,spanish,asante,0.461,0.5691460911051335
intfloat/multilingual-e5-base,spanish,assamese,0.781,0.8419583354206716
intfloat/multilingual-e5-base,spanish,azeri,0.797,0.8548398679521406
intfloat/multilingual-e5-base,spanish,bosnian-mihanovich,0.739,0.8128939518582213
intfloat/multilingual-e5-base,spanish,bosnian-rwwad,0.699,0.7762162224624014
intfloat/multilingual-e5-base,spanish,chinese,0.674,0.754429388532105
intfloat/multilingual-e5-base,spanish,croatian,0.687,0.7680536542340767
intfloat/multilingual-e5-base,spanish,dutch,0.817,0.86153569823347
intfloat/multilingual-e5-base,spanish,english,0.921,0.9468127504810748
intfloat/multilingual-e5-base,spanish,french,0.824,0.8694610234046097
intfloat/multilingual-e5-base,spanish,german,0.769,0.8154349695664739
intfloat/multilingual-e5-base,spanish,gujarati,0.687,0.768349774107985
intfloat/multilingual-e5-base,spanish,hausa,0.634,0.7235483938402758
intfloat/multilingual-e5-base,spanish,indonesian,0.756,0.8140096679122433
intfloat/multilingual-e5-base,spanish,japanese,0.751,0.8198213786911501
intfloat/multilingual-e5-base,spanish,kannada,0.817,0.8699422071163039
intfloat/multilingual-e5-base,spanish,khmer,0.704,0.7750434151438353
intfloat/multilingual-e5-base,spanish,kurdish,0.591,0.6797546990106288
intfloat/multilingual-e5-base,spanish,kyrgyz,0.752,0.8144186057634302
intfloat/multilingual-e5-base,spanish,lingala,0.451,0.5738621252490882
intfloat/multilingual-e5-base,spanish,lithuanian,0.731,0.8020986772714109
intfloat/multilingual-e5-base,spanish,macedonian,0.797,0.8551447855837375
intfloat/multilingual-e5-base,spanish,malayalam,0.825,0.8757697295167218
intfloat/multilingual-e5-base,spanish,moore,0.218,0.316521940102337
intfloat/multilingual-e5-base,spanish,oromo,0.398,0.504714681559997
intfloat/multilingual-e5-base,spanish,pashto,0.545,0.6284105888623157
intfloat/multilingual-e5-base,spanish,persian,0.834,0.881576558674439
intfloat/multilingual-e5-base,spanish,portuguese,0.857,0.8936180122005605
intfloat/multilingual-e5-base,spanish,romanian,0.797,0.8462638680995905
intfloat/multilingual-e5-base,spanish,serbian,0.729,0.7943908005200886
intfloat/multilingual-e5-base,spanish,tagalog,0.625,0.7103320990272224
intfloat/multilingual-e5-base,spanish,tajik,0.653,0.7459622458818493
intfloat/multilingual-e5-base,spanish,tamil,0.828,0.8731303442527817
intfloat/multilingual-e5-base,spanish,turkish,0.762,0.8223972181429238
intfloat/multilingual-e5-base,spanish,urdu,0.845,0.886676681228413
intfloat/multilingual-e5-base,spanish,uyghur,0.723,0.7918574867895812
intfloat/multilingual-e5-base,spanish,uzbek,0.508,0.5901524520018088
intfloat/multilingual-e5-base,spanish,vietnamese,0.719,0.7864883235012419
intfloat/multilingual-e5-base,spanish,yoruba,0.326,0.42618671606517533
intfloat/multilingual-e5-base,tagalog,albanian,0.85,0.8926765008656768
intfloat/multilingual-e5-base,tagalog,asante,0.612,0.6997938631913475
intfloat/multilingual-e5-base,tagalog,assamese,0.809,0.8678357477535175
intfloat/multilingual-e5-base,tagalog,azeri,0.909,0.9373699893025762
intfloat/multilingual-e5-base,tagalog,bosnian-mihanovich,0.903,0.9320792032187843
intfloat/multilingual-e5-base,tagalog,bosnian-rwwad,0.869,0.9086568524666877
intfloat/multilingual-e5-base,tagalog,chinese,0.408,0.5128591251671298
intfloat/multilingual-e5-base,tagalog,croatian,0.872,0.9096683066404078
intfloat/multilingual-e5-base,tagalog,dutch,0.705,0.7786119314605269
intfloat/multilingual-e5-base,tagalog,english,0.798,0.8504847199317709
intfloat/multilingual-e5-base,tagalog,french,0.597,0.686007440513787
intfloat/multilingual-e5-base,tagalog,german,0.622,0.7136843870279571
intfloat/multilingual-e5-base,tagalog,gujarati,0.809,0.8621397992789223
intfloat/multilingual-e5-base,tagalog,hausa,0.768,0.8351340259840947
intfloat/multilingual-e5-base,tagalog,indonesian,0.637,0.700588061092024
intfloat/multilingual-e5-base,tagalog,japanese,0.451,0.5695633734575
intfloat/multilingual-e5-base,tagalog,kannada,0.884,0.9162833173368499
intfloat/multilingual-e5-base,tagalog,khmer,0.775,0.8352119702016201
intfloat/multilingual-e5-base,tagalog,kurdish,0.76,0.8218552126886823
intfloat/multilingual-e5-base,tagalog,kyrgyz,0.792,0.8462691015496856
intfloat/multilingual-e5-base,tagalog,lingala,0.699,0.7756168913230388
intfloat/multilingual-e5-base,tagalog,lithuanian,0.549,0.6574654886496595
intfloat/multilingual-e5-base,tagalog,macedonian,0.631,0.718672674119385
intfloat/multilingual-e5-base,tagalog,malayalam,0.897,0.931722518372225
intfloat/multilingual-e5-base,tagalog,moore,0.473,0.5738656526075956
intfloat/multilingual-e5-base,tagalog,oromo,0.653,0.7282020088989279
intfloat/multilingual-e5-base,tagalog,pashto,0.787,0.8402928691727469
intfloat/multilingual-e5-base,tagalog,persian,0.821,0.8756060656468464
intfloat/multilingual-e5-base,tagalog,portuguese,0.491,0.5998486232650926
intfloat/multilingual-e5-base,tagalog,romanian,0.663,0.7465063714862366
intfloat/multilingual-e5-base,tagalog,serbian,0.677,0.7445059384082869
intfloat/multilingual-e5-base,tagalog,spanish,0.635,0.7222534881222801
intfloat/multilingual-e5-base,tagalog,tajik,0.836,0.883742810522074
intfloat/multilingual-e5-base,tagalog,tamil,0.868,0.910133462398941
intfloat/multilingual-e5-base,tagalog,turkish,0.539,0.6437627581933018
intfloat/multilingual-e5-base,tagalog,urdu,0.855,0.8986113158716836
intfloat/multilingual-e5-base,tagalog,uyghur,0.809,0.8594358152748366
intfloat/multilingual-e5-base,tagalog,uzbek,0.712,0.7813981379155114
intfloat/multilingual-e5-base,tagalog,vietnamese,0.63,0.7094679208026544
intfloat/multilingual-e5-base,tagalog,yoruba,0.519,0.6245690710999489
intfloat/multilingual-e5-base,tajik,albanian,0.799,0.853817806882491
intfloat/multilingual-e5-base,tajik,asante,0.514,0.6103881109309282
intfloat/multilingual-e5-base,tajik,assamese,0.782,0.8442267585152795
intfloat/multilingual-e5-base,tajik,azeri,0.869,0.9055036925822826
intfloat/multilingual-e5-base,tajik,bosnian-mihanovich,0.843,0.8846100035208969
intfloat/multilingual-e5-base,tajik,bosnian-rwwad,0.824,0.8698853565590731
intfloat/multilingual-e5-base,tajik,chinese,0.258,0.3658508947299316
intfloat/multilingual-e5-base,tajik,croatian,0.821,0.8685714613608521
intfloat/multilingual-e5-base,tajik,dutch,0.57,0.6511993320892953
intfloat/multilingual-e5-base,tajik,english,0.718,0.7917843704666582
intfloat/multilingual-e5-base,tajik,french,0.5,0.6012964243179122
intfloat/multilingual-e5-base,tajik,german,0.499,0.5989200508285429
intfloat/multilingual-e5-base,tajik,gujarati,0.787,0.8428762973830524
intfloat/multilingual-e5-base,tajik,hausa,0.704,0.777304619169674
intfloat/multilingual-e5-base,tajik,indonesian,0.544,0.612221013862668
intfloat/multilingual-e5-base,tajik,japanese,0.356,0.4719720017400004
intfloat/multilingual-e5-base,tajik,kannada,0.791,0.8466510061040358
intfloat/multilingual-e5-base,tajik,khmer,0.675,0.7549421875736324
intfloat/multilingual-e5-base,tajik,kurdish,0.717,0.7928506635129122
intfloat/multilingual-e5-base,tajik,kyrgyz,0.753,0.8127564312170888
intfloat/multilingual-e5-base,tajik,lingala,0.627,0.7096235136637097
intfloat/multilingual-e5-base,tajik,lithuanian,0.438,0.5449621369640947
intfloat/multilingual-e5-base,tajik,macedonian,0.525,0.6356875505969747
intfloat/multilingual-e5-base,tajik,malayalam,0.843,0.8884567598362828
intfloat/multilingual-e5-base,tajik,moore,0.361,0.46578339859713513
intfloat/multilingual-e5-base,tajik,oromo,0.564,0.648647331413653
intfloat/multilingual-e5-base,tajik,pashto,0.693,0.7614683863869538
intfloat/multilingual-e5-base,tajik,persian,0.961,0.9746315006332841
intfloat/multilingual-e5-base,tajik,portuguese,0.37,0.48198899946043744
intfloat/multilingual-e5-base,tajik,romanian,0.524,0.6309540637819859
intfloat/multilingual-e5-base,tajik,serbian,0.591,0.6707050898579232
intfloat/multilingual-e5-base,tajik,spanish,0.566,0.6669391323965479
intfloat/multilingual-e5-base,tajik,tagalog,0.782,0.83995300631075
intfloat/multilingual-e5-base,tajik,tamil,0.839,0.8853089219179244
intfloat/multilingual-e5-base,tajik,turkish,0.431,0.5299377660520498
intfloat/multilingual-e5-base,tajik,urdu,0.845,0.8831820969858308
intfloat/multilingual-e5-base,tajik,uyghur,0.807,0.8555614271951557
intfloat/multilingual-e5-base,tajik,uzbek,0.684,0.7509821900901004
intfloat/multilingual-e5-base,tajik,vietnamese,0.474,0.579688115611454
intfloat/multilingual-e5-base,tajik,yoruba,0.448,0.5538742429425998
intfloat/multilingual-e5-base,tamil,albanian,0.873,0.9145862741479075
intfloat/multilingual-e5-base,tamil,asante,0.571,0.6692724905828762
intfloat/multilingual-e5-base,tamil,assamese,0.87,0.90833510008101
intfloat/multilingual-e5-base,tamil,azeri,0.922,0.9492987361200621
intfloat/multilingual-e5-base,tamil,bosnian-mihanovich,0.883,0.9218233774505148
intfloat/multilingual-e5-base,tamil,bosnian-rwwad,0.866,0.9072436164410024
intfloat/multilingual-e5-base,tamil,chinese,0.496,0.6092279814609454
intfloat/multilingual-e5-base,tamil,croatian,0.869,0.9100074669120111
intfloat/multilingual-e5-base,tamil,dutch,0.784,0.8414241714447198
intfloat/multilingual-e5-base,tamil,english,0.893,0.9275923782250959
intfloat/multilingual-e5-base,tamil,french,0.637,0.7170732763026828
intfloat/multilingual-e5-base,tamil,german,0.716,0.7873388330396635
intfloat/multilingual-e5-base,tamil,gujarati,0.713,0.7786921374538186
intfloat/multilingual-e5-base,tamil,hausa,0.801,0.8558352911020877
intfloat/multilingual-e5-base,tamil,indonesian,0.748,0.8129702534052613
intfloat/multilingual-e5-base,tamil,japanese,0.621,0.7211508828615072
intfloat/multilingual-e5-base,tamil,kannada,0.828,0.878910570858838
intfloat/multilingual-e5-base,tamil,khmer,0.793,0.8549539996148292
intfloat/multilingual-e5-base,tamil,kurdish,0.704,0.7758287159012792
intfloat/multilingual-e5-base,tamil,kyrgyz,0.814,0.8667340866802443
intfloat/multilingual-e5-base,tamil,lingala,0.7,0.7770964499838925
intfloat/multilingual-e5-base,tamil,lithuanian,0.636,0.7296633368790465
intfloat/multilingual-e5-base,tamil,macedonian,0.75,0.8191937130578315
intfloat/multilingual-e5-base,tamil,malayalam,0.909,0.9337647006863476
intfloat/multilingual-e5-base,tamil,moore,0.409,0.5079032483346566
intfloat/multilingual-e5-base,tamil,oromo,0.622,0.7137684020333164
intfloat/multilingual-e5-base,tamil,pashto,0.709,0.7744455997989785
intfloat/multilingual-e5-base,tamil,persian,0.894,0.9292152271891662
intfloat/multilingual-e5-base,tamil,portuguese,0.598,0.6975310691977853
intfloat/multilingual-e5-base,tamil,romanian,0.707,0.7813915425686103
intfloat/multilingual-e5-base,tamil,serbian,0.739,0.803055082115855
intfloat/multilingual-e5-base,tamil,spanish,0.732,0.8050322945085334
intfloat/multilingual-e5-base,tamil,tagalog,0.842,0.8883589165207755
intfloat/multilingual-e5-base,tamil,tajik,0.839,0.8863632139265007
intfloat/multilingual-e5-base,tamil,turkish,0.717,0.791555339920195
intfloat/multilingual-e5-base,tamil,urdu,0.923,0.9458677294427923
intfloat/multilingual-e5-base,tamil,uyghur,0.837,0.8825292943348388
intfloat/multilingual-e5-base,tamil,uzbek,0.665,0.7369646003195921
intfloat/multilingual-e5-base,tamil,vietnamese,0.623,0.7174288080471019
intfloat/multilingual-e5-base,tamil,yoruba,0.497,0.6009865397112952
intfloat/multilingual-e5-base,turkish,albanian,0.766,0.8298933001467786
intfloat/multilingual-e5-base,turkish,asante,0.527,0.6334316576595572
intfloat/multilingual-e5-base,turkish,assamese,0.866,0.909309536416649
intfloat/multilingual-e5-base,turkish,azeri,0.926,0.952282137855142
intfloat/multilingual-e5-base,turkish,bosnian-mihanovich,0.792,0.8559724419051399
intfloat/multilingual-e5-base,turkish,bosnian-rwwad,0.727,0.7986858230762206
intfloat/multilingual-e5-base,turkish,chinese,0.66,0.7398155800156212
intfloat/multilingual-e5-base,turkish,croatian,0.747,0.8122376528741109
intfloat/multilingual-e5-base,turkish,dutch,0.853,0.8907843769656154
intfloat/multilingual-e5-base,turkish,english,0.795,0.8495622053141126
intfloat/multilingual-e5-base,turkish,french,0.586,0.6701229639023709
intfloat/multilingual-e5-base,turkish,german,0.832,0.8787232654512754
intfloat/multilingual-e5-base,turkish,gujarati,0.817,0.8660567777706439
intfloat/multilingual-e5-base,turkish,hausa,0.784,0.843514022409807
intfloat/multilingual-e5-base,turkish,indonesian,0.824,0.8707293463381325
intfloat/multilingual-e5-base,turkish,japanese,0.748,0.8148794015208741
intfloat/multilingual-e5-base,turkish,kannada,0.854,0.9016848527127411
intfloat/multilingual-e5-base,turkish,khmer,0.761,0.824057217117454
intfloat/multilingual-e5-base,turkish,kurdish,0.688,0.7705494531495681
intfloat/multilingual-e5-base,turkish,kyrgyz,0.811,0.868401172895414
intfloat/multilingual-e5-base,turkish,lingala,0.593,0.6941586255545757
intfloat/multilingual-e5-base,turkish,lithuanian,0.725,0.7999192157211376
intfloat/multilingual-e5-base,turkish,macedonian,0.83,0.8758146851537144
intfloat/multilingual-e5-base,turkish,malayalam,0.913,0.9432647492194618
intfloat/multilingual-e5-base,turkish,moore,0.286,0.39784500772762826
intfloat/multilingual-e5-base,turkish,oromo,0.59,0.6804783756535112
intfloat/multilingual-e5-base,turkish,pashto,0.706,0.7733530731118142
intfloat/multilingual-e5-base,turkish,persian,0.906,0.9374654290726553
intfloat/multilingual-e5-base,turkish,portuguese,0.617,0.7074424493987853
intfloat/multilingual-e5-base,turkish,romanian,0.796,0.8513109720900627
intfloat/multilingual-e5-base,turkish,serbian,0.792,0.8436632027615932
intfloat/multilingual-e5-base,turkish,spanish,0.782,0.8402260315760404
intfloat/multilingual-e5-base,turkish,tagalog,0.773,0.8377355077657516
intfloat/multilingual-e5-base,turkish,tajik,0.767,0.8360420079930898
intfloat/multilingual-e5-base,turkish,tamil,0.894,0.9297971320239915
intfloat/multilingual-e5-base,turkish,urdu,0.91,0.9416653619077399
intfloat/multilingual-e5-base,turkish,uyghur,0.772,0.8323412167208669
intfloat/multilingual-e5-base,turkish,uzbek,0.687,0.7530221613371059
intfloat/multilingual-e5-base,turkish,vietnamese,0.728,0.797115243964557
intfloat/multilingual-e5-base,turkish,yoruba,0.415,0.5247223469259252
intfloat/multilingual-e5-base,urdu,albanian,0.844,0.8945205428982974
intfloat/multilingual-e5-base,urdu,asante,0.531,0.6315988336791146
intfloat/multilingual-e5-base,urdu,assamese,0.82,0.8717671974284751
intfloat/multilingual-e5-base,urdu,azeri,0.91,0.9421880494768347
intfloat/multilingual-e5-base,urdu,bosnian-mihanovich,0.89,0.9231063512776388
intfloat/multilingual-e5-base,urdu,bosnian-rwwad,0.85,0.8931268447290162
intfloat/multilingual-e5-base,urdu,chinese,0.446,0.559890931165981
intfloat/multilingual-e5-base,urdu,croatian,0.855,0.899477264174236
intfloat/multilingual-e5-base,urdu,dutch,0.729,0.8039268380569494
intfloat/multilingual-e5-base,urdu,english,0.772,0.8315932210316318
intfloat/multilingual-e5-base,urdu,french,0.462,0.5602443048688577
intfloat/multilingual-e5-base,urdu,german,0.708,0.7812399734440421
intfloat/multilingual-e5-base,urdu,gujarati,0.693,0.7701682299164142
intfloat/multilingual-e5-base,urdu,hausa,0.748,0.8156247532569958
intfloat/multilingual-e5-base,urdu,indonesian,0.749,0.8168871379917395
intfloat/multilingual-e5-base,urdu,japanese,0.557,0.6606119346523287
intfloat/multilingual-e5-base,urdu,kannada,0.751,0.8169803167737709
intfloat/multilingual-e5-base,urdu,khmer,0.728,0.8006271838426346
intfloat/multilingual-e5-base,urdu,kurdish,0.663,0.7390310782460771
intfloat/multilingual-e5-base,urdu,kyrgyz,0.796,0.8559862902868486
intfloat/multilingual-e5-base,urdu,lingala,0.641,0.7268527392474944
intfloat/multilingual-e5-base,urdu,lithuanian,0.554,0.665874008994261
intfloat/multilingual-e5-base,urdu,macedonian,0.748,0.8178449409327126
intfloat/multilingual-e5-base,urdu,malayalam,0.861,0.8997769846184649
intfloat/multilingual-e5-base,urdu,moore,0.342,0.45315822793216093
intfloat/multilingual-e5-base,urdu,oromo,0.506,0.6218085246821669
intfloat/multilingual-e5-base,urdu,pashto,0.701,0.7654362047713166
intfloat/multilingual-e5-base,urdu,persian,0.872,0.9105283849779972
intfloat/multilingual-e5-base,urdu,portuguese,0.54,0.6481954958026809
intfloat/multilingual-e5-base,urdu,romanian,0.621,0.7051350543562819
intfloat/multilingual-e5-base,urdu,serbian,0.725,0.793759009997382
intfloat/multilingual-e5-base,urdu,spanish,0.697,0.7791406916828812
intfloat/multilingual-e5-base,urdu,tagalog,0.759,0.8268891397261428
intfloat/multilingual-e5-base,urdu,tajik,0.82,0.8712524247824036
intfloat/multilingual-e5-base,urdu,tamil,0.837,0.879475342561758
intfloat/multilingual-e5-base,urdu,turkish,0.649,0.7342740991215054
intfloat/multilingual-e5-base,urdu,uyghur,0.814,0.8637720491404262
intfloat/multilingual-e5-base,urdu,uzbek,0.569,0.6550676458910984
intfloat/multilingual-e5-base,urdu,vietnamese,0.504,0.6221759641658182
intfloat/multilingual-e5-base,urdu,yoruba,0.383,0.4850007690918999
intfloat/multilingual-e5-base,uyghur,albanian,0.809,0.8563758339752939
intfloat/multilingual-e5-base,uyghur,asante,0.512,0.6102717802808465
intfloat/multilingual-e5-base,uyghur,assamese,0.8,0.8490082858736313
intfloat/multilingual-e5-base,uyghur,azeri,0.88,0.9089071569080032
intfloat/multilingual-e5-base,uyghur,bosnian-mihanovich,0.813,0.8557926289116956
intfloat/multilingual-e5-base,uyghur,bosnian-rwwad,0.815,0.8597093221140845
intfloat/multilingual-e5-base,uyghur,chinese,0.426,0.5343155116690534
intfloat/multilingual-e5-base,uyghur,croatian,0.819,0.8618203085736552
intfloat/multilingual-e5-base,uyghur,dutch,0.636,0.7147395882384108
intfloat/multilingual-e5-base,uyghur,english,0.764,0.8234311942958374
intfloat/multilingual-e5-base,uyghur,french,0.807,0.8555357169610599
intfloat/multilingual-e5-base,uyghur,german,0.533,0.6369392238356453
intfloat/multilingual-e5-base,uyghur,gujarati,0.871,0.9047644759965652
intfloat/multilingual-e5-base,uyghur,hausa,0.699,0.7668441155639162
intfloat/multilingual-e5-base,uyghur,indonesian,0.578,0.6501086096480129
intfloat/multilingual-e5-base,uyghur,japanese,0.468,0.5842953493054318
intfloat/multilingual-e5-base,uyghur,kannada,0.829,0.86580412466081
intfloat/multilingual-e5-base,uyghur,khmer,0.726,0.786375236504517
intfloat/multilingual-e5-base,uyghur,kurdish,0.699,0.7641163731087096
intfloat/multilingual-e5-base,uyghur,kyrgyz,0.803,0.8507761179304559
intfloat/multilingual-e5-base,uyghur,lingala,0.605,0.6819927805496364
intfloat/multilingual-e5-base,uyghur,lithuanian,0.654,0.744644537057449
intfloat/multilingual-e5-base,uyghur,macedonian,0.809,0.8621546753096102
intfloat/multilingual-e5-base,uyghur,malayalam,0.835,0.8756581805612256
intfloat/multilingual-e5-base,uyghur,moore,0.325,0.42515904031465707
intfloat/multilingual-e5-base,uyghur,oromo,0.554,0.6296192391145214
intfloat/multilingual-e5-base,uyghur,pashto,0.705,0.7585063149903392
intfloat/multilingual-e5-base,uyghur,persian,0.86,0.8964311809950075
intfloat/multilingual-e5-base,uyghur,portuguese,0.412,0.5182786553102062
intfloat/multilingual-e5-base,uyghur,romanian,0.6,0.6903198523583065
intfloat/multilingual-e5-base,uyghur,serbian,0.652,0.7221396798254709
intfloat/multilingual-e5-base,uyghur,spanish,0.635,0.7192520326476223
intfloat/multilingual-e5-base,uyghur,tagalog,0.773,0.8207589564536305
intfloat/multilingual-e5-base,uyghur,tajik,0.814,0.8658540005214138
intfloat/multilingual-e5-base,uyghur,tamil,0.86,0.8953941147813346
intfloat/multilingual-e5-base,uyghur,turkish,0.567,0.6617188500188342
intfloat/multilingual-e5-base,uyghur,urdu,0.841,0.8781306137895399
intfloat/multilingual-e5-base,uyghur,uzbek,0.648,0.7179209903415832
intfloat/multilingual-e5-base,uyghur,vietnamese,0.595,0.6887300858256077
intfloat/multilingual-e5-base,uyghur,yoruba,0.427,0.5266180882060568
intfloat/multilingual-e5-base,uzbek,albanian,0.699,0.771769952185268
intfloat/multilingual-e5-base,uzbek,asante,0.416,0.519412627051548
intfloat/multilingual-e5-base,uzbek,assamese,0.648,0.7298079598186653
intfloat/multilingual-e5-base,uzbek,azeri,0.806,0.8549979768782228
intfloat/multilingual-e5-base,uzbek,bosnian-mihanovich,0.756,0.8103426808460861
intfloat/multilingual-e5-base,uzbek,bosnian-rwwad,0.743,0.7996101615019975
intfloat/multilingual-e5-base,uzbek,chinese,0.224,0.32332033576819336
intfloat/multilingual-e5-base,uzbek,croatian,0.741,0.7971944965947075
intfloat/multilingual-e5-base,uzbek,dutch,0.476,0.5657452655761243
intfloat/multilingual-e5-base,uzbek,english,0.476,0.5748414693951751
intfloat/multilingual-e5-base,uzbek,french,0.328,0.42326525410977306
intfloat/multilingual-e5-base,uzbek,german,0.398,0.5044576292984337
intfloat/multilingual-e5-base,uzbek,gujarati,0.648,0.7338139886071126
intfloat/multilingual-e5-base,uzbek,hausa,0.558,0.6611601734381501
intfloat/multilingual-e5-base,uzbek,indonesian,0.439,0.5154124536716422
intfloat/multilingual-e5-base,uzbek,japanese,0.251,0.37284533084460775
intfloat/multilingual-e5-base,uzbek,kannada,0.713,0.7784938964496321
intfloat/multilingual-e5-base,uzbek,khmer,0.607,0.6969253135660546
intfloat/multilingual-e5-base,uzbek,kurdish,0.58,0.6744323672747122
intfloat/multilingual-e5-base,uzbek,kyrgyz,0.734,0.7978048528368334
intfloat/multilingual-e5-base,uzbek,lingala,0.482,0.5742816590563062
intfloat/multilingual-e5-base,uzbek,lithuanian,0.317,0.4285973204090777
intfloat/multilingual-e5-base,uzbek,macedonian,0.44,0.5432076720182226
intfloat/multilingual-e5-base,uzbek,malayalam,0.748,0.8084239581842609
intfloat/multilingual-e5-base,uzbek,moore,0.258,0.3551952276174311
intfloat/multilingual-e5-base,uzbek,oromo,0.536,0.6131519442645161
intfloat/multilingual-e5-base,uzbek,pashto,0.642,0.7178396346596544
intfloat/multilingual-e5-base,uzbek,persian,0.674,0.755373482999364
intfloat/multilingual-e5-base,uzbek,portuguese,0.236,0.3369333988229776
intfloat/multilingual-e5-base,uzbek,romanian,0.373,0.4969873199727213
intfloat/multilingual-e5-base,uzbek,serbian,0.546,0.6216263264226121
intfloat/multilingual-e5-base,uzbek,spanish,0.375,0.49368760033914144
intfloat/multilingual-e5-base,uzbek,tagalog,0.717,0.7864898506297747
intfloat/multilingual-e5-base,uzbek,tajik,0.756,0.8164181912169587
intfloat/multilingual-e5-base,uzbek,tamil,0.734,0.7999740637097471
intfloat/multilingual-e5-base,uzbek,turkish,0.373,0.4846860489008385
intfloat/multilingual-e5-base,uzbek,urdu,0.727,0.7927020648861187
intfloat/multilingual-e5-base,uzbek,uyghur,0.718,0.7829547299786803
intfloat/multilingual-e5-base,uzbek,vietnamese,0.401,0.5067649291324019
intfloat/multilingual-e5-base,uzbek,yoruba,0.377,0.48868300701211503
intfloat/multilingual-e5-base,vietnamese,albanian,0.526,0.5994445725346986
intfloat/multilingual-e5-base,vietnamese,asante,0.338,0.45745793232180326
intfloat/multilingual-e5-base,vietnamese,assamese,0.727,0.7992579606450239
intfloat/multilingual-e5-base,vietnamese,azeri,0.592,0.6949078691049864
intfloat/multilingual-e5-base,vietnamese,bosnian-mihanovich,0.494,0.6148038763141592
intfloat/multilingual-e5-base,vietnamese,bosnian-rwwad,0.477,0.5741152304798955
intfloat/multilingual-e5-base,vietnamese,chinese,0.706,0.7809061274663978
intfloat/multilingual-e5-base,vietnamese,croatian,0.465,0.5658420799323778
intfloat/multilingual-e5-base,vietnamese,dutch,0.78,0.8370357556717714
intfloat/multilingual-e5-base,vietnamese,english,0.837,0.8873863238520234
intfloat/multilingual-e5-base,vietnamese,french,0.641,0.7089165006838826
intfloat/multilingual-e5-base,vietnamese,german,0.774,0.8296240809209591
intfloat/multilingual-e5-base,vietnamese,gujarati,0.582,0.6722163877818357
intfloat/multilingual-e5-base,vietnamese,hausa,0.576,0.6735041755439974
intfloat/multilingual-e5-base,vietnamese,indonesian,0.693,0.7602439100480545
intfloat/multilingual-e5-base,vietnamese,japanese,0.78,0.8408635727369861
intfloat/multilingual-e5-base,vietnamese,kannada,0.743,0.8088513509134154
intfloat/multilingual-e5-base,vietnamese,khmer,0.555,0.647893958146607
intfloat/multilingual-e5-base,vietnamese,kurdish,0.547,0.6453449591632819
intfloat/multilingual-e5-base,vietnamese,kyrgyz,0.637,0.721735199827966
intfloat/multilingual-e5-base,vietnamese,lingala,0.377,0.4921082030186878
intfloat/multilingual-e5-base,vietnamese,lithuanian,0.639,0.728405574980784
intfloat/multilingual-e5-base,vietnamese,macedonian,0.763,0.8265465700227524
intfloat/multilingual-e5-base,vietnamese,malayalam,0.775,0.8383795132777605
intfloat/multilingual-e5-base,vietnamese,moore,0.126,0.2102512042008895
intfloat/multilingual-e5-base,vietnamese,oromo,0.323,0.4393369330883079
intfloat/multilingual-e5-base,vietnamese,pashto,0.505,0.5945669753630605
intfloat/multilingual-e5-base,vietnamese,persian,0.772,0.8330431235164026
intfloat/multilingual-e5-base,vietnamese,portuguese,0.684,0.7589255071731954
intfloat/multilingual-e5-base,vietnamese,romanian,0.777,0.835171628751405
intfloat/multilingual-e5-base,vietnamese,serbian,0.631,0.7087856877643511
intfloat/multilingual-e5-base,vietnamese,spanish,0.823,0.873919909825558
intfloat/multilingual-e5-base,vietnamese,tagalog,0.511,0.6110803856819073
intfloat/multilingual-e5-base,vietnamese,tajik,0.489,0.600532361737747
intfloat/multilingual-e5-base,vietnamese,tamil,0.756,0.8144159783825413
intfloat/multilingual-e5-base,vietnamese,turkish,0.73,0.7930547898632603
intfloat/multilingual-e5-base,vietnamese,urdu,0.828,0.8783742168240148
intfloat/multilingual-e5-base,vietnamese,uyghur,0.527,0.6264778101077931
intfloat/multilingual-e5-base,vietnamese,uzbek,0.416,0.5069744775716916
intfloat/multilingual-e5-base,vietnamese,yoruba,0.246,0.34816503874101695
intfloat/multilingual-e5-base,yoruba,albanian,0.313,0.4067685955486652
intfloat/multilingual-e5-base,yoruba,asante,0.278,0.3877921265939076
intfloat/multilingual-e5-base,yoruba,assamese,0.345,0.45523143110247
intfloat/multilingual-e5-base,yoruba,azeri,0.428,0.5433505262288075
intfloat/multilingual-e5-base,yoruba,bosnian-mihanovich,0.316,0.4269844528495136
intfloat/multilingual-e5-base,yoruba,bosnian-rwwad,0.292,0.39437729484493117
intfloat/multilingual-e5-base,yoruba,chinese,0.121,0.2011444731956724
intfloat/multilingual-e5-base,yoruba,croatian,0.278,0.37716146912363374
intfloat/multilingual-e5-base,yoruba,dutch,0.269,0.3764284720032093
intfloat/multilingual-e5-base,yoruba,english,0.173,0.2779495335430882
intfloat/multilingual-e5-base,yoruba,french,0.144,0.22774148398591287
intfloat/multilingual-e5-base,yoruba,german,0.23,0.3229172415193734
intfloat/multilingual-e5-base,yoruba,gujarati,0.264,0.35556259091027476
intfloat/multilingual-e5-base,yoruba,hausa,0.353,0.4666981085794814
intfloat/multilingual-e5-base,yoruba,indonesian,0.335,0.42749118736710384
intfloat/multilingual-e5-base,yoruba,japanese,0.116,0.18815414697606114
intfloat/multilingual-e5-base,yoruba,kannada,0.309,0.40645303119845927
intfloat/multilingual-e5-base,yoruba,khmer,0.311,0.42041890850631797
intfloat/multilingual-e5-base,yoruba,kurdish,0.254,0.3668033118624273
intfloat/multilingual-e5-base,yoruba,kyrgyz,0.339,0.4505890842109212
intfloat/multilingual-e5-base,yoruba,lingala,0.277,0.3688262544222533
intfloat/multilingual-e5-base,yoruba,lithuanian,0.249,0.34773500977724514
intfloat/multilingual-e5-base,yoruba,macedonian,0.271,0.37378081571768373
intfloat/multilingual-e5-base,yoruba,malayalam,0.367,0.4763866245786624
intfloat/multilingual-e5-base,yoruba,moore,0.147,0.23714464459553894
intfloat/multilingual-e5-base,yoruba,oromo,0.217,0.31848512574064464
intfloat/multilingual-e5-base,yoruba,pashto,0.271,0.3640392178456705
intfloat/multilingual-e5-base,yoruba,persian,0.331,0.44951899943085244
intfloat/multilingual-e5-base,yoruba,portuguese,0.133,0.22677016330262897
intfloat/multilingual-e5-base,yoruba,romanian,0.2,0.3017270134118392
intfloat/multilingual-e5-base,yoruba,serbian,0.289,0.37766129194361464
intfloat/multilingual-e5-base,yoruba,spanish,0.149,0.24798187610457478
intfloat/multilingual-e5-base,yoruba,tagalog,0.352,0.46344788566188866
intfloat/multilingual-e5-base,yoruba,tajik,0.345,0.4575632638680105
intfloat/multilingual-e5-base,yoruba,tamil,0.36,0.46873351166998256
intfloat/multilingual-e5-base,yoruba,turkish,0.188,0.28253194153466643
intfloat/multilingual-e5-base,yoruba,urdu,0.382,0.4846200744895049
intfloat/multilingual-e5-base,yoruba,uyghur,0.229,0.3413418697323914
intfloat/multilingual-e5-base,yoruba,uzbek,0.262,0.37560199119814053
intfloat/multilingual-e5-base,yoruba,vietnamese,0.112,0.18395837948958926
BAAI/bge-m3,albanian,asante,0.38,0.4684553650902169
BAAI/bge-m3,albanian,assamese,0.913,0.9403960231628677
BAAI/bge-m3,albanian,azeri,0.955,0.9707526216437461
BAAI/bge-m3,albanian,bosnian-mihanovich,0.954,0.9696199592326448
BAAI/bge-m3,albanian,bosnian-rwwad,0.956,0.9706085955710955
BAAI/bge-m3,albanian,chinese,0.883,0.9184957780998968
BAAI/bge-m3,albanian,croatian,0.955,0.9703187226435289
BAAI/bge-m3,albanian,dutch,0.95,0.9688782165899545
BAAI/bge-m3,albanian,english,0.958,0.9745207597645799
BAAI/bge-m3,albanian,french,0.914,0.9400966477067346
BAAI/bge-m3,albanian,german,0.95,0.9650905174616451
BAAI/bge-m3,albanian,gujarati,0.917,0.9437320828989197
BAAI/bge-m3,albanian,hausa,0.786,0.8394329303973281
BAAI/bge-m3,albanian,indonesian,0.96,0.9746453616965912
BAAI/bge-m3,albanian,japanese,0.917,0.9449010762865119
BAAI/bge-m3,albanian,kannada,0.942,0.9612702787600386
BAAI/bge-m3,albanian,khmer,0.912,0.941179025293028
BAAI/bge-m3,albanian,kurdish,0.36,0.45287506757512297
BAAI/bge-m3,albanian,kyrgyz,0.924,0.9485862266619879
BAAI/bge-m3,albanian,lingala,0.672,0.7458826673984726
BAAI/bge-m3,albanian,lithuanian,0.936,0.9550515419724913
BAAI/bge-m3,albanian,macedonian,0.956,0.970289983415847
BAAI/bge-m3,albanian,malayalam,0.944,0.9631196046968046
BAAI/bge-m3,albanian,moore,0.057,0.10118526531120489
BAAI/bge-m3,albanian,oromo,0.61,0.6900147684025667
BAAI/bge-m3,albanian,pashto,0.844,0.8880202954320464
BAAI/bge-m3,albanian,persian,0.954,0.97224227994228
BAAI/bge-m3,albanian,portuguese,0.941,0.9620929666227491
BAAI/bge-m3,albanian,romanian,0.954,0.970399732407552
BAAI/bge-m3,albanian,serbian,0.963,0.9754758518504699
BAAI/bge-m3,albanian,spanish,0.944,0.9619044386143821
BAAI/bge-m3,albanian,tagalog,0.869,0.9074497955355653
BAAI/bge-m3,albanian,tajik,0.796,0.8524716972081141
BAAI/bge-m3,albanian,tamil,0.947,0.9656533752655408
BAAI/bge-m3,albanian,turkish,0.952,0.96894200310559
BAAI/bge-m3,albanian,urdu,0.94,0.9615625331118974
BAAI/bge-m3,albanian,uyghur,0.899,0.9253667843006868
BAAI/bge-m3,albanian,uzbek,0.888,0.9197343878183365
BAAI/bge-m3,albanian,vietnamese,0.939,0.9601772949525107
BAAI/bge-m3,albanian,yoruba,0.428,0.5347088351302602
BAAI/bge-m3,asante,albanian,0.389,0.49104027211297296
BAAI/bge-m3,asante,assamese,0.342,0.44490463794286983
BAAI/bge-m3,asante,azeri,0.363,0.46024651417799994
BAAI/bge-m3,asante,bosnian-mihanovich,0.342,0.4532094231579764
BAAI/bge-m3,asante,bosnian-rwwad,0.363,0.4614027206558045
BAAI/bge-m3,asante,chinese,0.195,0.2918412807890741
BAAI/bge-m3,asante,croatian,0.368,0.468489804635755
BAAI/bge-m3,asante,dutch,0.359,0.4612910477796451
BAAI/bge-m3,asante,english,0.384,0.4816815831353582
BAAI/bge-m3,asante,french,0.298,0.3977567603097654
BAAI/bge-m3,asante,german,0.363,0.4620650891219365
BAAI/bge-m3,asante,gujarati,0.314,0.4130933594109274
BAAI/bge-m3,asante,hausa,0.352,0.45999665037247406
BAAI/bge-m3,asante,indonesian,0.393,0.5008092271257261
BAAI/bge-m3,asante,japanese,0.278,0.38272441229449605
BAAI/bge-m3,asante,kannada,0.354,0.4563771585003965
BAAI/bge-m3,asante,khmer,0.313,0.41723454030629725
BAAI/bge-m3,asante,kurdish,0.146,0.22375364395796338
BAAI/bge-m3,asante,kyrgyz,0.299,0.4060070766429371
BAAI/bge-m3,asante,lingala,0.344,0.44001346952384635
BAAI/bge-m3,asante,lithuanian,0.343,0.4506097425665171
BAAI/bge-m3,asante,macedonian,0.34,0.44574750587626555
BAAI/bge-m3,asante,malayalam,0.376,0.48059717884133923
BAAI/bge-m3,asante,moore,0.065,0.11061042564504475
BAAI/bge-m3,asante,oromo,0.313,0.4002025386691808
BAAI/bge-m3,asante,pashto,0.307,0.4088743072655264
BAAI/bge-m3,asante,persian,0.356,0.4555380134122395
BAAI/bge-m3,asante,portuguese,0.375,0.4721961742764555
BAAI/bge-m3,asante,romanian,0.362,0.4592756579467805
BAAI/bge-m3,asante,serbian,0.372,0.4751362016867946
BAAI/bge-m3,asante,spanish,0.306,0.40057964577434074
BAAI/bge-m3,asante,tagalog,0.379,0.4866613487098332
BAAI/bge-m3,asante,tajik,0.339,0.4419315956732198
BAAI/bge-m3,asante,tamil,0.374,0.4734494956096337
BAAI/bge-m3,asante,turkish,0.313,0.4117424934007489
BAAI/bge-m3,asante,urdu,0.345,0.4497045032683068
BAAI/bge-m3,asante,uyghur,0.332,0.4325323759137817
BAAI/bge-m3,asante,uzbek,0.323,0.4239780280383642
BAAI/bge-m3,asante,vietnamese,0.304,0.4098921978291462
BAAI/bge-m3,asante,yoruba,0.241,0.34168792970015166
BAAI/bge-m3,assamese,albanian,0.923,0.9487563832867276
BAAI/bge-m3,assamese,asante,0.346,0.4379000550297041
BAAI/bge-m3,assamese,azeri,0.925,0.9504468432988132
BAAI/bge-m3,assamese,bosnian-mihanovich,0.923,0.9473355067605981
BAAI/bge-m3,assamese,bosnian-rwwad,0.922,0.9464761660005638
BAAI/bge-m3,assamese,chinese,0.829,0.8779230082702573
BAAI/bge-m3,assamese,croatian,0.922,0.9470923832345198
BAAI/bge-m3,assamese,dutch,0.909,0.9385701551574676
BAAI/bge-m3,assamese,english,0.933,0.9548170556169066
BAAI/bge-m3,assamese,french,0.865,0.9026427665975341
BAAI/bge-m3,assamese,german,0.923,0.9474255540227441
BAAI/bge-m3,assamese,gujarati,0.914,0.9424956740809225
BAAI/bge-m3,assamese,hausa,0.781,0.8348514229581747
BAAI/bge-m3,assamese,indonesian,0.936,0.95773646071701
BAAI/bge-m3,assamese,japanese,0.877,0.9148650231711433
BAAI/bge-m3,assamese,kannada,0.938,0.9589894084401437
BAAI/bge-m3,assamese,khmer,0.891,0.9267724159028651
BAAI/bge-m3,assamese,kurdish,0.366,0.46264061706370246
BAAI/bge-m3,assamese,kyrgyz,0.884,0.9201067253147435
BAAI/bge-m3,assamese,lingala,0.643,0.7186445364626802
BAAI/bge-m3,assamese,lithuanian,0.908,0.9390509237050312
BAAI/bge-m3,assamese,macedonian,0.906,0.9329389992928243
BAAI/bge-m3,assamese,malayalam,0.937,0.9597030129461734
BAAI/bge-m3,assamese,moore,0.056,0.10087117458421094
BAAI/bge-m3,assamese,oromo,0.641,0.7175902314438541
BAAI/bge-m3,assamese,pashto,0.867,0.9052556162726684
BAAI/bge-m3,assamese,persian,0.935,0.9559646455660603
BAAI/bge-m3,assamese,portuguese,0.915,0.9406396460632624
BAAI/bge-m3,assamese,romanian,0.915,0.9400931305449549
BAAI/bge-m3,assamese,serbian,0.927,0.9515499618205953
BAAI/bge-m3,assamese,spanish,0.887,0.9223867153155809
BAAI/bge-m3,assamese,tagalog,0.836,0.8814366974210167
BAAI/bge-m3,assamese,tajik,0.781,0.8393273926378918
BAAI/bge-m3,assamese,tamil,0.927,0.950603996408017
BAAI/bge-m3,assamese,turkish,0.919,0.9448102187853653
BAAI/bge-m3,assamese,urdu,0.934,0.9567492597302079
BAAI/bge-m3,assamese,uyghur,0.877,0.909221063290448
BAAI/bge-m3,assamese,uzbek,0.848,0.8905598734006003
BAAI/bge-m3,assamese,vietnamese,0.896,0.9289483756915056
BAAI/bge-m3,assamese,yoruba,0.396,0.502433969869921
BAAI/bge-m3,azeri,albanian,0.951,0.9658174710001127
BAAI/bge-m3,azeri,asante,0.32,0.4172593674458627
BAAI/bge-m3,azeri,assamese,0.911,0.9379347948928041
BAAI/bge-m3,azeri,bosnian-mihanovich,0.933,0.9541627561689568
BAAI/bge-m3,azeri,bosnian-rwwad,0.937,0.9556299581976987
BAAI/bge-m3,azeri,chinese,0.869,0.9080761699305445
BAAI/bge-m3,azeri,croatian,0.934,0.9541126349631227
BAAI/bge-m3,azeri,dutch,0.946,0.9650354957973338
BAAI/bge-m3,azeri,english,0.944,0.9609934871908073
BAAI/bge-m3,azeri,french,0.88,0.9149676854965189
BAAI/bge-m3,azeri,german,0.942,0.9597211736965108
BAAI/bge-m3,azeri,gujarati,0.917,0.9441819573625396
BAAI/bge-m3,azeri,hausa,0.792,0.8410047717970293
BAAI/bge-m3,azeri,indonesian,0.962,0.9748713343772889
BAAI/bge-m3,azeri,japanese,0.926,0.950497182415683
BAAI/bge-m3,azeri,kannada,0.95,0.9688900632397736
BAAI/bge-m3,azeri,khmer,0.917,0.9449616742691215
BAAI/bge-m3,azeri,kurdish,0.345,0.4439095194219546
BAAI/bge-m3,azeri,kyrgyz,0.939,0.9622217871309977
BAAI/bge-m3,azeri,lingala,0.623,0.7035188186283469
BAAI/bge-m3,azeri,lithuanian,0.927,0.9489217439475979
BAAI/bge-m3,azeri,macedonian,0.936,0.9548447856092149
BAAI/bge-m3,azeri,malayalam,0.941,0.9630505285985361
BAAI/bge-m3,azeri,moore,0.058,0.10036885789649522
BAAI/bge-m3,azeri,oromo,0.63,0.7070124579442074
BAAI/bge-m3,azeri,pashto,0.864,0.8983104927403366
BAAI/bge-m3,azeri,persian,0.966,0.9785117200531583
BAAI/bge-m3,azeri,portuguese,0.932,0.9541477932050194
BAAI/bge-m3,azeri,romanian,0.939,0.9602912746685358
BAAI/bge-m3,azeri,serbian,0.94,0.9592830638248783
BAAI/bge-m3,azeri,spanish,0.92,0.9476427267516435
BAAI/bge-m3,azeri,tagalog,0.861,0.8981103162908444
BAAI/bge-m3,azeri,tajik,0.804,0.8560600568007973
BAAI/bge-m3,azeri,tamil,0.953,0.9706722222222223
BAAI/bge-m3,azeri,turkish,0.965,0.9780272209421402
BAAI/bge-m3,azeri,urdu,0.942,0.9611130089717046
BAAI/bge-m3,azeri,uyghur,0.914,0.9375174607749823
BAAI/bge-m3,azeri,uzbek,0.898,0.9285337067209477
BAAI/bge-m3,azeri,vietnamese,0.932,0.9554075356919932
BAAI/bge-m3,azeri,yoruba,0.41,0.5144902800851471
BAAI/bge-m3,bosnian-mihanovich,albanian,0.954,0.9699146054478247
BAAI/bge-m3,bosnian-mihanovich,asante,0.357,0.4520593422652275
BAAI/bge-m3,bosnian-mihanovich,assamese,0.917,0.9441868056351009
BAAI/bge-m3,bosnian-mihanovich,azeri,0.949,0.9645814963344881
BAAI/bge-m3,bosnian-mihanovich,bosnian-rwwad,0.991,0.99395
BAAI/bge-m3,bosnian-mihanovich,chinese,0.878,0.9168782290418253
BAAI/bge-m3,bosnian-mihanovich,croatian,0.99,0.9931928571428571
BAAI/bge-m3,bosnian-mihanovich,dutch,0.955,0.9710704935857603
BAAI/bge-m3,bosnian-mihanovich,english,0.954,0.9717758072663956
BAAI/bge-m3,bosnian-mihanovich,french,0.901,0.930264626070668
BAAI/bge-m3,bosnian-mihanovich,german,0.949,0.966174772008229
BAAI/bge-m3,bosnian-mihanovich,gujarati,0.918,0.9440041554557523
BAAI/bge-m3,bosnian-mihanovich,hausa,0.813,0.8581459090332332
BAAI/bge-m3,bosnian-mihanovich,indonesian,0.962,0.9761820118478013
BAAI/bge-m3,bosnian-mihanovich,japanese,0.922,0.9498097625003179
BAAI/bge-m3,bosnian-mihanovich,kannada,0.94,0.9591909238203292
BAAI/bge-m3,bosnian-mihanovich,khmer,0.9,0.93412990057372
BAAI/bge-m3,bosnian-mihanovich,kurdish,0.355,0.45162220592128716
BAAI/bge-m3,bosnian-mihanovich,kyrgyz,0.912,0.9421955527287765
BAAI/bge-m3,bosnian-mihanovich,lingala,0.697,0.7628495495425852
BAAI/bge-m3,bosnian-mihanovich,lithuanian,0.932,0.9548295020680228
BAAI/bge-m3,bosnian-mihanovich,macedonian,0.973,0.9814811515969412
BAAI/bge-m3,bosnian-mihanovich,malayalam,0.941,0.9608691188398165
BAAI/bge-m3,bosnian-mihanovich,moore,0.052,0.09414817424400955
BAAI/bge-m3,bosnian-mihanovich,oromo,0.647,0.7215452415525908
BAAI/bge-m3,bosnian-mihanovich,pashto,0.876,0.9092693034564745
BAAI/bge-m3,bosnian-mihanovich,persian,0.952,0.9693340736840736
BAAI/bge-m3,bosnian-mihanovich,portuguese,0.944,0.9603853016640141
BAAI/bge-m3,bosnian-mihanovich,romanian,0.954,0.967296089287129
BAAI/bge-m3,bosnian-mihanovich,serbian,0.987,0.9921166666666668
BAAI/bge-m3,bosnian-mihanovich,spanish,0.93,0.9541849984297546
BAAI/bge-m3,bosnian-mihanovich,tagalog,0.869,0.9124258781733713
BAAI/bge-m3,bosnian-mihanovich,tajik,0.797,0.8527335421432133
BAAI/bge-m3,bosnian-mihanovich,tamil,0.944,0.9644091944605102
BAAI/bge-m3,bosnian-mihanovich,turkish,0.948,0.9670337538197584
BAAI/bge-m3,bosnian-mihanovich,urdu,0.939,0.9588735735030268
BAAI/bge-m3,bosnian-mihanovich,uyghur,0.888,0.9185470961581836
BAAI/bge-m3,bosnian-mihanovich,uzbek,0.885,0.9180940926737298
BAAI/bge-m3,bosnian-mihanovich,vietnamese,0.923,0.9494269533145343
BAAI/bge-m3,bosnian-mihanovich,yoruba,0.437,0.5409656882479085
BAAI/bge-m3,bosnian-rwwad,albanian,0.958,0.9725842955416231
BAAI/bge-m3,bosnian-rwwad,asante,0.361,0.45304477389754255
BAAI/bge-m3,bosnian-rwwad,assamese,0.913,0.940439196555584
BAAI/bge-m3,bosnian-rwwad,azeri,0.95,0.9646707189174606
BAAI/bge-m3,bosnian-rwwad,bosnian-mihanovich,0.987,0.9919833333333333
BAAI/bge-m3,bosnian-rwwad,chinese,0.88,0.9170254987781601
BAAI/bge-m3,bosnian-rwwad,croatian,0.993,0.9955499999999999
BAAI/bge-m3,bosnian-rwwad,dutch,0.951,0.9685502554905222
BAAI/bge-m3,bosnian-rwwad,english,0.956,0.971870951990952
BAAI/bge-m3,bosnian-rwwad,french,0.905,0.934991255696001
BAAI/bge-m3,bosnian-rwwad,german,0.945,0.9624144195368735
BAAI/bge-m3,bosnian-rwwad,gujarati,0.916,0.9442562910524445
BAAI/bge-m3,bosnian-rwwad,hausa,0.815,0.8568792672548398
BAAI/bge-m3,bosnian-rwwad,indonesian,0.955,0.9713852293510188
BAAI/bge-m3,bosnian-rwwad,japanese,0.922,0.9488893238463916
BAAI/bge-m3,bosnian-rwwad,kannada,0.935,0.9560700898063348
BAAI/bge-m3,bosnian-rwwad,khmer,0.903,0.9365133283808691
BAAI/bge-m3,bosnian-rwwad,kurdish,0.344,0.44462360655639077
BAAI/bge-m3,bosnian-rwwad,kyrgyz,0.914,0.9431311492333851
BAAI/bge-m3,bosnian-rwwad,lingala,0.698,0.7598828406161214
BAAI/bge-m3,bosnian-rwwad,lithuanian,0.937,0.9589739714874921
BAAI/bge-m3,bosnian-rwwad,macedonian,0.973,0.9820821616979512
BAAI/bge-m3,bosnian-rwwad,malayalam,0.941,0.9599186845710201
BAAI/bge-m3,bosnian-rwwad,moore,0.055,0.09732408763169023
BAAI/bge-m3,bosnian-rwwad,oromo,0.638,0.7138923515528038
BAAI/bge-m3,bosnian-rwwad,pashto,0.876,0.9090809152069222
BAAI/bge-m3,bosnian-rwwad,persian,0.953,0.970344355069355
BAAI/bge-m3,bosnian-rwwad,portuguese,0.939,0.9569700184522139
BAAI/bge-m3,bosnian-rwwad,romanian,0.955,0.968182148492886
BAAI/bge-m3,bosnian-rwwad,serbian,0.986,0.9911500000000001
BAAI/bge-m3,bosnian-rwwad,spanish,0.93,0.956173958811478
BAAI/bge-m3,bosnian-rwwad,tagalog,0.87,0.9101825947129619
BAAI/bge-m3,bosnian-rwwad,tajik,0.789,0.8469219047086332
BAAI/bge-m3,bosnian-rwwad,tamil,0.942,0.962556066849817
BAAI/bge-m3,bosnian-rwwad,turkish,0.944,0.9636099442959489
BAAI/bge-m3,bosnian-rwwad,urdu,0.939,0.9589484774408011
BAAI/bge-m3,bosnian-rwwad,uyghur,0.889,0.9198862613052045
BAAI/bge-m3,bosnian-rwwad,uzbek,0.884,0.9169836481479258
BAAI/bge-m3,bosnian-rwwad,vietnamese,0.928,0.9538350228908573
BAAI/bge-m3,bosnian-rwwad,yoruba,0.435,0.53390121760556
BAAI/bge-m3,chinese,albanian,0.911,0.9416619220988895
BAAI/bge-m3,chinese,asante,0.21,0.2995535108817807
BAAI/bge-m3,chinese,assamese,0.853,0.8992041810768769
BAAI/bge-m3,chinese,azeri,0.912,0.9414582501467337
BAAI/bge-m3,chinese,bosnian-mihanovich,0.9,0.9328854039911496
BAAI/bge-m3,chinese,bosnian-rwwad,0.9,0.9337337482356347
BAAI/bge-m3,chinese,croatian,0.897,0.9317495369120331
BAAI/bge-m3,chinese,dutch,0.907,0.9364938735219114
BAAI/bge-m3,chinese,english,0.928,0.9513937752700264
BAAI/bge-m3,chinese,french,0.844,0.8920832903609612
BAAI/bge-m3,chinese,german,0.912,0.9418700320050319
BAAI/bge-m3,chinese,gujarati,0.855,0.8996009614941175
BAAI/bge-m3,chinese,hausa,0.665,0.7467896674787007
BAAI/bge-m3,chinese,indonesian,0.935,0.959300108551875
BAAI/bge-m3,chinese,japanese,0.918,0.9465987880948251
BAAI/bge-m3,chinese,kannada,0.904,0.9354674647397587
BAAI/bge-m3,chinese,khmer,0.901,0.9361274250670205
BAAI/bge-m3,chinese,kurdish,0.278,0.37644248049069085
BAAI/bge-m3,chinese,kyrgyz,0.836,0.8906640106996925
BAAI/bge-m3,chinese,lingala,0.491,0.5973809046882118
BAAI/bge-m3,chinese,lithuanian,0.873,0.9099842921333166
BAAI/bge-m3,chinese,macedonian,0.899,0.9324798430093731
BAAI/bge-m3,chinese,malayalam,0.907,0.9373616946784838
BAAI/bge-m3,chinese,moore,0.034,0.06681076939674054
BAAI/bge-m3,chinese,oromo,0.494,0.5853339499741789
BAAI/bge-m3,chinese,pashto,0.788,0.8501540296683242
BAAI/bge-m3,chinese,persian,0.928,0.9558148433680839
BAAI/bge-m3,chinese,portuguese,0.894,0.9282943359353117
BAAI/bge-m3,chinese,romanian,0.897,0.9305760248341901
BAAI/bge-m3,chinese,serbian,0.903,0.9371634923135091
BAAI/bge-m3,chinese,spanish,0.895,0.9292548842453168
BAAI/bge-m3,chinese,tagalog,0.792,0.8500356994399932
BAAI/bge-m3,chinese,tajik,0.595,0.6920976919885986
BAAI/bge-m3,chinese,tamil,0.906,0.940250826153392
BAAI/bge-m3,chinese,turkish,0.894,0.929428025310089
BAAI/bge-m3,chinese,urdu,0.903,0.9347204034937194
BAAI/bge-m3,chinese,uyghur,0.866,0.9038832673614513
BAAI/bge-m3,chinese,uzbek,0.782,0.843225462223216
BAAI/bge-m3,chinese,vietnamese,0.919,0.945632509820849
BAAI/bge-m3,chinese,yoruba,0.272,0.3749719547885322
BAAI/bge-m3,croatian,albanian,0.956,0.9713537743944297
BAAI/bge-m3,croatian,asante,0.362,0.4549202198399814
BAAI/bge-m3,croatian,assamese,0.914,0.9407197163150341
BAAI/bge-m3,croatian,azeri,0.948,0.9640215756995674
BAAI/bge-m3,croatian,bosnian-mihanovich,0.988,0.99219
BAAI/bge-m3,croatian,bosnian-rwwad,0.993,0.9949884615384614
BAAI/bge-m3,croatian,chinese,0.877,0.9159164227684287
BAAI/bge-m3,croatian,dutch,0.951,0.9682615830518497
BAAI/bge-m3,croatian,english,0.955,0.9717491118822698
BAAI/bge-m3,croatian,french,0.903,0.9338456064088237
BAAI/bge-m3,croatian,german,0.946,0.9629420710520251
BAAI/bge-m3,croatian,gujarati,0.911,0.9402665243105848
BAAI/bge-m3,croatian,hausa,0.814,0.854741450909019
BAAI/bge-m3,croatian,indonesian,0.955,0.9711918960176855
BAAI/bge-m3,croatian,japanese,0.922,0.9484521019602586
BAAI/bge-m3,croatian,kannada,0.937,0.9576353860503661
BAAI/bge-m3,croatian,khmer,0.904,0.9367470407771925
BAAI/bge-m3,croatian,kurdish,0.343,0.44180348323389823
BAAI/bge-m3,croatian,kyrgyz,0.913,0.9422859436006218
BAAI/bge-m3,croatian,lingala,0.697,0.7582496828435171
BAAI/bge-m3,croatian,lithuanian,0.934,0.9576385874271081
BAAI/bge-m3,croatian,macedonian,0.974,0.9827437001594896
BAAI/bge-m3,croatian,malayalam,0.942,0.9603767332784333
BAAI/bge-m3,croatian,moore,0.053,0.0940980498863301
BAAI/bge-m3,croatian,oromo,0.638,0.7126595158185064
BAAI/bge-m3,croatian,pashto,0.883,0.91374639990459
BAAI/bge-m3,croatian,persian,0.952,0.9699225296725297
BAAI/bge-m3,croatian,portuguese,0.932,0.9526898930220884
BAAI/bge-m3,croatian,romanian,0.949,0.9649740288347661
BAAI/bge-m3,croatian,serbian,0.985,0.9911500000000001
BAAI/bge-m3,croatian,spanish,0.931,0.9561046835917483
BAAI/bge-m3,croatian,tagalog,0.866,0.9084081198330237
BAAI/bge-m3,croatian,tajik,0.788,0.8464345615565785
BAAI/bge-m3,croatian,tamil,0.941,0.9621333992201069
BAAI/bge-m3,croatian,turkish,0.943,0.9626199967040091
BAAI/bge-m3,croatian,urdu,0.938,0.958136054686449
BAAI/bge-m3,croatian,uyghur,0.884,0.9156241577283992
BAAI/bge-m3,croatian,uzbek,0.883,0.9160149504180636
BAAI/bge-m3,croatian,vietnamese,0.926,0.9528039186292654
BAAI/bge-m3,croatian,yoruba,0.434,0.5328008585854993
BAAI/bge-m3,dutch,albanian,0.942,0.9633269225019225
BAAI/bge-m3,dutch,asante,0.348,0.43767451640177557
BAAI/bge-m3,dutch,assamese,0.9,0.928338517253786
BAAI/bge-m3,dutch,azeri,0.946,0.9649164131914751
BAAI/bge-m3,dutch,bosnian-mihanovich,0.948,0.9639340588005705
BAAI/bge-m3,dutch,bosnian-rwwad,0.947,0.9630793666528302
BAAI/bge-m3,dutch,chinese,0.878,0.9113657472955208
BAAI/bge-m3,dutch,croatian,0.948,0.9634190439459825
BAAI/bge-m3,dutch,english,0.962,0.9746766612355857
BAAI/bge-m3,dutch,french,0.894,0.9273682789091923
BAAI/bge-m3,dutch,german,0.95,0.9650310359689239
BAAI/bge-m3,dutch,gujarati,0.898,0.9305329196787304
BAAI/bge-m3,dutch,hausa,0.799,0.8449986784174782
BAAI/bge-m3,dutch,indonesian,0.956,0.9731924654575147
BAAI/bge-m3,dutch,japanese,0.92,0.949212941420886
BAAI/bge-m3,dutch,kannada,0.93,0.9542367683915671
BAAI/bge-m3,dutch,khmer,0.921,0.9483670268755076
BAAI/bge-m3,dutch,kurdish,0.33,0.4276769817345122
BAAI/bge-m3,dutch,kyrgyz,0.898,0.931944121698667
BAAI/bge-m3,dutch,lingala,0.636,0.7128009520460179
BAAI/bge-m3,dutch,lithuanian,0.948,0.9633476821184588
BAAI/bge-m3,dutch,macedonian,0.932,0.9542508143483321
BAAI/bge-m3,dutch,malayalam,0.946,0.9642844419469421
BAAI/bge-m3,dutch,moore,0.052,0.09125881751527438
BAAI/bge-m3,dutch,oromo,0.585,0.668448379989466
BAAI/bge-m3,dutch,pashto,0.871,0.9049531539785121
BAAI/bge-m3,dutch,persian,0.949,0.968647105430801
BAAI/bge-m3,dutch,portuguese,0.945,0.9626971004554603
BAAI/bge-m3,dutch,romanian,0.95,0.966469561271655
BAAI/bge-m3,dutch,serbian,0.947,0.9656342861769134
BAAI/bge-m3,dutch,spanish,0.943,0.9611284665542029
BAAI/bge-m3,dutch,tagalog,0.861,0.8972304520787444
BAAI/bge-m3,dutch,tajik,0.781,0.8372667807205918
BAAI/bge-m3,dutch,tamil,0.945,0.9643174658674659
BAAI/bge-m3,dutch,turkish,0.939,0.9600937148962149
BAAI/bge-m3,dutch,urdu,0.932,0.9533628521079961
BAAI/bge-m3,dutch,uyghur,0.88,0.91300694646324
BAAI/bge-m3,dutch,uzbek,0.856,0.8954072640139937
BAAI/bge-m3,dutch,vietnamese,0.944,0.9634221881060117
BAAI/bge-m3,dutch,yoruba,0.423,0.5201831497163012
BAAI/bge-m3,english,albanian,0.963,0.9767490362235043
BAAI/bge-m3,english,asante,0.374,0.46583845495180176
BAAI/bge-m3,english,assamese,0.931,0.9542342811662573
BAAI/bge-m3,english,azeri,0.951,0.9684922965411262
BAAI/bge-m3,english,bosnian-mihanovich,0.958,0.9746267862833747
BAAI/bge-m3,english,bosnian-rwwad,0.965,0.977862556612483
BAAI/bge-m3,english,chinese,0.907,0.9366824528266261
BAAI/bge-m3,english,croatian,0.966,0.9778649566895031
BAAI/bge-m3,english,dutch,0.957,0.9736007043680956
BAAI/bge-m3,english,french,0.925,0.9486230983728943
BAAI/bge-m3,english,german,0.96,0.9724976978079805
BAAI/bge-m3,english,gujarati,0.922,0.950392831679801
BAAI/bge-m3,english,hausa,0.815,0.8600858205835636
BAAI/bge-m3,english,indonesian,0.973,0.9835031135531135
BAAI/bge-m3,english,japanese,0.935,0.9596951192082772
BAAI/bge-m3,english,kannada,0.953,0.9707682931611007
BAAI/bge-m3,english,khmer,0.935,0.9578604095365536
BAAI/bge-m3,english,kurdish,0.363,0.45965251472646435
BAAI/bge-m3,english,kyrgyz,0.92,0.9475394161330285
BAAI/bge-m3,english,lingala,0.664,0.7436069107923574
BAAI/bge-m3,english,lithuanian,0.953,0.9688994735950337
BAAI/bge-m3,english,macedonian,0.951,0.9692678571428571
BAAI/bge-m3,english,malayalam,0.957,0.9729007215007216
BAAI/bge-m3,english,moore,0.063,0.10219162327750154
BAAI/bge-m3,english,oromo,0.636,0.71818697547654
BAAI/bge-m3,english,pashto,0.892,0.9240556780208062
BAAI/bge-m3,english,persian,0.964,0.9787220238095238
BAAI/bge-m3,english,portuguese,0.963,0.9773628466730524
BAAI/bge-m3,english,romanian,0.967,0.9784913382051441
BAAI/bge-m3,english,serbian,0.958,0.9750563852813853
BAAI/bge-m3,english,spanish,0.959,0.9734777064036434
BAAI/bge-m3,english,tagalog,0.899,0.9308905226594728
BAAI/bge-m3,english,tajik,0.805,0.8615827129130448
BAAI/bge-m3,english,tamil,0.952,0.9712214948141418
BAAI/bge-m3,english,turkish,0.949,0.9673120683414526
BAAI/bge-m3,english,urdu,0.95,0.96722808452846
BAAI/bge-m3,english,uyghur,0.895,0.9225174125285462
BAAI/bge-m3,english,uzbek,0.883,0.9159782707875596
BAAI/bge-m3,english,vietnamese,0.949,0.9688896624797171
BAAI/bge-m3,english,yoruba,0.434,0.5374793260384287
BAAI/bge-m3,french,albanian,0.911,0.9377946140901922
BAAI/bge-m3,french,asante,0.275,0.363478635185578
BAAI/bge-m3,french,assamese,0.85,0.8898985161235466
BAAI/bge-m3,french,azeri,0.916,0.9443303301977222
BAAI/bge-m3,french,bosnian-mihanovich,0.897,0.9273056060766068
BAAI/bge-m3,french,bosnian-rwwad,0.897,0.929536994868055
BAAI/bge-m3,french,chinese,0.827,0.8744708622896953
BAAI/bge-m3,french,croatian,0.901,0.93095876483123
BAAI/bge-m3,french,dutch,0.921,0.9458732368876388
BAAI/bge-m3,french,english,0.938,0.9566386153067826
BAAI/bge-m3,french,german,0.903,0.9320634583236929
BAAI/bge-m3,french,gujarati,0.965,0.9769152234233376
BAAI/bge-m3,french,hausa,0.698,0.7660212958821436
BAAI/bge-m3,french,indonesian,0.912,0.94269861912115
BAAI/bge-m3,french,japanese,0.884,0.9198703906488889
BAAI/bge-m3,french,kannada,0.889,0.9204809659940527
BAAI/bge-m3,french,khmer,0.848,0.8932011820320473
BAAI/bge-m3,french,kurdish,0.267,0.36408084851377603
BAAI/bge-m3,french,kyrgyz,0.85,0.8962282222176311
BAAI/bge-m3,french,lingala,0.562,0.6462864878001526
BAAI/bge-m3,french,lithuanian,0.976,0.9824984154163949
BAAI/bge-m3,french,macedonian,0.986,0.9909034090909091
BAAI/bge-m3,french,malayalam,0.896,0.929071408519788
BAAI/bge-m3,french,moore,0.053,0.09153502647022975
BAAI/bge-m3,french,oromo,0.493,0.5779069489019864
BAAI/bge-m3,french,pashto,0.782,0.8370362801823535
BAAI/bge-m3,french,persian,0.92,0.9462931412770401
BAAI/bge-m3,french,portuguese,0.907,0.9333774415397695
BAAI/bge-m3,french,romanian,0.919,0.9438979427490881
BAAI/bge-m3,french,serbian,0.914,0.9384765171436416
BAAI/bge-m3,french,spanish,0.918,0.9438912962141621
BAAI/bge-m3,french,tagalog,0.792,0.8437107518166737
BAAI/bge-m3,french,tajik,0.674,0.7550448826394675
BAAI/bge-m3,french,tamil,0.886,0.9224800248820607
BAAI/bge-m3,french,turkish,0.898,0.9290279735180929
BAAI/bge-m3,french,urdu,0.887,0.9217168368029386
BAAI/bge-m3,french,uyghur,0.93,0.951782727311316
BAAI/bge-m3,french,uzbek,0.801,0.8519781322165838
BAAI/bge-m3,french,vietnamese,0.899,0.9321601571489406
BAAI/bge-m3,french,yoruba,0.341,0.43613358380666056
BAAI/bge-m3,german,albanian,0.944,0.961941753896917
BAAI/bge-m3,german,asante,0.356,0.44439939638559645
BAAI/bge-m3,german,assamese,0.916,0.9430879635185517
BAAI/bge-m3,german,azeri,0.956,0.972171039272355
BAAI/bge-m3,german,bosnian-mihanovich,0.946,0.9642693929550371
BAAI/bge-m3,german,bosnian-rwwad,0.945,0.9630990223953784
BAAI/bge-m3,german,chinese,0.9,0.9323576041131483
BAAI/bge-m3,german,croatian,0.944,0.9622944444318278
BAAI/bge-m3,german,dutch,0.956,0.9717287008742892
BAAI/bge-m3,german,english,0.964,0.9749889637569432
BAAI/bge-m3,german,french,0.904,0.9325898709323406
BAAI/bge-m3,german,gujarati,0.914,0.9433444888473032
BAAI/bge-m3,german,hausa,0.816,0.8613179709628042
BAAI/bge-m3,german,indonesian,0.967,0.9797770202020202
BAAI/bge-m3,german,japanese,0.934,0.9564596804418937
BAAI/bge-m3,german,kannada,0.943,0.9630683904608156
BAAI/bge-m3,german,khmer,0.922,0.9508698331338862
BAAI/bge-m3,german,kurdish,0.361,0.453437103803725
BAAI/bge-m3,german,kyrgyz,0.922,0.9465532384130696
BAAI/bge-m3,german,lingala,0.674,0.7511049898634232
BAAI/bge-m3,german,lithuanian,0.93,0.9496721595077351
BAAI/bge-m3,german,macedonian,0.943,0.9603016561586956
BAAI/bge-m3,german,malayalam,0.957,0.9735230876548412
BAAI/bge-m3,german,moore,0.051,0.09388869602352909
BAAI/bge-m3,german,oromo,0.631,0.708559884258806
BAAI/bge-m3,german,pashto,0.884,0.916705858831939
BAAI/bge-m3,german,persian,0.955,0.9719308482438278
BAAI/bge-m3,german,portuguese,0.959,0.9713044127441187
BAAI/bge-m3,german,romanian,0.957,0.9721046564481527
BAAI/bge-m3,german,serbian,0.951,0.9666554785513066
BAAI/bge-m3,german,spanish,0.932,0.9532940889571822
BAAI/bge-m3,german,tagalog,0.887,0.9189673649322856
BAAI/bge-m3,german,tajik,0.802,0.8558471510253248
BAAI/bge-m3,german,tamil,0.944,0.9639666035353536
BAAI/bge-m3,german,turkish,0.947,0.9661630908307379
BAAI/bge-m3,german,urdu,0.947,0.964292741980242
BAAI/bge-m3,german,uyghur,0.877,0.911684203258591
BAAI/bge-m3,german,uzbek,0.874,0.9133340018674416
BAAI/bge-m3,german,vietnamese,0.942,0.9633849662617479
BAAI/bge-m3,german,yoruba,0.439,0.5354369965640228
BAAI/bge-m3,gujarati,albanian,0.914,0.9436573874874996
BAAI/bge-m3,gujarati,asante,0.298,0.3871884886927667
BAAI/bge-m3,gujarati,assamese,0.904,0.9341413870708211
BAAI/bge-m3,gujarati,azeri,0.928,0.9513947513600066
BAAI/bge-m3,gujarati,bosnian-mihanovich,0.911,0.9398411224507156
BAAI/bge-m3,gujarati,bosnian-rwwad,0.906,0.9368911261965533
BAAI/bge-m3,gujarati,chinese,0.823,0.8731312787357485
BAAI/bge-m3,gujarati,croatian,0.906,0.9364633299929234
BAAI/bge-m3,gujarati,dutch,0.914,0.9404024369761953
BAAI/bge-m3,gujarati,english,0.932,0.9509473688685305
BAAI/bge-m3,gujarati,french,0.964,0.9765079292929294
BAAI/bge-m3,gujarati,german,0.901,0.9329159570321474
BAAI/bge-m3,gujarati,hausa,0.76,0.8126558647319496
BAAI/bge-m3,gujarati,indonesian,0.933,0.9561012582977438
BAAI/bge-m3,gujarati,japanese,0.895,0.9273269013757713
BAAI/bge-m3,gujarati,kannada,0.95,0.9663774853404334
BAAI/bge-m3,gujarati,khmer,0.894,0.926019025328546
BAAI/bge-m3,gujarati,kurdish,0.349,0.4474218406987442
BAAI/bge-m3,gujarati,kyrgyz,0.906,0.9341550855992216
BAAI/bge-m3,gujarati,lingala,0.591,0.6816601575085287
BAAI/bge-m3,gujarati,lithuanian,0.964,0.9772086996336997
BAAI/bge-m3,gujarati,macedonian,0.975,0.9843039511213424
BAAI/bge-m3,gujarati,malayalam,0.936,0.9574374121353899
BAAI/bge-m3,gujarati,moore,0.04,0.07522505167886698
BAAI/bge-m3,gujarati,oromo,0.577,0.6592865783143873
BAAI/bge-m3,gujarati,pashto,0.872,0.907787924793967
BAAI/bge-m3,gujarati,persian,0.925,0.9499880654296451
BAAI/bge-m3,gujarati,portuguese,0.878,0.9125556598778619
BAAI/bge-m3,gujarati,romanian,0.902,0.933474953455883
BAAI/bge-m3,gujarati,serbian,0.918,0.9433936553846636
BAAI/bge-m3,gujarati,spanish,0.878,0.9172733436994011
BAAI/bge-m3,gujarati,tagalog,0.814,0.8605408123247467
BAAI/bge-m3,gujarati,tajik,0.762,0.8278717767930687
BAAI/bge-m3,gujarati,tamil,0.922,0.949028538748833
BAAI/bge-m3,gujarati,turkish,0.919,0.9453537258994331
BAAI/bge-m3,gujarati,urdu,0.962,0.9744275526370647
BAAI/bge-m3,gujarati,uyghur,0.929,0.9498203240546219
BAAI/bge-m3,gujarati,uzbek,0.861,0.9004754184092458
BAAI/bge-m3,gujarati,vietnamese,0.892,0.9271198010273028
BAAI/bge-m3,gujarati,yoruba,0.357,0.4579220369294521
BAAI/bge-m3,hausa,albanian,0.807,0.8564061129765241
BAAI/bge-m3,hausa,asante,0.345,0.44484057931186877
BAAI/bge-m3,hausa,assamese,0.78,0.8356731218343434
BAAI/bge-m3,hausa,azeri,0.82,0.8644374598307953
BAAI/bge-m3,hausa,bosnian-mihanovich,0.815,0.8619371488422698
BAAI/bge-m3,hausa,bosnian-rwwad,0.814,0.8585644813961351
BAAI/bge-m3,hausa,chinese,0.607,0.7022765780972763
BAAI/bge-m3,hausa,croatian,0.816,0.8607616329880139
BAAI/bge-m3,hausa,dutch,0.815,0.863352809684184
BAAI/bge-m3,hausa,english,0.817,0.8650156428726054
BAAI/bge-m3,hausa,french,0.703,0.7709080083274373
BAAI/bge-m3,hausa,german,0.82,0.8659310446677355
BAAI/bge-m3,hausa,gujarati,0.77,0.8238256405505779
BAAI/bge-m3,hausa,indonesian,0.844,0.8824684044790327
BAAI/bge-m3,hausa,japanese,0.747,0.8146907178190695
BAAI/bge-m3,hausa,kannada,0.81,0.8591539670368739
BAAI/bge-m3,hausa,khmer,0.769,0.8216466549543456
BAAI/bge-m3,hausa,kurdish,0.315,0.4035736332018846
BAAI/bge-m3,hausa,kyrgyz,0.753,0.818558168537356
BAAI/bge-m3,hausa,lingala,0.604,0.6905102361508926
BAAI/bge-m3,hausa,lithuanian,0.797,0.8462964744108565
BAAI/bge-m3,hausa,macedonian,0.782,0.8360857922868741
BAAI/bge-m3,hausa,malayalam,0.836,0.8769766381991216
BAAI/bge-m3,hausa,moore,0.067,0.12470137661319818
BAAI/bge-m3,hausa,oromo,0.629,0.7055271106002199
BAAI/bge-m3,hausa,pashto,0.749,0.8067516877549092
BAAI/bge-m3,hausa,persian,0.824,0.86930038306851
BAAI/bge-m3,hausa,portuguese,0.809,0.861304137874672
BAAI/bge-m3,hausa,romanian,0.814,0.862607906786352
BAAI/bge-m3,hausa,serbian,0.819,0.8635078872462627
BAAI/bge-m3,hausa,spanish,0.736,0.8011110112830745
BAAI/bge-m3,hausa,tagalog,0.787,0.8409622113484181
BAAI/bge-m3,hausa,tajik,0.712,0.7776151864022559
BAAI/bge-m3,hausa,tamil,0.826,0.8732697234163462
BAAI/bge-m3,hausa,turkish,0.823,0.8671891675625152
BAAI/bge-m3,hausa,urdu,0.813,0.8615012266413501
BAAI/bge-m3,hausa,uyghur,0.769,0.8231111632652136
BAAI/bge-m3,hausa,uzbek,0.811,0.856939080843636
BAAI/bge-m3,hausa,vietnamese,0.754,0.8165608467281193
BAAI/bge-m3,hausa,yoruba,0.418,0.52357878967108
BAAI/bge-m3,indonesian,albanian,0.952,0.9681215390720858
BAAI/bge-m3,indonesian,asante,0.376,0.46684330266959123
BAAI/bge-m3,indonesian,assamese,0.917,0.9437068676747529
BAAI/bge-m3,indonesian,azeri,0.96,0.9720649245663178
BAAI/bge-m3,indonesian,bosnian-mihanovich,0.948,0.966730683129151
BAAI/bge-m3,indonesian,bosnian-rwwad,0.942,0.9618358637032441
BAAI/bge-m3,indonesian,chinese,0.9,0.9341333936980968
BAAI/bge-m3,indonesian,croatian,0.945,0.9646414945099299
BAAI/bge-m3,indonesian,dutch,0.951,0.9690453417276328
BAAI/bge-m3,indonesian,english,0.962,0.9752790999278499
BAAI/bge-m3,indonesian,french,0.899,0.9302218968570694
BAAI/bge-m3,indonesian,german,0.957,0.9710085903529174
BAAI/bge-m3,indonesian,gujarati,0.923,0.9503019360218838
BAAI/bge-m3,indonesian,hausa,0.819,0.8652287569494258
BAAI/bge-m3,indonesian,japanese,0.935,0.9588167027417027
BAAI/bge-m3,indonesian,kannada,0.953,0.9710173907261369
BAAI/bge-m3,indonesian,khmer,0.948,0.9659307983662501
BAAI/bge-m3,indonesian,kurdish,0.374,0.4678962554257537
BAAI/bge-m3,indonesian,kyrgyz,0.93,0.9535445687247956
BAAI/bge-m3,indonesian,lingala,0.666,0.7400751335329236
BAAI/bge-m3,indonesian,lithuanian,0.939,0.9568488241174686
BAAI/bge-m3,indonesian,macedonian,0.94,0.961567013824026
BAAI/bge-m3,indonesian,malayalam,0.952,0.9701887731481481
BAAI/bge-m3,indonesian,moore,0.057,0.09922138747812125
BAAI/bge-m3,indonesian,oromo,0.642,0.7213743643428595
BAAI/bge-m3,indonesian,pashto,0.865,0.9022399804545803
BAAI/bge-m3,indonesian,persian,0.965,0.9793239028944911
BAAI/bge-m3,indonesian,portuguese,0.947,0.9637353311278546
BAAI/bge-m3,indonesian,romanian,0.953,0.9674827231512778
BAAI/bge-m3,indonesian,serbian,0.957,0.9714123700293896
BAAI/bge-m3,indonesian,spanish,0.939,0.9595806540947872
BAAI/bge-m3,indonesian,tagalog,0.887,0.9225036774958736
BAAI/bge-m3,indonesian,tajik,0.814,0.8670646540529936
BAAI/bge-m3,indonesian,tamil,0.953,0.9699971528471528
BAAI/bge-m3,indonesian,turkish,0.952,0.9699585180623974
BAAI/bge-m3,indonesian,urdu,0.953,0.968110365924266
BAAI/bge-m3,indonesian,uyghur,0.908,0.9319654097200892
BAAI/bge-m3,indonesian,uzbek,0.865,0.9048014631981682
BAAI/bge-m3,indonesian,vietnamese,0.946,0.9653497957108252
BAAI/bge-m3,indonesian,yoruba,0.43,0.5432308956300896
BAAI/bge-m3,japanese,albanian,0.921,0.9445523189443429
BAAI/bge-m3,japanese,asante,0.257,0.3446119619108343
BAAI/bge-m3,japanese,assamese,0.855,0.8952037189333251
BAAI/bge-m3,japanese,azeri,0.925,0.950001267320899
BAAI/bge-m3,japanese,bosnian-mihanovich,0.91,0.9390036363647215
BAAI/bge-m3,japanese,bosnian-rwwad,0.904,0.9349709350535002
BAAI/bge-m3,japanese,chinese,0.869,0.90927892126877
BAAI/bge-m3,japanese,croatian,0.902,0.9342233650951539
BAAI/bge-m3,japanese,dutch,0.936,0.9563507687823289
BAAI/bge-m3,japanese,english,0.943,0.9610587699558321
BAAI/bge-m3,japanese,french,0.867,0.9037240063156223
BAAI/bge-m3,japanese,german,0.925,0.9478745838024675
BAAI/bge-m3,japanese,gujarati,0.879,0.9176053013457742
BAAI/bge-m3,japanese,hausa,0.729,0.7889699178746571
BAAI/bge-m3,japanese,indonesian,0.943,0.9630128131454002
BAAI/bge-m3,japanese,kannada,0.914,0.9462726063570281
BAAI/bge-m3,japanese,khmer,0.916,0.9414858888513079
BAAI/bge-m3,japanese,kurdish,0.269,0.3581365598248437
BAAI/bge-m3,japanese,kyrgyz,0.885,0.9211481214324336
BAAI/bge-m3,japanese,lingala,0.54,0.6262517253331473
BAAI/bge-m3,japanese,lithuanian,0.905,0.9346832843564932
BAAI/bge-m3,japanese,macedonian,0.906,0.9319098845127926
BAAI/bge-m3,japanese,malayalam,0.917,0.9443603881906056
BAAI/bge-m3,japanese,moore,0.036,0.07014888657851943
BAAI/bge-m3,japanese,oromo,0.498,0.590473076652521
BAAI/bge-m3,japanese,pashto,0.795,0.851007259734532
BAAI/bge-m3,japanese,persian,0.951,0.9687136904761904
BAAI/bge-m3,japanese,portuguese,0.911,0.9397858451415314
BAAI/bge-m3,japanese,romanian,0.919,0.9418736795967151
BAAI/bge-m3,japanese,serbian,0.919,0.942924157087033
BAAI/bge-m3,japanese,spanish,0.925,0.9518732338306379
BAAI/bge-m3,japanese,tagalog,0.802,0.8564855906792375
BAAI/bge-m3,japanese,tajik,0.713,0.7778023695232478
BAAI/bge-m3,japanese,tamil,0.939,0.9609306799194958
BAAI/bge-m3,japanese,turkish,0.916,0.9444115244076544
BAAI/bge-m3,japanese,urdu,0.915,0.9417846996828608
BAAI/bge-m3,japanese,uyghur,0.875,0.9086138243467828
BAAI/bge-m3,japanese,uzbek,0.826,0.8719221430308448
BAAI/bge-m3,japanese,vietnamese,0.923,0.9489742611203641
BAAI/bge-m3,japanese,yoruba,0.342,0.43462470972836525
BAAI/bge-m3,kannada,albanian,0.94,0.9586118337065054
BAAI/bge-m3,kannada,asante,0.339,0.4325326950034367
BAAI/bge-m3,kannada,assamese,0.922,0.9485246540796743
BAAI/bge-m3,kannada,azeri,0.951,0.9697482064536341
BAAI/bge-m3,kannada,bosnian-mihanovich,0.937,0.9569417485757208
BAAI/bge-m3,kannada,bosnian-rwwad,0.927,0.9505995714173017
BAAI/bge-m3,kannada,chinese,0.88,0.9163269155951567
BAAI/bge-m3,kannada,croatian,0.931,0.9520857357149891
BAAI/bge-m3,kannada,dutch,0.938,0.9594555411557971
BAAI/bge-m3,kannada,english,0.955,0.9712300275583771
BAAI/bge-m3,kannada,french,0.878,0.9147162654535768
BAAI/bge-m3,kannada,german,0.935,0.956593443341551
BAAI/bge-m3,kannada,gujarati,0.945,0.9640717220980379
BAAI/bge-m3,kannada,hausa,0.793,0.8423072314562349
BAAI/bge-m3,kannada,indonesian,0.962,0.9755034674475851
BAAI/bge-m3,kannada,japanese,0.927,0.9534334769310663
BAAI/bge-m3,kannada,khmer,0.926,0.9513839135938994
BAAI/bge-m3,kannada,kurdish,0.354,0.450807456896975
BAAI/bge-m3,kannada,kyrgyz,0.923,0.949349548533477
BAAI/bge-m3,kannada,lingala,0.645,0.7194774637918618
BAAI/bge-m3,kannada,lithuanian,0.914,0.9412065675356209
BAAI/bge-m3,kannada,macedonian,0.928,0.9503865258202782
BAAI/bge-m3,kannada,malayalam,0.968,0.9805186868686869
BAAI/bge-m3,kannada,moore,0.048,0.08973487336056558
BAAI/bge-m3,kannada,oromo,0.639,0.7231828594571046
BAAI/bge-m3,kannada,pashto,0.861,0.9036186597482976
BAAI/bge-m3,kannada,persian,0.949,0.9679235909822866
BAAI/bge-m3,kannada,portuguese,0.935,0.9582757307840928
BAAI/bge-m3,kannada,romanian,0.936,0.9576959631611641
BAAI/bge-m3,kannada,serbian,0.937,0.9585334880531311
BAAI/bge-m3,kannada,spanish,0.915,0.9428155477982616
BAAI/bge-m3,kannada,tagalog,0.862,0.9021492046584428
BAAI/bge-m3,kannada,tajik,0.766,0.8277721096616313
BAAI/bge-m3,kannada,tamil,0.957,0.9721894246322297
BAAI/bge-m3,kannada,turkish,0.95,0.9691756629941558
BAAI/bge-m3,kannada,urdu,0.963,0.9771756528417818
BAAI/bge-m3,kannada,uyghur,0.891,0.9228240154696082
BAAI/bge-m3,kannada,uzbek,0.879,0.9164298168163144
BAAI/bge-m3,kannada,vietnamese,0.942,0.9635197073415912
BAAI/bge-m3,kannada,yoruba,0.404,0.5027636540058154
BAAI/bge-m3,khmer,albanian,0.909,0.9394678404061201
BAAI/bge-m3,khmer,asante,0.296,0.39517721566017894
BAAI/bge-m3,khmer,assamese,0.895,0.9257498732871677
BAAI/bge-m3,khmer,azeri,0.927,0.9521646725641711
BAAI/bge-m3,khmer,bosnian-mihanovich,0.914,0.9427145215396698
BAAI/bge-m3,khmer,bosnian-rwwad,0.908,0.938142853356582
BAAI/bge-m3,khmer,chinese,0.88,0.9178702790687862
BAAI/bge-m3,khmer,croatian,0.908,0.9385490984337544
BAAI/bge-m3,khmer,dutch,0.928,0.9539598310434674
BAAI/bge-m3,khmer,english,0.936,0.9573650069655469
BAAI/bge-m3,khmer,french,0.87,0.908646557272265
BAAI/bge-m3,khmer,german,0.913,0.9401280596820568
BAAI/bge-m3,khmer,gujarati,0.894,0.9279854544283209
BAAI/bge-m3,khmer,hausa,0.788,0.8335686446154604
BAAI/bge-m3,khmer,indonesian,0.954,0.969523431374158
BAAI/bge-m3,khmer,japanese,0.916,0.945723123990115
BAAI/bge-m3,khmer,kannada,0.918,0.946710118317371
BAAI/bge-m3,khmer,kurdish,0.359,0.45211833266146734
BAAI/bge-m3,khmer,kyrgyz,0.893,0.9273310218536962
BAAI/bge-m3,khmer,lingala,0.618,0.7067139530611762
BAAI/bge-m3,khmer,lithuanian,0.902,0.9360952085190015
BAAI/bge-m3,khmer,macedonian,0.904,0.9370932428602395
BAAI/bge-m3,khmer,malayalam,0.935,0.9552220481446655
BAAI/bge-m3,khmer,moore,0.039,0.08065018428528913
BAAI/bge-m3,khmer,oromo,0.602,0.6846486496802353
BAAI/bge-m3,khmer,pashto,0.831,0.8768421823842559
BAAI/bge-m3,khmer,persian,0.936,0.959610329701073
BAAI/bge-m3,khmer,portuguese,0.901,0.9339428932002256
BAAI/bge-m3,khmer,romanian,0.918,0.9449697118449014
BAAI/bge-m3,khmer,serbian,0.934,0.954888866201265
BAAI/bge-m3,khmer,spanish,0.905,0.9353439567900634
BAAI/bge-m3,khmer,tagalog,0.854,0.89731207208597
BAAI/bge-m3,khmer,tajik,0.753,0.820986263389375
BAAI/bge-m3,khmer,tamil,0.929,0.9545773514214618
BAAI/bge-m3,khmer,turkish,0.917,0.9458141569135471
BAAI/bge-m3,khmer,urdu,0.918,0.9447423708034378
BAAI/bge-m3,khmer,uyghur,0.875,0.9077161128702415
BAAI/bge-m3,khmer,uzbek,0.842,0.8830228798280172
BAAI/bge-m3,khmer,vietnamese,0.928,0.9536027235367328
BAAI/bge-m3,khmer,yoruba,0.393,0.4945493623201197
BAAI/bge-m3,kurdish,albanian,0.411,0.5129950470385328
BAAI/bge-m3,kurdish,asante,0.136,0.21687581529118952
BAAI/bge-m3,kurdish,assamese,0.414,0.5198721025864078
BAAI/bge-m3,kurdish,azeri,0.403,0.5151088941424992
BAAI/bge-m3,kurdish,bosnian-mihanovich,0.406,0.5106448103212602
BAAI/bge-m3,kurdish,bosnian-rwwad,0.395,0.50207024151254
BAAI/bge-m3,kurdish,chinese,0.282,0.38311091089134514
BAAI/bge-m3,kurdish,croatian,0.391,0.49860065802292225
BAAI/bge-m3,kurdish,dutch,0.367,0.4769937136705389
BAAI/bge-m3,kurdish,english,0.412,0.5183676728647779
BAAI/bge-m3,kurdish,french,0.324,0.4290418628155278
BAAI/bge-m3,kurdish,german,0.378,0.48534824764739415
BAAI/bge-m3,kurdish,gujarati,0.43,0.527235006533625
BAAI/bge-m3,kurdish,hausa,0.32,0.42463746183177553
BAAI/bge-m3,kurdish,indonesian,0.445,0.5505849228732334
BAAI/bge-m3,kurdish,japanese,0.35,0.453320345310301
BAAI/bge-m3,kurdish,kannada,0.391,0.5020689556667958
BAAI/bge-m3,kurdish,khmer,0.364,0.4748520810516065
BAAI/bge-m3,kurdish,kyrgyz,0.383,0.4897094389845552
BAAI/bge-m3,kurdish,lingala,0.276,0.3828359462851213
BAAI/bge-m3,kurdish,lithuanian,0.368,0.47656952217138127
BAAI/bge-m3,kurdish,macedonian,0.388,0.49212508220477924
BAAI/bge-m3,kurdish,malayalam,0.432,0.5357192317442252
BAAI/bge-m3,kurdish,moore,0.031,0.06919772394978771
BAAI/bge-m3,kurdish,oromo,0.303,0.3970488599218528
BAAI/bge-m3,kurdish,pashto,0.404,0.5088096440624679
BAAI/bge-m3,kurdish,persian,0.497,0.5990590132470889
BAAI/bge-m3,kurdish,portuguese,0.39,0.4974937863292447
BAAI/bge-m3,kurdish,romanian,0.413,0.5103386332667911
BAAI/bge-m3,kurdish,serbian,0.404,0.5042421067685043
BAAI/bge-m3,kurdish,spanish,0.334,0.4391523101423344
BAAI/bge-m3,kurdish,tagalog,0.377,0.4809072465335008
BAAI/bge-m3,kurdish,tajik,0.441,0.5487939916625209
BAAI/bge-m3,kurdish,tamil,0.413,0.5145367660804757
BAAI/bge-m3,kurdish,turkish,0.385,0.4955725868665133
BAAI/bge-m3,kurdish,urdu,0.412,0.5185152376695158
BAAI/bge-m3,kurdish,uyghur,0.42,0.5165433365791459
BAAI/bge-m3,kurdish,uzbek,0.361,0.4656555027601719
BAAI/bge-m3,kurdish,vietnamese,0.358,0.4650562302428798
BAAI/bge-m3,kurdish,yoruba,0.134,0.21591275121561992
BAAI/bge-m3,kyrgyz,albanian,0.911,0.9372100148337329
BAAI/bge-m3,kyrgyz,asante,0.28,0.3727840865630625
BAAI/bge-m3,kyrgyz,assamese,0.863,0.9010467360714406
BAAI/bge-m3,kyrgyz,azeri,0.945,0.9640193550787592
BAAI/bge-m3,kyrgyz,bosnian-mihanovich,0.898,0.9297621602658369
BAAI/bge-m3,kyrgyz,bosnian-rwwad,0.9,0.9295096217297765
BAAI/bge-m3,kyrgyz,chinese,0.806,0.8611350859530219
BAAI/bge-m3,kyrgyz,croatian,0.903,0.9311651353320128
BAAI/bge-m3,kyrgyz,dutch,0.911,0.9381098185493886
BAAI/bge-m3,kyrgyz,english,0.923,0.9449293261925873
BAAI/bge-m3,kyrgyz,french,0.833,0.8791792901124136
BAAI/bge-m3,kyrgyz,german,0.904,0.9304727278539657
BAAI/bge-m3,kyrgyz,gujarati,0.879,0.9171990630949206
BAAI/bge-m3,kyrgyz,hausa,0.73,0.7921059264739613
BAAI/bge-m3,kyrgyz,indonesian,0.927,0.9513029545082134
BAAI/bge-m3,kyrgyz,japanese,0.883,0.9229651636967909
BAAI/bge-m3,kyrgyz,kannada,0.919,0.9472823252189682
BAAI/bge-m3,kyrgyz,khmer,0.89,0.9228065695456545
BAAI/bge-m3,kyrgyz,kurdish,0.322,0.4169666746267326
BAAI/bge-m3,kyrgyz,lingala,0.554,0.6456712776883172
BAAI/bge-m3,kyrgyz,lithuanian,0.887,0.9220828267121605
BAAI/bge-m3,kyrgyz,macedonian,0.888,0.9210101663830382
BAAI/bge-m3,kyrgyz,malayalam,0.913,0.9440541260027844
BAAI/bge-m3,kyrgyz,moore,0.054,0.09303015066406488
BAAI/bge-m3,kyrgyz,oromo,0.575,0.6544125540685009
BAAI/bge-m3,kyrgyz,pashto,0.815,0.8639464589265561
BAAI/bge-m3,kyrgyz,persian,0.944,0.962830041718494
BAAI/bge-m3,kyrgyz,portuguese,0.896,0.9308520822965015
BAAI/bge-m3,kyrgyz,romanian,0.898,0.9279651719642693
BAAI/bge-m3,kyrgyz,serbian,0.901,0.9314719235969062
BAAI/bge-m3,kyrgyz,spanish,0.897,0.9266438485549212
BAAI/bge-m3,kyrgyz,tagalog,0.808,0.8582330741084238
BAAI/bge-m3,kyrgyz,tajik,0.749,0.8146289077807075
BAAI/bge-m3,kyrgyz,tamil,0.926,0.952092998565845
BAAI/bge-m3,kyrgyz,turkish,0.93,0.9551634550906117
BAAI/bge-m3,kyrgyz,urdu,0.918,0.9438343601403443
BAAI/bge-m3,kyrgyz,uyghur,0.89,0.9235805785186207
BAAI/bge-m3,kyrgyz,uzbek,0.893,0.92288161392076
BAAI/bge-m3,kyrgyz,vietnamese,0.897,0.9287289818324057
BAAI/bge-m3,kyrgyz,yoruba,0.364,0.46673319950682485
BAAI/bge-m3,lingala,albanian,0.689,0.7648506152988123
BAAI/bge-m3,lingala,asante,0.332,0.4287795003661898
BAAI/bge-m3,lingala,assamese,0.668,0.7438438848491067
BAAI/bge-m3,lingala,azeri,0.643,0.7340599792663485
BAAI/bge-m3,lingala,bosnian-mihanovich,0.724,0.78685725815295
BAAI/bge-m3,lingala,bosnian-rwwad,0.716,0.779982206217529
BAAI/bge-m3,lingala,chinese,0.453,0.5619082502306441
BAAI/bge-m3,lingala,croatian,0.71,0.7775391680137982
BAAI/bge-m3,lingala,dutch,0.672,0.7470831042292755
BAAI/bge-m3,lingala,english,0.71,0.7757849268443303
BAAI/bge-m3,lingala,french,0.597,0.6819518218226983
BAAI/bge-m3,lingala,german,0.703,0.7716888494667516
BAAI/bge-m3,lingala,gujarati,0.608,0.7045920052904646
BAAI/bge-m3,lingala,hausa,0.634,0.7121982344752369
BAAI/bge-m3,lingala,indonesian,0.724,0.7926411492015337
BAAI/bge-m3,lingala,japanese,0.555,0.6556043737601587
BAAI/bge-m3,lingala,kannada,0.635,0.7236393872337531
BAAI/bge-m3,lingala,khmer,0.626,0.7161450747932958
BAAI/bge-m3,lingala,kurdish,0.244,0.34754979513743417
BAAI/bge-m3,lingala,kyrgyz,0.606,0.6941202645096095
BAAI/bge-m3,lingala,lithuanian,0.618,0.7067757991488138
BAAI/bge-m3,lingala,macedonian,0.691,0.7676421382958282
BAAI/bge-m3,lingala,malayalam,0.682,0.763200851992557
BAAI/bge-m3,lingala,moore,0.059,0.109096434434206
BAAI/bge-m3,lingala,oromo,0.468,0.5669004069258197
BAAI/bge-m3,lingala,pashto,0.613,0.7096041267410805
BAAI/bge-m3,lingala,persian,0.658,0.7467850377444422
BAAI/bge-m3,lingala,portuguese,0.676,0.7528979055289706
BAAI/bge-m3,lingala,romanian,0.689,0.7652956320377395
BAAI/bge-m3,lingala,serbian,0.711,0.7781942470076058
BAAI/bge-m3,lingala,spanish,0.562,0.6570824060488112
BAAI/bge-m3,lingala,tagalog,0.671,0.7423195887293632
BAAI/bge-m3,lingala,tajik,0.58,0.6726312461655275
BAAI/bge-m3,lingala,tamil,0.663,0.7482981732167261
BAAI/bge-m3,lingala,turkish,0.609,0.7048027172330683
BAAI/bge-m3,lingala,urdu,0.665,0.7514832171731103
BAAI/bge-m3,lingala,uyghur,0.606,0.6902090320793272
BAAI/bge-m3,lingala,uzbek,0.624,0.7126613220301683
BAAI/bge-m3,lingala,vietnamese,0.578,0.6748555907634479
BAAI/bge-m3,lingala,yoruba,0.331,0.4371157382723982
BAAI/bge-m3,lithuanian,albanian,0.934,0.9497802008468691
BAAI/bge-m3,lithuanian,asante,0.32,0.41615789873386433
BAAI/bge-m3,lithuanian,assamese,0.887,0.9210028091688246
BAAI/bge-m3,lithuanian,azeri,0.934,0.9534630563868889
BAAI/bge-m3,lithuanian,bosnian-mihanovich,0.923,0.9463537002087571
BAAI/bge-m3,lithuanian,bosnian-rwwad,0.933,0.9530102128304782
BAAI/bge-m3,lithuanian,chinese,0.845,0.8921149198073606
BAAI/bge-m3,lithuanian,croatian,0.933,0.9523895670199998
BAAI/bge-m3,lithuanian,dutch,0.954,0.9674845950797087
BAAI/bge-m3,lithuanian,english,0.952,0.9660086843141951
BAAI/bge-m3,lithuanian,french,0.979,0.9861089285714286
BAAI/bge-m3,lithuanian,german,0.926,0.9449450384647048
BAAI/bge-m3,lithuanian,gujarati,0.965,0.9780242155505313
BAAI/bge-m3,lithuanian,hausa,0.771,0.824106753654657
BAAI/bge-m3,lithuanian,indonesian,0.947,0.9630716625656544
BAAI/bge-m3,lithuanian,japanese,0.907,0.9366949866230393
BAAI/bge-m3,lithuanian,kannada,0.914,0.9414607069390413
BAAI/bge-m3,lithuanian,khmer,0.894,0.9280021164122398
BAAI/bge-m3,lithuanian,kurdish,0.315,0.40610763708669917
BAAI/bge-m3,lithuanian,kyrgyz,0.888,0.9217911370569954
BAAI/bge-m3,lithuanian,lingala,0.578,0.6670905814232705
BAAI/bge-m3,lithuanian,macedonian,0.987,0.9921130952380952
BAAI/bge-m3,lithuanian,malayalam,0.93,0.952013318086548
BAAI/bge-m3,lithuanian,moore,0.052,0.08817117657206405
BAAI/bge-m3,lithuanian,oromo,0.574,0.6532670460993683
BAAI/bge-m3,lithuanian,pashto,0.839,0.8789650998963363
BAAI/bge-m3,lithuanian,persian,0.934,0.9571876299322392
BAAI/bge-m3,lithuanian,portuguese,0.931,0.9512080735177426
BAAI/bge-m3,lithuanian,romanian,0.935,0.9565775750572464
BAAI/bge-m3,lithuanian,serbian,0.933,0.9547802131590104
BAAI/bge-m3,lithuanian,spanish,0.92,0.9460061091801439
BAAI/bge-m3,lithuanian,tagalog,0.845,0.8905968593072512
BAAI/bge-m3,lithuanian,tajik,0.755,0.811457395990195
BAAI/bge-m3,lithuanian,tamil,0.931,0.9537077508770778
BAAI/bge-m3,lithuanian,turkish,0.93,0.9505112342257916
BAAI/bge-m3,lithuanian,urdu,0.912,0.9397514194534337
BAAI/bge-m3,lithuanian,uyghur,0.944,0.9599351516019405
BAAI/bge-m3,lithuanian,uzbek,0.84,0.8814393311306612
BAAI/bge-m3,lithuanian,vietnamese,0.923,0.9464039368100914
BAAI/bge-m3,lithuanian,yoruba,0.388,0.49211544020356
BAAI/bge-m3,macedonian,albanian,0.96,0.9735101886443267
BAAI/bge-m3,macedonian,asante,0.336,0.4230610435703361
BAAI/bge-m3,macedonian,assamese,0.896,0.926253308690575
BAAI/bge-m3,macedonian,azeri,0.948,0.9644909501413718
BAAI/bge-m3,macedonian,bosnian-mihanovich,0.978,0.9848020730476011
BAAI/bge-m3,macedonian,bosnian-rwwad,0.979,0.9859650862921032
BAAI/bge-m3,macedonian,chinese,0.867,0.910175596893194
BAAI/bge-m3,macedonian,croatian,0.979,0.985304285991786
BAAI/bge-m3,macedonian,dutch,0.94,0.960404767848418
BAAI/bge-m3,macedonian,english,0.951,0.9716819439847175
BAAI/bge-m3,macedonian,french,0.991,0.9945333333333333
BAAI/bge-m3,macedonian,german,0.948,0.9642457458584045
BAAI/bge-m3,macedonian,gujarati,0.98,0.9880026315789473
BAAI/bge-m3,macedonian,hausa,0.791,0.8344141874324648
BAAI/bge-m3,macedonian,indonesian,0.951,0.9707213675213675
BAAI/bge-m3,macedonian,japanese,0.921,0.9469375537355266
BAAI/bge-m3,macedonian,kannada,0.93,0.953567508098648
BAAI/bge-m3,macedonian,khmer,0.904,0.9351582209934175
BAAI/bge-m3,macedonian,kurdish,0.332,0.4268366152257547
BAAI/bge-m3,macedonian,kyrgyz,0.907,0.935787628699347
BAAI/bge-m3,macedonian,lingala,0.646,0.7261145470350625
BAAI/bge-m3,macedonian,lithuanian,0.983,0.9896166666666667
BAAI/bge-m3,macedonian,malayalam,0.937,0.9583521878720408
BAAI/bge-m3,macedonian,moore,0.045,0.08579760828503835
BAAI/bge-m3,macedonian,oromo,0.594,0.6749393856274337
BAAI/bge-m3,macedonian,pashto,0.86,0.8959071152936642
BAAI/bge-m3,macedonian,persian,0.95,0.9691066828409473
BAAI/bge-m3,macedonian,portuguese,0.939,0.9592621789136422
BAAI/bge-m3,macedonian,romanian,0.949,0.9641855081698265
BAAI/bge-m3,macedonian,serbian,0.981,0.9874254901960785
BAAI/bge-m3,macedonian,spanish,0.926,0.9536202083249026
BAAI/bge-m3,macedonian,tagalog,0.86,0.9003567554034767
BAAI/bge-m3,macedonian,tajik,0.772,0.829809899342945
BAAI/bge-m3,macedonian,tamil,0.933,0.9563593187738247
BAAI/bge-m3,macedonian,turkish,0.938,0.9585487942612942
BAAI/bge-m3,macedonian,urdu,0.937,0.9584653882575758
BAAI/bge-m3,macedonian,uyghur,0.941,0.9595042345283818
BAAI/bge-m3,macedonian,uzbek,0.875,0.9074478124693853
BAAI/bge-m3,macedonian,vietnamese,0.932,0.9564449312875584
BAAI/bge-m3,macedonian,yoruba,0.398,0.498181187443677
BAAI/bge-m3,malayalam,albanian,0.944,0.9600709065190114
BAAI/bge-m3,malayalam,asante,0.345,0.43063228587177493
BAAI/bge-m3,malayalam,assamese,0.92,0.9468230184929728
BAAI/bge-m3,malayalam,azeri,0.955,0.9708084815780642
BAAI/bge-m3,malayalam,bosnian-mihanovich,0.94,0.9591490943740826
BAAI/bge-m3,malayalam,bosnian-rwwad,0.933,0.9535314062173672
BAAI/bge-m3,malayalam,chinese,0.876,0.9131871461951319
BAAI/bge-m3,malayalam,croatian,0.933,0.9537857508449635
BAAI/bge-m3,malayalam,dutch,0.946,0.9657893265020906
BAAI/bge-m3,malayalam,english,0.957,0.9713476120903372
BAAI/bge-m3,malayalam,french,0.887,0.9189303846675927
BAAI/bge-m3,malayalam,german,0.945,0.9623340266043359
BAAI/bge-m3,malayalam,gujarati,0.928,0.9519031012405469
BAAI/bge-m3,malayalam,hausa,0.803,0.850178711478777
BAAI/bge-m3,malayalam,indonesian,0.96,0.9744511642896501
BAAI/bge-m3,malayalam,japanese,0.925,0.9513878158776605
BAAI/bge-m3,malayalam,kannada,0.963,0.9783386363636364
BAAI/bge-m3,malayalam,khmer,0.924,0.948860213443551
BAAI/bge-m3,malayalam,kurdish,0.358,0.4476431586265957
BAAI/bge-m3,malayalam,kyrgyz,0.915,0.9448819805425269
BAAI/bge-m3,malayalam,lingala,0.623,0.7136646424327783
BAAI/bge-m3,malayalam,lithuanian,0.928,0.9489911645391289
BAAI/bge-m3,malayalam,macedonian,0.928,0.9506277485823488
BAAI/bge-m3,malayalam,moore,0.047,0.08461131554146085
BAAI/bge-m3,malayalam,oromo,0.628,0.7102439853675905
BAAI/bge-m3,malayalam,pashto,0.878,0.9148270683342467
BAAI/bge-m3,malayalam,persian,0.956,0.9720793831168831
BAAI/bge-m3,malayalam,portuguese,0.942,0.9619662353347136
BAAI/bge-m3,malayalam,romanian,0.95,0.9646185830146021
BAAI/bge-m3,malayalam,serbian,0.946,0.9614479441620705
BAAI/bge-m3,malayalam,spanish,0.919,0.9460796863173809
BAAI/bge-m3,malayalam,tagalog,0.871,0.9062681456240361
BAAI/bge-m3,malayalam,tajik,0.785,0.8459857080337333
BAAI/bge-m3,malayalam,tamil,0.962,0.976478608058608
BAAI/bge-m3,malayalam,turkish,0.947,0.9668620486064985
BAAI/bge-m3,malayalam,urdu,0.953,0.9681096536017588
BAAI/bge-m3,malayalam,uyghur,0.895,0.9236920145850344
BAAI/bge-m3,malayalam,uzbek,0.884,0.916712014874784
BAAI/bge-m3,malayalam,vietnamese,0.926,0.9531374596285888
BAAI/bge-m3,malayalam,yoruba,0.422,0.5243025774899794
BAAI/bge-m3,moore,albanian,0.056,0.09511016798411044
BAAI/bge-m3,moore,asante,0.067,0.10623318693576085
BAAI/bge-m3,moore,assamese,0.06,0.10037055943990715
BAAI/bge-m3,moore,azeri,0.057,0.09794947248778145
BAAI/bge-m3,moore,bosnian-mihanovich,0.046,0.08702716865595628
BAAI/bge-m3,moore,bosnian-rwwad,0.048,0.0896697343368557
BAAI/bge-m3,moore,chinese,0.033,0.06257306330547359
BAAI/bge-m3,moore,croatian,0.046,0.08732541257014877
BAAI/bge-m3,moore,dutch,0.049,0.08761827619097895
BAAI/bge-m3,moore,english,0.055,0.09330033819698241
BAAI/bge-m3,moore,french,0.046,0.0843001556050775
BAAI/bge-m3,moore,german,0.06,0.09540286671010319
BAAI/bge-m3,moore,gujarati,0.042,0.08206683890857926
BAAI/bge-m3,moore,hausa,0.05,0.09882781861399163
BAAI/bge-m3,moore,indonesian,0.059,0.10192533074917041
BAAI/bge-m3,moore,japanese,0.039,0.07036373167975221
BAAI/bge-m3,moore,kannada,0.041,0.08382763768761128
BAAI/bge-m3,moore,khmer,0.035,0.07489709585922803
BAAI/bge-m3,moore,kurdish,0.032,0.0683277272804855
BAAI/bge-m3,moore,kyrgyz,0.05,0.08847931991046828
BAAI/bge-m3,moore,lingala,0.061,0.10739327915885004
BAAI/bge-m3,moore,lithuanian,0.051,0.0899183306027598
BAAI/bge-m3,moore,macedonian,0.052,0.09018794581311655
BAAI/bge-m3,moore,malayalam,0.045,0.08187101113920686
BAAI/bge-m3,moore,oromo,0.06,0.10219937196162672
BAAI/bge-m3,moore,pashto,0.05,0.09121716343178939
BAAI/bge-m3,moore,persian,0.06,0.09737043501415561
BAAI/bge-m3,moore,portuguese,0.056,0.09372660269354625
BAAI/bge-m3,moore,romanian,0.051,0.09167955628613228
BAAI/bge-m3,moore,serbian,0.044,0.08244133976706237
BAAI/bge-m3,moore,spanish,0.036,0.07288708424641002
BAAI/bge-m3,moore,tagalog,0.059,0.10347163281589247
BAAI/bge-m3,moore,tajik,0.045,0.08960362360961151
BAAI/bge-m3,moore,tamil,0.038,0.07921896140834454
BAAI/bge-m3,moore,turkish,0.05,0.08817910946618056
BAAI/bge-m3,moore,urdu,0.046,0.08319962097584865
BAAI/bge-m3,moore,uyghur,0.045,0.08344468272763497
BAAI/bge-m3,moore,uzbek,0.05,0.09157150389139558
BAAI/bge-m3,moore,vietnamese,0.043,0.07823383820034441
BAAI/bge-m3,moore,yoruba,0.052,0.09193927265315667
BAAI/bge-m3,oromo,albanian,0.65,0.7314594925251746
BAAI/bge-m3,oromo,asante,0.303,0.40012712250387633
BAAI/bge-m3,oromo,assamese,0.675,0.750774496735776
BAAI/bge-m3,oromo,azeri,0.671,0.7502333869485912
BAAI/bge-m3,oromo,bosnian-mihanovich,0.668,0.745074162417589
BAAI/bge-m3,oromo,bosnian-rwwad,0.665,0.7369527138318376
BAAI/bge-m3,oromo,chinese,0.486,0.5857544969614853
BAAI/bge-m3,oromo,croatian,0.66,0.7374749150433663
BAAI/bge-m3,oromo,dutch,0.631,0.7155018214276635
BAAI/bge-m3,oromo,english,0.678,0.7583809284405556
BAAI/bge-m3,oromo,french,0.53,0.6200227366974175
BAAI/bge-m3,oromo,german,0.674,0.7483969357177902
BAAI/bge-m3,oromo,gujarati,0.623,0.7094125046949343
BAAI/bge-m3,oromo,hausa,0.656,0.7311927831277
BAAI/bge-m3,oromo,indonesian,0.713,0.7814738335648397
BAAI/bge-m3,oromo,japanese,0.59,0.6800022497121028
BAAI/bge-m3,oromo,kannada,0.687,0.7632658904193897
BAAI/bge-m3,oromo,khmer,0.613,0.7056492083968622
BAAI/bge-m3,oromo,kurdish,0.27,0.3804352526638432
BAAI/bge-m3,oromo,kyrgyz,0.614,0.7015868734346487
BAAI/bge-m3,oromo,lingala,0.482,0.5792514814317715
BAAI/bge-m3,oromo,lithuanian,0.615,0.6993144423432575
BAAI/bge-m3,oromo,macedonian,0.631,0.7122920219706673
BAAI/bge-m3,oromo,malayalam,0.701,0.770958464252703
BAAI/bge-m3,oromo,moore,0.066,0.11407027530824715
BAAI/bge-m3,oromo,pashto,0.642,0.7251517860174508
BAAI/bge-m3,oromo,persian,0.674,0.7498037034456636
BAAI/bge-m3,oromo,portuguese,0.661,0.7448300109508093
BAAI/bge-m3,oromo,romanian,0.66,0.7394759536550537
BAAI/bge-m3,oromo,serbian,0.667,0.7401314038223612
BAAI/bge-m3,oromo,spanish,0.573,0.6706255374063107
BAAI/bge-m3,oromo,tagalog,0.661,0.7341910182612232
BAAI/bge-m3,oromo,tajik,0.581,0.6737098007174029
BAAI/bge-m3,oromo,tamil,0.696,0.7650102463115841
BAAI/bge-m3,oromo,turkish,0.621,0.7111865112823977
BAAI/bge-m3,oromo,urdu,0.672,0.7455660418967277
BAAI/bge-m3,oromo,uyghur,0.644,0.7188485127471993
BAAI/bge-m3,oromo,uzbek,0.645,0.7282704194245653
BAAI/bge-m3,oromo,vietnamese,0.589,0.6750887360910199
BAAI/bge-m3,oromo,yoruba,0.31,0.42065990903305805
BAAI/bge-m3,pashto,albanian,0.867,0.9054718643107394
BAAI/bge-m3,pashto,asante,0.309,0.40746207098658627
BAAI/bge-m3,pashto,assamese,0.866,0.9034185898979262
BAAI/bge-m3,pashto,azeri,0.891,0.9199161831905376
BAAI/bge-m3,pashto,bosnian-mihanovich,0.888,0.9181818889622612
BAAI/bge-m3,pashto,bosnian-rwwad,0.881,0.9124778522439222
BAAI/bge-m3,pashto,chinese,0.782,0.8375020608110217
BAAI/bge-m3,pashto,croatian,0.885,0.9139978119588898
BAAI/bge-m3,pashto,dutch,0.883,0.9161357134953845
BAAI/bge-m3,pashto,english,0.893,0.9250623883252124
BAAI/bge-m3,pashto,french,0.791,0.8439888630779341
BAAI/bge-m3,pashto,german,0.882,0.9150331778517263
BAAI/bge-m3,pashto,gujarati,0.894,0.9232247158131733
BAAI/bge-m3,pashto,hausa,0.761,0.8133756454318872
BAAI/bge-m3,pashto,indonesian,0.894,0.9245063605746061
BAAI/bge-m3,pashto,japanese,0.829,0.8809323443048058
BAAI/bge-m3,pashto,kannada,0.885,0.9195985129085984
BAAI/bge-m3,pashto,khmer,0.847,0.8890762617668829
BAAI/bge-m3,pashto,kurdish,0.409,0.5021577097746408
BAAI/bge-m3,pashto,kyrgyz,0.835,0.8828772173965006
BAAI/bge-m3,pashto,lingala,0.634,0.7122682128019237
BAAI/bge-m3,pashto,lithuanian,0.855,0.8961161517574255
BAAI/bge-m3,pashto,macedonian,0.88,0.9084625898088302
BAAI/bge-m3,pashto,malayalam,0.903,0.9336360408260257
BAAI/bge-m3,pashto,moore,0.05,0.09823649720187184
BAAI/bge-m3,pashto,oromo,0.622,0.7039616575509324
BAAI/bge-m3,pashto,persian,0.904,0.9327236364746693
BAAI/bge-m3,pashto,portuguese,0.868,0.9062142211232792
BAAI/bge-m3,pashto,romanian,0.881,0.9135632298434362
BAAI/bge-m3,pashto,serbian,0.892,0.9219506743848168
BAAI/bge-m3,pashto,spanish,0.819,0.870554628361075
BAAI/bge-m3,pashto,tagalog,0.796,0.8485380271959859
BAAI/bge-m3,pashto,tajik,0.772,0.8299946731086518
BAAI/bge-m3,pashto,tamil,0.884,0.9166999544659843
BAAI/bge-m3,pashto,turkish,0.882,0.9162692185244107
BAAI/bge-m3,pashto,urdu,0.921,0.9469193285128675
BAAI/bge-m3,pashto,uyghur,0.826,0.868389700928577
BAAI/bge-m3,pashto,uzbek,0.823,0.8704371214934359
BAAI/bge-m3,pashto,vietnamese,0.832,0.8780312927207603
BAAI/bge-m3,pashto,yoruba,0.36,0.4686967039625222
BAAI/bge-m3,persian,albanian,0.949,0.9661210365043742
BAAI/bge-m3,persian,asante,0.334,0.4259399521351461
BAAI/bge-m3,persian,assamese,0.908,0.9397924010138161
BAAI/bge-m3,persian,azeri,0.963,0.9760090762485415
BAAI/bge-m3,persian,bosnian-mihanovich,0.943,0.9631852121376034
BAAI/bge-m3,persian,bosnian-rwwad,0.94,0.961527605204599
BAAI/bge-m3,persian,chinese,0.885,0.9200098850114733
BAAI/bge-m3,persian,croatian,0.938,0.9604141130175144
BAAI/bge-m3,persian,dutch,0.947,0.9659737215699676
BAAI/bge-m3,persian,english,0.961,0.9743461273439213
BAAI/bge-m3,persian,french,0.899,0.9289683996954264
BAAI/bge-m3,persian,german,0.945,0.9620818784447169
BAAI/bge-m3,persian,gujarati,0.931,0.9528566287298175
BAAI/bge-m3,persian,hausa,0.794,0.8432586008908781
BAAI/bge-m3,persian,indonesian,0.962,0.9779500000000001
BAAI/bge-m3,persian,japanese,0.945,0.9645667126236888
BAAI/bge-m3,persian,kannada,0.95,0.9676996915584416
BAAI/bge-m3,persian,khmer,0.94,0.9612824721598379
BAAI/bge-m3,persian,kurdish,0.429,0.5181739181187538
BAAI/bge-m3,persian,kyrgyz,0.933,0.9563104516512635
BAAI/bge-m3,persian,lingala,0.636,0.7154079697176206
BAAI/bge-m3,persian,lithuanian,0.924,0.9477153788079099
BAAI/bge-m3,persian,macedonian,0.934,0.9548634795194539
BAAI/bge-m3,persian,malayalam,0.944,0.9639008084548142
BAAI/bge-m3,persian,moore,0.055,0.09662230712019049
BAAI/bge-m3,persian,oromo,0.635,0.7081930158691111
BAAI/bge-m3,persian,pashto,0.874,0.9086694450741675
BAAI/bge-m3,persian,portuguese,0.939,0.9588199625963015
BAAI/bge-m3,persian,romanian,0.944,0.9611722063833882
BAAI/bge-m3,persian,serbian,0.949,0.9669593907893907
BAAI/bge-m3,persian,spanish,0.945,0.9636522304098876
BAAI/bge-m3,persian,tagalog,0.857,0.9000372973633269
BAAI/bge-m3,persian,tajik,0.955,0.9693013639138639
BAAI/bge-m3,persian,tamil,0.956,0.97183
BAAI/bge-m3,persian,turkish,0.954,0.9719277167277167
BAAI/bge-m3,persian,urdu,0.946,0.9659653051225313
BAAI/bge-m3,persian,uyghur,0.907,0.9328808518579262
BAAI/bge-m3,persian,uzbek,0.891,0.9210972637586364
BAAI/bge-m3,persian,vietnamese,0.946,0.9657202601080679
BAAI/bge-m3,persian,yoruba,0.44,0.5342204778352516
BAAI/bge-m3,portuguese,albanian,0.95,0.9662425166354115
BAAI/bge-m3,portuguese,asante,0.364,0.4512944177089365
BAAI/bge-m3,portuguese,assamese,0.9,0.9328526705271016
BAAI/bge-m3,portuguese,azeri,0.944,0.9643685468126645
BAAI/bge-m3,portuguese,bosnian-mihanovich,0.942,0.9612056614243168
BAAI/bge-m3,portuguese,bosnian-rwwad,0.939,0.9578783873369766
BAAI/bge-m3,portuguese,chinese,0.892,0.9240540430659148
BAAI/bge-m3,portuguese,croatian,0.94,0.958066435457748
BAAI/bge-m3,portuguese,dutch,0.952,0.9697024755136169
BAAI/bge-m3,portuguese,english,0.967,0.9777938591166273
BAAI/bge-m3,portuguese,french,0.903,0.9309543359706045
BAAI/bge-m3,portuguese,german,0.958,0.9704822602193429
BAAI/bge-m3,portuguese,gujarati,0.897,0.9302286541568365
BAAI/bge-m3,portuguese,hausa,0.817,0.8622923830693884
BAAI/bge-m3,portuguese,indonesian,0.965,0.9794068681318682
BAAI/bge-m3,portuguese,japanese,0.926,0.9506345112826038
BAAI/bge-m3,portuguese,kannada,0.937,0.9598593606584986
BAAI/bge-m3,portuguese,khmer,0.913,0.9425430545384779
BAAI/bge-m3,portuguese,kurdish,0.335,0.43417881777132256
BAAI/bge-m3,portuguese,kyrgyz,0.91,0.9399626752380095
BAAI/bge-m3,portuguese,lingala,0.666,0.742216678149447
BAAI/bge-m3,portuguese,lithuanian,0.943,0.961346113463842
BAAI/bge-m3,portuguese,macedonian,0.93,0.9531714553595958
BAAI/bge-m3,portuguese,malayalam,0.964,0.9791484126984126
BAAI/bge-m3,portuguese,moore,0.059,0.09928264217967621
BAAI/bge-m3,portuguese,oromo,0.641,0.7121064043560698
BAAI/bge-m3,portuguese,pashto,0.881,0.913318543447059
BAAI/bge-m3,portuguese,persian,0.957,0.9714433621174681
BAAI/bge-m3,portuguese,romanian,0.965,0.9762229852670302
BAAI/bge-m3,portuguese,serbian,0.942,0.9599370718566752
BAAI/bge-m3,portuguese,spanish,0.941,0.9600248877411326
BAAI/bge-m3,portuguese,tagalog,0.897,0.9260387829558778
BAAI/bge-m3,portuguese,tajik,0.79,0.8423090988452566
BAAI/bge-m3,portuguese,tamil,0.953,0.9696555916305917
BAAI/bge-m3,portuguese,turkish,0.948,0.9655172593313368
BAAI/bge-m3,portuguese,urdu,0.933,0.9582961469417351
BAAI/bge-m3,portuguese,uyghur,0.889,0.91789814948145
BAAI/bge-m3,portuguese,uzbek,0.872,0.9062149120143151
BAAI/bge-m3,portuguese,vietnamese,0.94,0.9609511400900442
BAAI/bge-m3,portuguese,yoruba,0.421,0.5196183208974611
BAAI/bge-m3,romanian,albanian,0.961,0.9730457554239531
BAAI/bge-m3,romanian,asante,0.346,0.44303786655575916
BAAI/bge-m3,romanian,assamese,0.91,0.9375269203895787
BAAI/bge-m3,romanian,azeri,0.959,0.9729007175175275
BAAI/bge-m3,romanian,bosnian-mihanovich,0.958,0.9708316299634392
BAAI/bge-m3,romanian,bosnian-rwwad,0.956,0.969912555970348
BAAI/bge-m3,romanian,chinese,0.878,0.9143086962457685
BAAI/bge-m3,romanian,croatian,0.956,0.9695085866112626
BAAI/bge-m3,romanian,dutch,0.965,0.9789689033189034
BAAI/bge-m3,romanian,english,0.967,0.9792996118012423
BAAI/bge-m3,romanian,french,0.914,0.9398420973934997
BAAI/bge-m3,romanian,german,0.96,0.9721516564733972
BAAI/bge-m3,romanian,gujarati,0.915,0.9425498913975264
BAAI/bge-m3,romanian,hausa,0.821,0.8632073833025827
BAAI/bge-m3,romanian,indonesian,0.968,0.9804714285714285
BAAI/bge-m3,romanian,japanese,0.926,0.9505898185555895
BAAI/bge-m3,romanian,kannada,0.938,0.9617264468864468
BAAI/bge-m3,romanian,khmer,0.93,0.95302500917403
BAAI/bge-m3,romanian,kurdish,0.351,0.4429328430972398
BAAI/bge-m3,romanian,kyrgyz,0.922,0.946611554594497
BAAI/bge-m3,romanian,lingala,0.679,0.7491399173878015
BAAI/bge-m3,romanian,lithuanian,0.953,0.9676099117050121
BAAI/bge-m3,romanian,macedonian,0.951,0.9671480282151174
BAAI/bge-m3,romanian,malayalam,0.96,0.9734611406045421
BAAI/bge-m3,romanian,moore,0.064,0.1032480277486528
BAAI/bge-m3,romanian,oromo,0.633,0.7072574781657704
BAAI/bge-m3,romanian,pashto,0.859,0.9008716786956386
BAAI/bge-m3,romanian,persian,0.958,0.9721142063492064
BAAI/bge-m3,romanian,portuguese,0.963,0.975508854841696
BAAI/bge-m3,romanian,serbian,0.962,0.9750217450291644
BAAI/bge-m3,romanian,spanish,0.941,0.9609940798459212
BAAI/bge-m3,romanian,tagalog,0.889,0.922817704884839
BAAI/bge-m3,romanian,tajik,0.804,0.8596699009334486
BAAI/bge-m3,romanian,tamil,0.94,0.9626493959199841
BAAI/bge-m3,romanian,turkish,0.951,0.9708340893507353
BAAI/bge-m3,romanian,urdu,0.943,0.9621939187641503
BAAI/bge-m3,romanian,uyghur,0.896,0.9244956630118777
BAAI/bge-m3,romanian,uzbek,0.876,0.9136365512970944
BAAI/bge-m3,romanian,vietnamese,0.937,0.9597077195877541
BAAI/bge-m3,romanian,yoruba,0.429,0.5325009419634421
BAAI/bge-m3,serbian,albanian,0.953,0.9703182565189933
BAAI/bge-m3,serbian,asante,0.369,0.45684561681904406
BAAI/bge-m3,serbian,assamese,0.919,0.9457311858742463
BAAI/bge-m3,serbian,azeri,0.947,0.9643500582031652
BAAI/bge-m3,serbian,bosnian-mihanovich,0.984,0.9899499999999999
BAAI/bge-m3,serbian,bosnian-rwwad,0.989,0.9916833333333333
BAAI/bge-m3,serbian,chinese,0.888,0.9242126291264807
BAAI/bge-m3,serbian,croatian,0.988,0.9921833333333334
BAAI/bge-m3,serbian,dutch,0.946,0.965530879998138
BAAI/bge-m3,serbian,english,0.965,0.9759762751957355
BAAI/bge-m3,serbian,french,0.906,0.9334954525223188
BAAI/bge-m3,serbian,german,0.947,0.9622164640914641
BAAI/bge-m3,serbian,gujarati,0.915,0.9436962055389693
BAAI/bge-m3,serbian,hausa,0.808,0.8511913068444357
BAAI/bge-m3,serbian,indonesian,0.963,0.976493744535758
BAAI/bge-m3,serbian,japanese,0.92,0.9477660783947599
BAAI/bge-m3,serbian,kannada,0.933,0.9580485361220431
BAAI/bge-m3,serbian,khmer,0.921,0.9482945080262141
BAAI/bge-m3,serbian,kurdish,0.344,0.4396495832985152
BAAI/bge-m3,serbian,kyrgyz,0.904,0.9357037271982304
BAAI/bge-m3,serbian,lingala,0.684,0.750897169115512
BAAI/bge-m3,serbian,lithuanian,0.941,0.9615071013662659
BAAI/bge-m3,serbian,macedonian,0.978,0.9858844988344988
BAAI/bge-m3,serbian,malayalam,0.944,0.960967278135835
BAAI/bge-m3,serbian,moore,0.05,0.08931796671195727
BAAI/bge-m3,serbian,oromo,0.638,0.7079786059095473
BAAI/bge-m3,serbian,pashto,0.878,0.9124463063497383
BAAI/bge-m3,serbian,persian,0.951,0.9701881578947368
BAAI/bge-m3,serbian,portuguese,0.932,0.9523379871862538
BAAI/bge-m3,serbian,romanian,0.948,0.9641047308745723
BAAI/bge-m3,serbian,spanish,0.94,0.9584156327115018
BAAI/bge-m3,serbian,tagalog,0.868,0.9101249188916065
BAAI/bge-m3,serbian,tajik,0.784,0.8448850071603561
BAAI/bge-m3,serbian,tamil,0.945,0.964064320938789
BAAI/bge-m3,serbian,turkish,0.946,0.9636899590605473
BAAI/bge-m3,serbian,urdu,0.942,0.9600952091998415
BAAI/bge-m3,serbian,uyghur,0.887,0.9209433855565662
BAAI/bge-m3,serbian,uzbek,0.866,0.9045280164694603
BAAI/bge-m3,serbian,vietnamese,0.929,0.9533431246369478
BAAI/bge-m3,serbian,yoruba,0.429,0.5251334874949799
BAAI/bge-m3,spanish,albanian,0.938,0.9599499585659483
BAAI/bge-m3,spanish,asante,0.307,0.39355616719768044
BAAI/bge-m3,spanish,assamese,0.877,0.9109446675671439
BAAI/bge-m3,spanish,azeri,0.934,0.9555815475800248
BAAI/bge-m3,spanish,bosnian-mihanovich,0.932,0.9528593601930092
BAAI/bge-m3,spanish,bosnian-rwwad,0.925,0.94786983944592
BAAI/bge-m3,spanish,chinese,0.855,0.9001514679346713
BAAI/bge-m3,spanish,croatian,0.924,0.9488204427822405
BAAI/bge-m3,spanish,dutch,0.941,0.9624810569105692
BAAI/bge-m3,spanish,english,0.957,0.9719259990902289
BAAI/bge-m3,spanish,french,0.899,0.9294645233239588
BAAI/bge-m3,spanish,german,0.927,0.9503621312989464
BAAI/bge-m3,spanish,gujarati,0.85,0.8995858172709308
BAAI/bge-m3,spanish,hausa,0.736,0.7936878444052877
BAAI/bge-m3,spanish,indonesian,0.942,0.9619611974433904
BAAI/bge-m3,spanish,japanese,0.91,0.9436933198197194
BAAI/bge-m3,spanish,kannada,0.926,0.949032068501803
BAAI/bge-m3,spanish,khmer,0.901,0.9331271337816974
BAAI/bge-m3,spanish,kurdish,0.308,0.4003164340544054
BAAI/bge-m3,spanish,kyrgyz,0.898,0.9295551050160584
BAAI/bge-m3,spanish,lingala,0.569,0.6553912469277552
BAAI/bge-m3,spanish,lithuanian,0.919,0.9423418742982781
BAAI/bge-m3,spanish,macedonian,0.911,0.9376684846324118
BAAI/bge-m3,spanish,malayalam,0.916,0.9437332790134244
BAAI/bge-m3,spanish,moore,0.053,0.08655790731690709
BAAI/bge-m3,spanish,oromo,0.512,0.6072339400008439
BAAI/bge-m3,spanish,pashto,0.796,0.8525704124713873
BAAI/bge-m3,spanish,persian,0.951,0.9708157679738563
BAAI/bge-m3,spanish,portuguese,0.936,0.9535523776457154
BAAI/bge-m3,spanish,romanian,0.94,0.9569705239465798
BAAI/bge-m3,spanish,serbian,0.934,0.9544406520497335
BAAI/bge-m3,spanish,tagalog,0.818,0.8663937071701941
BAAI/bge-m3,spanish,tajik,0.72,0.7895291158078087
BAAI/bge-m3,spanish,tamil,0.929,0.9549818091630591
BAAI/bge-m3,spanish,turkish,0.918,0.9463462367274256
BAAI/bge-m3,spanish,urdu,0.921,0.9458454807677256
BAAI/bge-m3,spanish,uyghur,0.882,0.9131203277282811
BAAI/bge-m3,spanish,uzbek,0.816,0.8616412797096576
BAAI/bge-m3,spanish,vietnamese,0.932,0.9556961322312186
BAAI/bge-m3,spanish,yoruba,0.372,0.4749156177840324
BAAI/bge-m3,tagalog,albanian,0.887,0.9219589103211583
BAAI/bge-m3,tagalog,asante,0.36,0.45844191851853616
BAAI/bge-m3,tagalog,assamese,0.828,0.8788741795285244
BAAI/bge-m3,tagalog,azeri,0.879,0.9157899370546754
BAAI/bge-m3,tagalog,bosnian-mihanovich,0.878,0.9157030797044479
BAAI/bge-m3,tagalog,bosnian-rwwad,0.877,0.9105697922093577
BAAI/bge-m3,tagalog,chinese,0.765,0.8270669556088747
BAAI/bge-m3,tagalog,croatian,0.876,0.9114842125563055
BAAI/bge-m3,tagalog,dutch,0.874,0.9130872879671529
BAAI/bge-m3,tagalog,english,0.905,0.9326424797546722
BAAI/bge-m3,tagalog,french,0.821,0.8644390345641679
BAAI/bge-m3,tagalog,german,0.899,0.9274415975730006
BAAI/bge-m3,tagalog,gujarati,0.829,0.8741216180816834
BAAI/bge-m3,tagalog,hausa,0.775,0.8299277316521946
BAAI/bge-m3,tagalog,indonesian,0.915,0.941162173396968
BAAI/bge-m3,tagalog,japanese,0.823,0.8749702357034196
BAAI/bge-m3,tagalog,kannada,0.883,0.9168126747667338
BAAI/bge-m3,tagalog,khmer,0.861,0.9031188130322778
BAAI/bge-m3,tagalog,kurdish,0.329,0.4246707485851783
BAAI/bge-m3,tagalog,kyrgyz,0.84,0.8879226135777669
BAAI/bge-m3,tagalog,lingala,0.662,0.7354511275045232
BAAI/bge-m3,tagalog,lithuanian,0.878,0.9155073801751848
BAAI/bge-m3,tagalog,macedonian,0.87,0.9060165675270558
BAAI/bge-m3,tagalog,malayalam,0.882,0.9211194788496172
BAAI/bge-m3,tagalog,moore,0.069,0.11278609306797346
BAAI/bge-m3,tagalog,oromo,0.63,0.7110229163771484
BAAI/bge-m3,tagalog,pashto,0.784,0.8458182325585135
BAAI/bge-m3,tagalog,persian,0.877,0.9166794938154087
BAAI/bge-m3,tagalog,portuguese,0.895,0.9259271284340739
BAAI/bge-m3,tagalog,romanian,0.89,0.9211383366957625
BAAI/bge-m3,tagalog,serbian,0.887,0.9187057711015283
BAAI/bge-m3,tagalog,spanish,0.829,0.8762645855639546
BAAI/bge-m3,tagalog,tajik,0.738,0.8038163867471488
BAAI/bge-m3,tagalog,tamil,0.878,0.9152280692390415
BAAI/bge-m3,tagalog,turkish,0.859,0.9044460975364186
BAAI/bge-m3,tagalog,urdu,0.866,0.9082901049536638
BAAI/bge-m3,tagalog,uyghur,0.799,0.8521814623778458
BAAI/bge-m3,tagalog,uzbek,0.821,0.872102248150906
BAAI/bge-m3,tagalog,vietnamese,0.833,0.886936582131967
BAAI/bge-m3,tagalog,yoruba,0.454,0.556577474206701
BAAI/bge-m3,tajik,albanian,0.772,0.8309818859816815
BAAI/bge-m3,tajik,asante,0.317,0.4126185477668363
BAAI/bge-m3,tajik,assamese,0.751,0.8183532242326247
BAAI/bge-m3,tajik,azeri,0.828,0.8736716901998002
BAAI/bge-m3,tajik,bosnian-mihanovich,0.767,0.8316723629502314
BAAI/bge-m3,tajik,bosnian-rwwad,0.767,0.8320307727971946
BAAI/bge-m3,tajik,chinese,0.546,0.6389834326496893
BAAI/bge-m3,tajik,croatian,0.77,0.8331040686652476
BAAI/bge-m3,tajik,dutch,0.771,0.8352383970835514
BAAI/bge-m3,tajik,english,0.786,0.8399633098165725
BAAI/bge-m3,tajik,french,0.666,0.7466193211755895
BAAI/bge-m3,tajik,german,0.76,0.8279211287865613
BAAI/bge-m3,tajik,gujarati,0.762,0.8233715098620666
BAAI/bge-m3,tajik,hausa,0.699,0.7653904147112954
BAAI/bge-m3,tajik,indonesian,0.809,0.8708695732024607
BAAI/bge-m3,tajik,japanese,0.708,0.7863961879230282
BAAI/bge-m3,tajik,kannada,0.746,0.8138589052643165
BAAI/bge-m3,tajik,khmer,0.722,0.7931293880713174
BAAI/bge-m3,tajik,kurdish,0.376,0.4721828753685711
BAAI/bge-m3,tajik,kyrgyz,0.766,0.8284951954002552
BAAI/bge-m3,tajik,lingala,0.555,0.6407993511633341
BAAI/bge-m3,tajik,lithuanian,0.768,0.829953553597849
BAAI/bge-m3,tajik,macedonian,0.734,0.8017834853200348
BAAI/bge-m3,tajik,malayalam,0.794,0.8501165478313103
BAAI/bge-m3,tajik,moore,0.06,0.10419199701758507
BAAI/bge-m3,tajik,oromo,0.535,0.6232474827796791
BAAI/bge-m3,tajik,pashto,0.732,0.7984156002342422
BAAI/bge-m3,tajik,persian,0.966,0.9773912698412698
BAAI/bge-m3,tajik,portuguese,0.758,0.8173654828286135
BAAI/bge-m3,tajik,romanian,0.782,0.8377356675224998
BAAI/bge-m3,tajik,serbian,0.776,0.8379446517438501
BAAI/bge-m3,tajik,spanish,0.727,0.79428782756377
BAAI/bge-m3,tajik,tagalog,0.709,0.7798708771172591
BAAI/bge-m3,tajik,tamil,0.791,0.8535076740865059
BAAI/bge-m3,tajik,turkish,0.791,0.8481671232078388
BAAI/bge-m3,tajik,urdu,0.797,0.8529787201586887
BAAI/bge-m3,tajik,uyghur,0.76,0.8229896582560892
BAAI/bge-m3,tajik,uzbek,0.815,0.8619173630100642
BAAI/bge-m3,tajik,vietnamese,0.699,0.7761537574229792
BAAI/bge-m3,tajik,yoruba,0.357,0.45785174243424503
BAAI/bge-m3,tamil,albanian,0.919,0.9445920030423632
BAAI/bge-m3,tamil,asante,0.314,0.4081157494353421
BAAI/bge-m3,tamil,assamese,0.894,0.9241830205927293
BAAI/bge-m3,tamil,azeri,0.954,0.9699604095723762
BAAI/bge-m3,tamil,bosnian-mihanovich,0.926,0.9508334771657289
BAAI/bge-m3,tamil,bosnian-rwwad,0.918,0.9447347075848751
BAAI/bge-m3,tamil,chinese,0.857,0.9009930926288948
BAAI/bge-m3,tamil,croatian,0.919,0.9448172113919495
BAAI/bge-m3,tamil,dutch,0.942,0.9620714140738739
BAAI/bge-m3,tamil,english,0.942,0.9611976235829461
BAAI/bge-m3,tamil,french,0.861,0.8994384580157628
BAAI/bge-m3,tamil,german,0.932,0.9508159274156439
BAAI/bge-m3,tamil,gujarati,0.906,0.9361449399088911
BAAI/bge-m3,tamil,hausa,0.787,0.8370627540937631
BAAI/bge-m3,tamil,indonesian,0.945,0.966147305764411
BAAI/bge-m3,tamil,japanese,0.918,0.94869243657233
BAAI/bge-m3,tamil,kannada,0.946,0.966996748031946
BAAI/bge-m3,tamil,khmer,0.913,0.9439177442300685
BAAI/bge-m3,tamil,kurdish,0.325,0.4146324410083026
BAAI/bge-m3,tamil,kyrgyz,0.905,0.937727953919052
BAAI/bge-m3,tamil,lingala,0.621,0.6993649357144117
BAAI/bge-m3,tamil,lithuanian,0.915,0.9437323562497761
BAAI/bge-m3,tamil,macedonian,0.912,0.9382743821010263
BAAI/bge-m3,tamil,malayalam,0.956,0.9727405122655123
BAAI/bge-m3,tamil,moore,0.048,0.08177456880208829
BAAI/bge-m3,tamil,oromo,0.639,0.708397235345974
BAAI/bge-m3,tamil,pashto,0.843,0.8871562197062103
BAAI/bge-m3,tamil,persian,0.95,0.9696754689754689
BAAI/bge-m3,tamil,portuguese,0.92,0.9439098529481369
BAAI/bge-m3,tamil,romanian,0.935,0.9549862504001937
BAAI/bge-m3,tamil,serbian,0.929,0.951562028876696
BAAI/bge-m3,tamil,spanish,0.911,0.9405996943864487
BAAI/bge-m3,tamil,tagalog,0.856,0.8942296464518945
BAAI/bge-m3,tamil,tajik,0.744,0.8134841916558105
BAAI/bge-m3,tamil,turkish,0.937,0.9587604191226076
BAAI/bge-m3,tamil,urdu,0.93,0.9535014466231639
BAAI/bge-m3,tamil,uyghur,0.895,0.9271217236964023
BAAI/bge-m3,tamil,uzbek,0.862,0.8986075182425373
BAAI/bge-m3,tamil,vietnamese,0.914,0.945360645913307
BAAI/bge-m3,tamil,yoruba,0.426,0.5256084700077333
BAAI/bge-m3,turkish,albanian,0.941,0.9600890247170997
BAAI/bge-m3,turkish,asante,0.299,0.3878441150539279
BAAI/bge-m3,turkish,assamese,0.904,0.9336060181153926
BAAI/bge-m3,turkish,azeri,0.967,0.9787062893081762
BAAI/bge-m3,turkish,bosnian-mihanovich,0.932,0.9556551811670387
BAAI/bge-m3,turkish,bosnian-rwwad,0.928,0.9532737279796663
BAAI/bge-m3,turkish,chinese,0.875,0.9116830884193936
BAAI/bge-m3,turkish,croatian,0.928,0.9524838584978551
BAAI/bge-m3,turkish,dutch,0.945,0.963000203788088
BAAI/bge-m3,turkish,english,0.941,0.9622021835581952
BAAI/bge-m3,turkish,french,0.876,0.9138120368072825
BAAI/bge-m3,turkish,german,0.934,0.9534438692113166
BAAI/bge-m3,turkish,gujarati,0.914,0.9420673862886908
BAAI/bge-m3,turkish,hausa,0.792,0.8381318368511941
BAAI/bge-m3,turkish,indonesian,0.961,0.9759828125000001
BAAI/bge-m3,turkish,japanese,0.923,0.9490154754665624
BAAI/bge-m3,turkish,kannada,0.948,0.9682870542156257
BAAI/bge-m3,turkish,khmer,0.909,0.9390713008683308
BAAI/bge-m3,turkish,kurdish,0.327,0.42719931961154695
BAAI/bge-m3,turkish,kyrgyz,0.938,0.959166623771748
BAAI/bge-m3,turkish,lingala,0.605,0.6888423480715807
BAAI/bge-m3,turkish,lithuanian,0.917,0.9437557086924847
BAAI/bge-m3,turkish,macedonian,0.924,0.948568165136973
BAAI/bge-m3,turkish,malayalam,0.946,0.9667834681061304
BAAI/bge-m3,turkish,moore,0.06,0.09810779813234435
BAAI/bge-m3,turkish,oromo,0.602,0.6846386649447268
BAAI/bge-m3,turkish,pashto,0.867,0.9038891417093462
BAAI/bge-m3,turkish,persian,0.952,0.9704221611721612
BAAI/bge-m3,turkish,portuguese,0.93,0.9535700063988299
BAAI/bge-m3,turkish,romanian,0.942,0.9611012939733103
BAAI/bge-m3,turkish,serbian,0.938,0.9602465377742656
BAAI/bge-m3,turkish,spanish,0.913,0.942014349597832
BAAI/bge-m3,turkish,tagalog,0.836,0.8789511175864257
BAAI/bge-m3,turkish,tajik,0.779,0.8365503066840941
BAAI/bge-m3,turkish,tamil,0.949,0.9675613742902566
BAAI/bge-m3,turkish,urdu,0.949,0.9657820722986165
BAAI/bge-m3,turkish,uyghur,0.915,0.9387473299683603
BAAI/bge-m3,turkish,uzbek,0.908,0.9364416576936954
BAAI/bge-m3,turkish,vietnamese,0.944,0.9633987654606533
BAAI/bge-m3,turkish,yoruba,0.392,0.49242627608640577
BAAI/bge-m3,urdu,albanian,0.94,0.9606258545251658
BAAI/bge-m3,urdu,asante,0.318,0.41406507896299527
BAAI/bge-m3,urdu,assamese,0.923,0.9485855497990578
BAAI/bge-m3,urdu,azeri,0.949,0.9640498270637713
BAAI/bge-m3,urdu,bosnian-mihanovich,0.927,0.9500546683117267
BAAI/bge-m3,urdu,bosnian-rwwad,0.935,0.9528336468458003
BAAI/bge-m3,urdu,chinese,0.872,0.9092014300665826
BAAI/bge-m3,urdu,croatian,0.929,0.9502130409939347
BAAI/bge-m3,urdu,dutch,0.929,0.9529208252194664
BAAI/bge-m3,urdu,english,0.945,0.9621615058135761
BAAI/bge-m3,urdu,french,0.867,0.9069716328864615
BAAI/bge-m3,urdu,german,0.938,0.955881843717673
BAAI/bge-m3,urdu,gujarati,0.97,0.9802202380952381
BAAI/bge-m3,urdu,hausa,0.784,0.8338478334706858
BAAI/bge-m3,urdu,indonesian,0.954,0.9685628573673709
BAAI/bge-m3,urdu,japanese,0.911,0.9410042954199159
BAAI/bge-m3,urdu,kannada,0.958,0.9742512735172564
BAAI/bge-m3,urdu,khmer,0.916,0.9417774773498317
BAAI/bge-m3,urdu,kurdish,0.37,0.46456862015786055
BAAI/bge-m3,urdu,kyrgyz,0.913,0.9414634150400215
BAAI/bge-m3,urdu,lingala,0.623,0.7059732239019489
BAAI/bge-m3,urdu,lithuanian,0.913,0.9405988193729161
BAAI/bge-m3,urdu,macedonian,0.935,0.9539842135763158
BAAI/bge-m3,urdu,malayalam,0.945,0.9644992225095166
BAAI/bge-m3,urdu,moore,0.044,0.07999820741533384
BAAI/bge-m3,urdu,oromo,0.614,0.6938683314605048
BAAI/bge-m3,urdu,pashto,0.911,0.9375258460672499
BAAI/bge-m3,urdu,persian,0.953,0.9703920678335914
BAAI/bge-m3,urdu,portuguese,0.914,0.941676024528454
BAAI/bge-m3,urdu,romanian,0.921,0.9461151705173706
BAAI/bge-m3,urdu,serbian,0.939,0.9570580677114665
BAAI/bge-m3,urdu,spanish,0.919,0.9457647303035368
BAAI/bge-m3,urdu,tagalog,0.849,0.8923570468062356
BAAI/bge-m3,urdu,tajik,0.782,0.8430835970244052
BAAI/bge-m3,urdu,tamil,0.945,0.9640770924349201
BAAI/bge-m3,urdu,turkish,0.941,0.9620360274091422
BAAI/bge-m3,urdu,uyghur,0.887,0.9168244718674636
BAAI/bge-m3,urdu,uzbek,0.876,0.9106044929627022
BAAI/bge-m3,urdu,vietnamese,0.919,0.9480561837782018
BAAI/bge-m3,urdu,yoruba,0.364,0.4688605715089678
BAAI/bge-m3,uyghur,albanian,0.879,0.9112919380980179
BAAI/bge-m3,uyghur,asante,0.287,0.3780596684053915
BAAI/bge-m3,uyghur,assamese,0.846,0.8822416338896364
BAAI/bge-m3,uyghur,azeri,0.906,0.9304965593532558
BAAI/bge-m3,uyghur,bosnian-mihanovich,0.861,0.8950318004802574
BAAI/bge-m3,uyghur,bosnian-rwwad,0.864,0.8952313429476224
BAAI/bge-m3,uyghur,chinese,0.782,0.8401786988029674
BAAI/bge-m3,uyghur,croatian,0.859,0.8936744745121117
BAAI/bge-m3,uyghur,dutch,0.866,0.9005371169528048
BAAI/bge-m3,uyghur,english,0.874,0.9038049300906434
BAAI/bge-m3,uyghur,french,0.908,0.9300279943070714
BAAI/bge-m3,uyghur,german,0.854,0.8885869933721576
BAAI/bge-m3,uyghur,gujarati,0.918,0.9384114010525597
BAAI/bge-m3,uyghur,hausa,0.725,0.7793824787737991
BAAI/bge-m3,uyghur,indonesian,0.902,0.9247746026410636
BAAI/bge-m3,uyghur,japanese,0.851,0.8925635927792526
BAAI/bge-m3,uyghur,kannada,0.885,0.9140531794234861
BAAI/bge-m3,uyghur,khmer,0.865,0.8980905776785524
BAAI/bge-m3,uyghur,kurdish,0.33,0.4201196088170581
BAAI/bge-m3,uyghur,kyrgyz,0.891,0.9166133455517611
BAAI/bge-m3,uyghur,lingala,0.552,0.6308093481954379
BAAI/bge-m3,uyghur,lithuanian,0.933,0.9524716581604925
BAAI/bge-m3,uyghur,macedonian,0.924,0.9450481856368073
BAAI/bge-m3,uyghur,malayalam,0.875,0.9071023278565504
BAAI/bge-m3,uyghur,moore,0.049,0.08470908888200965
BAAI/bge-m3,uyghur,oromo,0.556,0.6326371237553702
BAAI/bge-m3,uyghur,pashto,0.782,0.8325420252246997
BAAI/bge-m3,uyghur,persian,0.908,0.9352723670343459
BAAI/bge-m3,uyghur,portuguese,0.849,0.883171021013469
BAAI/bge-m3,uyghur,romanian,0.873,0.8999995380630129
BAAI/bge-m3,uyghur,serbian,0.868,0.9009901111638868
BAAI/bge-m3,uyghur,spanish,0.876,0.9053399855241915
BAAI/bge-m3,uyghur,tagalog,0.772,0.823091567839599
BAAI/bge-m3,uyghur,tajik,0.734,0.7946520246284499
BAAI/bge-m3,uyghur,tamil,0.904,0.9299809423510864
BAAI/bge-m3,uyghur,turkish,0.897,0.9271376671651705
BAAI/bge-m3,uyghur,urdu,0.887,0.9127997916552897
BAAI/bge-m3,uyghur,uzbek,0.85,0.8817060089894982
BAAI/bge-m3,uyghur,vietnamese,0.882,0.9102814728879588
BAAI/bge-m3,uyghur,yoruba,0.337,0.44184366261325453
BAAI/bge-m3,uzbek,albanian,0.869,0.9076845340115739
BAAI/bge-m3,uzbek,asante,0.319,0.4099420558919178
BAAI/bge-m3,uzbek,assamese,0.837,0.8813195304510737
BAAI/bge-m3,uzbek,azeri,0.911,0.9368454488083764
BAAI/bge-m3,uzbek,bosnian-mihanovich,0.885,0.9146257054073872
BAAI/bge-m3,uzbek,bosnian-rwwad,0.88,0.9121131611478451
BAAI/bge-m3,uzbek,chinese,0.749,0.8130720771978457
BAAI/bge-m3,uzbek,croatian,0.88,0.9109247566590013
BAAI/bge-m3,uzbek,dutch,0.861,0.8984849799084709
BAAI/bge-m3,uzbek,english,0.871,0.9038137113280099
BAAI/bge-m3,uzbek,french,0.782,0.8344079353130589
BAAI/bge-m3,uzbek,german,0.872,0.9080916059529256
BAAI/bge-m3,uzbek,gujarati,0.841,0.8867666580763862
BAAI/bge-m3,uzbek,hausa,0.796,0.8440641251246868
BAAI/bge-m3,uzbek,indonesian,0.888,0.9183922764346912
BAAI/bge-m3,uzbek,japanese,0.831,0.881235856877733
BAAI/bge-m3,uzbek,kannada,0.884,0.9180064292754889
BAAI/bge-m3,uzbek,khmer,0.825,0.8712841794868699
BAAI/bge-m3,uzbek,kurdish,0.341,0.43056508861578197
BAAI/bge-m3,uzbek,kyrgyz,0.901,0.9289028036178354
BAAI/bge-m3,uzbek,lingala,0.602,0.6871097758142216
BAAI/bge-m3,uzbek,lithuanian,0.84,0.8838104632740736
BAAI/bge-m3,uzbek,macedonian,0.866,0.8993580679996162
BAAI/bge-m3,uzbek,malayalam,0.884,0.9176078812114188
BAAI/bge-m3,uzbek,moore,0.06,0.10416234233899024
BAAI/bge-m3,uzbek,oromo,0.625,0.6996464753525443
BAAI/bge-m3,uzbek,pashto,0.817,0.8602064191418783
BAAI/bge-m3,uzbek,persian,0.887,0.9204392372670409
BAAI/bge-m3,uzbek,portuguese,0.855,0.8953032370356673
BAAI/bge-m3,uzbek,romanian,0.879,0.9099441188691436
BAAI/bge-m3,uzbek,serbian,0.869,0.9046956236121002
BAAI/bge-m3,uzbek,spanish,0.814,0.8620929042542956
BAAI/bge-m3,uzbek,tagalog,0.799,0.8541209117478139
BAAI/bge-m3,uzbek,tajik,0.81,0.8580152382863024
BAAI/bge-m3,uzbek,tamil,0.881,0.9147975109949145
BAAI/bge-m3,uzbek,turkish,0.911,0.9371825092495578
BAAI/bge-m3,uzbek,urdu,0.891,0.9226162368214055
BAAI/bge-m3,uzbek,uyghur,0.872,0.9015015941412018
BAAI/bge-m3,uzbek,vietnamese,0.842,0.886478006538589
BAAI/bge-m3,uzbek,yoruba,0.373,0.48036688388318843
BAAI/bge-m3,vietnamese,albanian,0.936,0.9572819427806015
BAAI/bge-m3,vietnamese,asante,0.31,0.39582047930678516
BAAI/bge-m3,vietnamese,assamese,0.886,0.9199154545064712
BAAI/bge-m3,vietnamese,azeri,0.933,0.9572708136276956
BAAI/bge-m3,vietnamese,bosnian-mihanovich,0.926,0.9482500240610202
BAAI/bge-m3,vietnamese,bosnian-rwwad,0.932,0.9520790403960783
BAAI/bge-m3,vietnamese,chinese,0.892,0.925131657384621
BAAI/bge-m3,vietnamese,croatian,0.929,0.9508160178394558
BAAI/bge-m3,vietnamese,dutch,0.941,0.962953210992717
BAAI/bge-m3,vietnamese,english,0.952,0.9690246855597613
BAAI/bge-m3,vietnamese,french,0.883,0.9170894273475162
BAAI/bge-m3,vietnamese,german,0.931,0.9538644302464957
BAAI/bge-m3,vietnamese,gujarati,0.898,0.9319157252227389
BAAI/bge-m3,vietnamese,hausa,0.759,0.8134322168101156
BAAI/bge-m3,vietnamese,indonesian,0.957,0.9723814641979027
BAAI/bge-m3,vietnamese,japanese,0.922,0.9500096202740486
BAAI/bge-m3,vietnamese,kannada,0.938,0.9597139344890003
BAAI/bge-m3,vietnamese,khmer,0.922,0.9489256517770325
BAAI/bge-m3,vietnamese,kurdish,0.299,0.3934799622321939
BAAI/bge-m3,vietnamese,kyrgyz,0.905,0.9350759464037267
BAAI/bge-m3,vietnamese,lingala,0.579,0.6615253823239725
BAAI/bge-m3,vietnamese,lithuanian,0.914,0.9416867533795974
BAAI/bge-m3,vietnamese,macedonian,0.916,0.9417684719461457
BAAI/bge-m3,vietnamese,malayalam,0.937,0.9582754739417689
BAAI/bge-m3,vietnamese,moore,0.05,0.08561935600611814
BAAI/bge-m3,vietnamese,oromo,0.524,0.6108618221542153
BAAI/bge-m3,vietnamese,pashto,0.82,0.8641177012049189
BAAI/bge-m3,vietnamese,persian,0.948,0.9677565007456312
BAAI/bge-m3,vietnamese,portuguese,0.918,0.9464167744984493
BAAI/bge-m3,vietnamese,romanian,0.938,0.9578211000908582
BAAI/bge-m3,vietnamese,serbian,0.934,0.9549732479509824
BAAI/bge-m3,vietnamese,spanish,0.931,0.9558076963473296
BAAI/bge-m3,vietnamese,tagalog,0.833,0.8781558693124938
BAAI/bge-m3,vietnamese,tajik,0.699,0.7765898984867435
BAAI/bge-m3,vietnamese,tamil,0.927,0.9533552475955418
BAAI/bge-m3,vietnamese,turkish,0.935,0.9575516584051116
BAAI/bge-m3,vietnamese,urdu,0.931,0.9553246875433169
BAAI/bge-m3,vietnamese,uyghur,0.898,0.9261212549079272
BAAI/bge-m3,vietnamese,uzbek,0.839,0.8817840481268652
BAAI/bge-m3,vietnamese,yoruba,0.397,0.5007432494906785
BAAI/bge-m3,yoruba,albanian,0.412,0.5203025157985435
BAAI/bge-m3,yoruba,asante,0.245,0.34006562968265663
BAAI/bge-m3,yoruba,assamese,0.374,0.48367358503866
BAAI/bge-m3,yoruba,azeri,0.423,0.5309460691268086
BAAI/bge-m3,yoruba,bosnian-mihanovich,0.414,0.5210736104338737
BAAI/bge-m3,yoruba,bosnian-rwwad,0.415,0.5188313553961804
BAAI/bge-m3,yoruba,chinese,0.277,0.3750025870661263
BAAI/bge-m3,yoruba,croatian,0.41,0.5144582403913879
BAAI/bge-m3,yoruba,dutch,0.423,0.5296857781419837
BAAI/bge-m3,yoruba,english,0.435,0.5439904557229306
BAAI/bge-m3,yoruba,french,0.351,0.45339640039088475
BAAI/bge-m3,yoruba,german,0.434,0.5379148276268361
BAAI/bge-m3,yoruba,gujarati,0.37,0.4711336867622116
BAAI/bge-m3,yoruba,hausa,0.409,0.5171348744089423
BAAI/bge-m3,yoruba,indonesian,0.471,0.5733711200975578
BAAI/bge-m3,yoruba,japanese,0.35,0.46545982822900933
BAAI/bge-m3,yoruba,kannada,0.422,0.5257315048574541
BAAI/bge-m3,yoruba,khmer,0.395,0.5011694974357507
BAAI/bge-m3,yoruba,kurdish,0.141,0.21559665609579612
BAAI/bge-m3,yoruba,kyrgyz,0.365,0.46997942721117103
BAAI/bge-m3,yoruba,lingala,0.313,0.422678479069314
BAAI/bge-m3,yoruba,lithuanian,0.411,0.518348120744521
BAAI/bge-m3,yoruba,macedonian,0.415,0.5126117283073843
BAAI/bge-m3,yoruba,malayalam,0.456,0.5594794516582036
BAAI/bge-m3,yoruba,moore,0.059,0.10337647742974505
BAAI/bge-m3,yoruba,oromo,0.326,0.42678694548942947
BAAI/bge-m3,yoruba,pashto,0.356,0.4614831601111757
BAAI/bge-m3,yoruba,persian,0.424,0.533747860062172
BAAI/bge-m3,yoruba,portuguese,0.402,0.5198171747168762
BAAI/bge-m3,yoruba,romanian,0.427,0.5344400355289005
BAAI/bge-m3,yoruba,serbian,0.408,0.5127238593746183
BAAI/bge-m3,yoruba,spanish,0.379,0.48567988937285106
BAAI/bge-m3,yoruba,tagalog,0.442,0.5545619078057394
BAAI/bge-m3,yoruba,tajik,0.334,0.4450740702709826
BAAI/bge-m3,yoruba,tamil,0.473,0.5767458210526349
BAAI/bge-m3,yoruba,turkish,0.394,0.5034315600706942
BAAI/bge-m3,yoruba,urdu,0.392,0.5040254401754025
BAAI/bge-m3,yoruba,uyghur,0.371,0.47906166914939896
BAAI/bge-m3,yoruba,uzbek,0.377,0.484593479340647
BAAI/bge-m3,yoruba,vietnamese,0.398,0.5049190525658789
